path,bytes,sha256
results/research_next/native_expanded_reverse/run01/completion.json,316,714f4a3fa85ef0b33f068e221595be51b63bdebca0f301d86aedeace66540294
results/research_next/native_expanded_reverse/run01/containment_premises.json,229,98e4c00cb9d743e7644ab50f601bd19e94892d2e361dfc83656b444eef652917
results/research_next/native_expanded_reverse/run01/lifted_rational_point.json,455270,ed528de491caabcbefc4897e8c4db859e945a6f39fd719b231b1954175a3bf02
results/research_next/native_expanded_reverse/run01/native_lower_certificate.json,747909,70d380a6ed2042a459367842166b4561f4dbd0c39904ab7d9cb3b358fedf7944
results/research_next/native_expanded_reverse/run01/native_point_check.json,721,50c7ecf402e160bd49fb4a22d93b83d6462fe1f0f234feea71eb3375758a1a3b
results/research_next/native_expanded_reverse/run01/result.json,3191,c0e81da4ca275b185820e8616cc3d81c995f666d977ee1e62199a846ed8ce23f
results/research_next/native_expanded_reverse/run01/signed_difference.json,1787,ac80cf61d3912985fb480e0bf847053cfffe4891270d52d0d0db54d12eae9663
results/research_next/native_expanded_reverse/run01/started.json,254,55091f9687992492c2745193b9c0b1cf50fca36ae04954418466d788074ab524
results/research_next/native_expanded_reverse/PRODUCER_READOUT.md,4940,6d4d52c522ecd21c263e2fe8a38e668711da3cdb56e5617b6bc0332603614c5e
