bmUnit,name_acquisition_date_registry,fuelType_acquisition_date_registry,bmUnitType,productionOrConsumptionFlag
T_ABRBO-1,ABRBO-1,WIND,T,P
T_ACHRW-1,AChruach Wind Farm,WIND,T,P
T_AFTOW-1,Afton Wind Farm,WIND,T,P
T_AKGLW-2,AIKENGALL II,WIND,T,P
T_AKGLW-3,AIKENGALL2A-W,WIND,T,P
T_ANSUW-1,An Suidhe 1,WIND,T,P
T_ARCHW-1,Arecleoch,WIND,T,P
T_BAGE-1,BAGE-1,CCGT,T,P
T_BAGE-2,BAGE-2,CCGT,T,P
T_BAGED-1,Baglan Energy Park,,T,P
T_BDCHW-1,Bad a Cheo Wind Farm,WIND,T,P
T_BEATO-1,Beatrice Offshore WF 1,WIND,T,P
T_BEATO-2,Beatrice Offshore WF 2,WIND,T,P
T_BEATO-3,Beatrice Offshore WF 3,WIND,T,P
T_BEATO-4,Beatrice Offshore WF 4,WIND,T,P
T_BEINW-1,Beinneun Wind farm,WIND,T,P
T_BENBW-1,Benbrack WF,WIND,T,P
T_BHLAW-1,Bhlaraidh Windfarm 1,WIND,T,P
T_BLKWW-1,Blackcraig Windfarm,WIND,T,P
T_BLLA-1,T_BLLA-1,WIND,T,P
T_BLLA-2,Black Law Windfarm Extension,WIND,T,P
T_BLPFS-1,Bulphan Fen Warley Green Solar,,T,P
T_BOWLW-1,Barrow Offshore Wind,WIND,T,P
T_BPGRD-1,T_BPGRD-1,,T,P
T_BRBEO-1,BURBO_EXTENSION,WIND,T,P
T_CAPNB-1,Capenhurst,,T,P
T_CARR-1,Carrington Power Ltd - Unit 1,CCGT,T,P
T_CARR-2,Carrington Power Ltd - Unit 2,CCGT,T,P
T_CASKD-1,Castner Kellner,,T,P
T_CDCL-1,T_CDCL-1,CCGT,T,P
T_CGTHW-1,Corriegarth WF,WIND,T,P
T_CLDCW-1,Clyde Central,WIND,T,P
T_CLDNW-1,Clyde North,WIND,T,P
T_CLDSW-1,Clyde South,WIND,T,P
T_CLVHS-1,Cleve Hill Solar 1,OTHER,T,P
T_CLVHS-2,Cleve Hill Solar 2,OTHER,T,P
T_CNQPS-1,T_CNQPS-1,CCGT,T,P
T_CNQPS-2,T_CNQPS-2,CCGT,T,P
T_CNQPS-3,T_CNQPS-3,CCGT,T,P
T_CNQPS-4,T_CNQPS-4,CCGT,T,P
T_COALB-1,COALBURN1 BMU-1,OTHER,T,P
T_COALB-2,COALBURN1 BMU-2,OTHER,T,P
T_COALB-3,COALBURN1 BMU-3,OTHER,T,P
T_COALB-4,COALBURN1 BMU-4,OTHER,T,P
T_COALB-5,COALBURN1 BMU-5,OTHER,T,P
T_COSO-1,Coryton Power Station,CCGT,T,P
T_COUWW-1,Cour Wind Farm,WIND,T,P
T_CREAW-1,Creag Riabhach Wind Farm,WIND,T,P
T_CRGHD-1,Carraig Gheal Wind Farm,,T,P
T_CRGHW-1,Carraig Gheal Wind Farm,WIND,T,P
T_CRYRW-2,Crystal Rig II Windfarm,WIND,T,P
T_CRYRW-3,Crystal Rig III,WIND,T,P
T_CRYRW-4,Crystal Rig IV Wind Farm,WIND,T,P
T_CUMHW-2,T_CUMHW-2,WIND,T,P
T_DALQW-1,Dalquhandy  Wind Farm,WIND,T,P
T_DAMC-1,Damhead Creek Ltd.,CCGT,T,P
T_DBAWO-1,Dogger Bank A Offshore WF 1,WIND,T,P
T_DBAWO-2,Dogger Bank A Offshore WF 2,WIND,T,P
T_DBAWO-3,Dogger Bank A Offshore WF 3,WIND,T,P
T_DBAWO-4,Dogger Bank A Offshore WF 4,WIND,T,P
T_DBAWO-5,Dogger Bank A Offshore WF 5,WIND,T,P
T_DBBWO-1,Dogger Bank B Offshore WF 1,WIND,T,P
T_DBBWO-2,Dogger Bank B Offshore WF 2,WIND,T,P
T_DBBWO-3,Dogger Bank B Offshore WF 3,WIND,T,P
T_DBBWO-4,Dogger Bank B Offshore WF 4,WIND,T,P
T_DBBWO-5,Dogger Bank B Offshore WF 5,WIND,T,P
T_DDGNO-1,Dudgeon Generator BMU 1,WIND,T,P
T_DDGNO-2,Dudgeon Generator BMU 2,WIND,T,P
T_DDGNO-3,Dudgeon Generator BMU 3,WIND,T,P
T_DDGNO-4,Dudgeon Generator BMU 4,WIND,T,P
T_DEPKG-1,Deeside Peakers,,T,P
T_DIDCB5,Didcot B main unit 5,CCGT,T,P
T_DIDCB6,Didcot B main unit 6,CCGT,T,P
T_DINO-1,Dinorwig 1,PS,T,P
T_DINO-2,Dinorwig 2,PS,T,P
T_DINO-3,Dinorwig 3,PS,T,P
T_DINO-4,Dinorwig 4,PS,T,P
T_DINO-5,Dinorwig 5,PS,T,P
T_DINO-6,Dinorwig 6,PS,T,P
T_DNLWW-1,Dunlaw Extension,WIND,T,P
T_DOREW-1,Dorenell Wind Farm One,WIND,T,P
T_DOREW-2,Dorenell Wind Farm Two,WIND,T,P
T_DOUGW-1,T-DOUGW-1,WIND,T,P
T_DRAXX-1,T_DRAXX-1,BIOMASS,T,P
T_DRAXX-10G,T_DRAXX-10G,OCGT,T,P
T_DRAXX-12G,T_DRAXX-12G,OCGT,T,P
T_DRAXX-2,T_DRAXX-2,BIOMASS,T,P
T_DRAXX-3,T_DRAXX-3,BIOMASS,T,P
T_DRAXX-4,T_DRAXX-4,BIOMASS,T,P
T_DRAXX-5,T_DRAXX-5,COAL,T,P
T_DRAXX-6,T_DRAXX-6,COAL,T,P
T_DRAXX-9G,T_DRAXX-9G,OCGT,T,P
T_DRSLW-1,Dersalloch Windfarm,WIND,T,P
T_DUNGW-1,Dunmglass Windfarm 1,WIND,T,P
T_DWEXW-1,Douglas West Extension,WIND,T,P
T_EAAO-1,East Anglia One Offshore 1,WIND,T,P
T_EAAO-2,East Anglia One Offshore 2,WIND,T,P
T_EDINW-1,Edinbane Windfarm,WIND,T,P
T_EECL-1,Enfield Energy Centre Ltd BMU1,CCGT,T,P
T_ENDRB-1,Enderby BESS,OTHER,T,P
T_ENHLW-1,Enoch Hill Wind Farm,WIND,T,P
T_ERRO-1,Errochty G1,NPSHYD,T,P
T_ERRO-2,Errochty G2,NPSHYD,T,P
T_ERRO-3,Errochty G3,NPSHYD,T,P
T_EWHLW-1,Ewe Hill II Windfarm,WIND,T,P
T_FALGW-1,Fallago Rig Wind Farm,WIND,T,P
T_FASN-1,Fasnakyle G1,NPSHYD,T,P
T_FASN-2,Fasnakyle  G2,NPSHYD,T,P
T_FERRB-1,Ferrybridge BESS BMU-1,OTHER,T,P
T_FERRB-2,Ferrybridge BESS BMU-2,OTHER,T,P
T_FFES-1,Ffestioniog 1,PS,T,P
T_FFES-2,Ffestioniog 2,PS,T,P
T_FFES-3,Ffestioniog 3,PS,T,P
T_FFES-4,Ffestioniog 4,PS,T,P
T_FINL-1,Finlarig,NPSHYD,T,P
T_FOYE-1,Foyers G1,PS,T,P
T_FOYE-2,Foyers G2,PS,T,P
T_FOYED-1,Foyers Stn Txs,,T,P
T_FSDLW-1,Freasdail Wind Farm,WIND,T,P
T_GANW-11,Galloper OSP 11,WIND,T,P
T_GANW-22,Galloper OSP 22,WIND,T,P
T_GANW-13,Galloper OSP 13,WIND,T,P
T_GANW-24,Galloper OSP 24,WIND,T,P
T_GLNDO-1,Glendoe Generator 1,NPSHYD,T,P
T_GLWSW-1,Galawhistle Wind Farm,WIND,T,P
T_GNAPW-1,Glen App Windfarm,WIND,T,P
T_GNFSW-1,Gunfleet Sands 1,WIND,T,P
T_GNFSW-2,Gunfleet Sands 2,WIND,T,P
T_GORDW-1,Gordon Bush,WIND,T,P
T_GORDW-2,Gordonbush WF Extension,WIND,T,P
T_GRAI-6,T_GRAI-6,CCGT,T,P
T_GRAI-7,T_GRAI-7,CCGT,T,P
T_GRAI-8,T_GRAI-8,CCGT,T,P
T_GRAI1G,T_GRAI1G,OCGT,T,P
T_GRAI4G,T_GRAI4G,OCGT,T,P
T_GRGBW-1,Greater Gabbard Module 1,WIND,T,P
T_GRGBW-2,Greater Gabbard Module 2,WIND,T,P
T_GRGBW-3,Greater Gabbard Module 3,WIND,T,P
T_GRIFW-1,Griffin Wind Farm 1,WIND,T,P
T_GRIFW-2,Griffin Wind Farm 2,WIND,T,P
T_GYMRD-16,GyM Onshore non est Dem 16,,T,P
T_GYMRD-2,GyM Onshore est Dem 2,,T,P
T_GYMRD-E10,GyM OSPE non est Dem 10,,T,P
T_GYMRD-E11,GyM OSPE est Dem 11,,T,P
T_GYMRD-W10,GyM OSPW non est Dem 10,,T,P
T_GYMRD-W11,GyM OSPW est Dem 11,,T,P
T_GYMR-15,GyM OSPE 15,WIND,T,P
T_GYMR-17,GyM OSPE 17,WIND,T,P
T_GYMR-26,GyM OSPW 26,WIND,T,P
T_GYMR-28,GyM OSPW 28,WIND,T,P
T_HADHW-1,Hadyard Hill Wind Farm,WIND,T,P
T_HAGHW-2,Hagshaw Repower 2,,T,P
T_HAHAW-1,Hagshaw Repower 1,WIND,T,P
T_HALSW-1,Halsary Windfarm,WIND,T,P
T_HEYM11,Heysham 1 Generator 1,NUCLEAR,T,P
T_HEYM12,Heysham 1 Generator 2,NUCLEAR,T,P
T_HEYM27,Heysham 2 Generator 7,NUCLEAR,T,P
T_HEYM28,Heysham 2 Generator 8,NUCLEAR,T,P
T_HEYM2-D,Heysham 2 Station Demand,,T,P
T_HIRWN-1,Hirwaun 1,OCGT,T,P
T_HMGTO-1,Humber Offshore Wind Farm BMU1,WIND,T,P
T_HMGTO-2,Humber Offshore Wind Farm BMU2,WIND,T,P
T_HOWAO-1,HORNSEA_1A,WIND,T,P
T_HOWAO-2,HORNSEA_1B,WIND,T,P
T_HOWAO-3,HORNSEA_1C,WIND,T,P
T_HOWBO-1,HORNSEA_WF_2A,WIND,T,P
T_HOWBO-2,HORNSEA_WF_2B,WIND,T,P
T_HOWBO-3,HORNSEA_WF_2C,WIND,T,P
T_HRSTW-1,Harestanes,WIND,T,P
T_HRTL-1,Hartlepool Generator 1,NUCLEAR,T,P
T_HRTL-2,Hartlepool Generator 2,NUCLEAR,T,P
T_HUMR-1,HUMR-1,CCGT,T,P
T_HUMR-2,HUMR-2,,T,P
T_HUMRD-1,HUMRD-1,,T,P
T_HUNB-7,Hunterston B Generator 7,NUCLEAR,T,P
T_HUNB-8,Hunterston B Generator 8,NUCLEAR,T,P
T_INDQ-1,Gas Turbine,OCGT,T,P
T_IRNAB-1,Iron Acton,OTHER,T,P
T_JGPR-1,High Marnham JGPEARS,BIOMASS,T,P
T_KEAD-1,KGL CCGT 1,CCGT,T,P
T_KEAD-2,Keadby-2 Main,CCGT,T,P
T_KEADGT-3,KGL GT 3,OCGT,T,P
T_KENNW-1,Kennoxhead Wind Farm,WIND,T,P
T_KILBW-1,KILBW,WIND,T,P
T_KILLPG-1,T_KILLPG-1,CCGT,T,P
T_KILLPG-2,T_KILLPG-2,CCGT,T,P
T_KLGLW-1,Kilgallioch Windfarm,WIND,T,P
T_KLGLW-2,T_KLGLW-2,,T,P
T_KPMRW-1,KYPE MUIR WIND FARM,WIND,T,P
T_KTHLW-1,KEITH HILL WINDFARM,WIND,T,P
T_KYPEW-1,KYPE MUIR EXT WIND FARM,WIND,T,P
T_LAGA-1,Langage Power Station,CCGT,T,P
T_LARKS-1,Larks Green Solar,OTHER,T,P
T_LARYW-1,London Array BMU1,WIND,T,P
T_LARYW-2,London Array BMU2,WIND,T,P
T_LARYW-3,London Array BMU3,WIND,T,P
T_LARYW-4,London Array BMU4,WIND,T,P
T_LBAR-1,Little Barford main unit 1,CCGT,T,P
T_LBAR-1G,Little Barford OCGT,OCGT,T,P
T_LIMKW-1,Limekiln Wind Farm,WIND,T,P
T_LKSDB-1,Lakeside  BESS,OTHER,T,P
T_LNCSW-1,Lincs wind farm offshore BMU1,WIND,T,P
T_LNCSW-2,Lincs wind farm offshore BMU2,WIND,T,P
T_MEDP-1,Medway Power,CCGT,T,P
T_MIDMW-1,MIDDLE MUIR WIND FARM,WIND,T,P
T_MILWW-1,MILWW,WIND,T,P
T_MKFRB-1,Monk Fryston,OTHER,T,P
T_MKHLW-1,Mark Hill,WIND,T,P
T_MNFRB-1,Monk Fryston BESS BMU-1,OTHER,T,P
T_MNFRB-2,Monk Fryston BESS BMU-2,OTHER,T,P
T_MNFRB-3,Monk Fryston BESS BMU-3,OTHER,T,P
T_MNFRB-4,Monk Fryston BESS BMU-4,OTHER,T,P
T_MOWEO-1,Moray East OWF1,WIND,T,P
T_MOWEO-2,Moray East OWF2,WIND,T,P
T_MOWEO-3,Moray East OWF3,WIND,T,P
T_MOWWO-1,Moray West OWF1,WIND,T,P
T_MOWWO-2,Moray West OWF2,WIND,T,P
T_MOWWO-3,Moray West OWF3,WIND,T,P
T_MOWWO-4,Moray West OWF4,WIND,T,P
T_MRWD-1,Marchwood Power Ltd,CCGT,T,P
T_MYGPW-1,Minnygap Wind Farm,WIND,T,P
T_NANT-1,Nant,NPSHYD,T,P
T_NLSSC-1,Neilston,,T,P
T_NNGAO-1,Neart Na Gaiothe WF 1,WIND,T,P
T_NNGAO-2,Neart Na Gaiothe WF 2,WIND,T,P
T_NOKYW-1,North Kyle Wind Farm-1,WIND,T,P
T_NOKYW-2,North Kyle Wind Farm-2,WIND,T,P
T_OCHLB-1,Ocker Hill,,T,P
T_OMNDW-1,Ormonde Energy Limited 1,WIND,T,P
T_PEHE-1,Peterhead Block 1,CCGT,T,P
T_PEMB-11,Pembroke Unit 11,CCGT,T,P
T_PEMB-21,Pembroke Unit 21,CCGT,T,P
T_PEMB-31,Pembroke Unit 31,CCGT,T,P
T_PEMB-41,Pembroke Unit 41,CCGT,T,P
T_PEMB-51,Pembroke Unit 51,CCGT,T,P
T_PLOEW-1,PENCLOE WIND 1,WIND,T,P
T_PNYCB-1,Pen y Cymoedd Battery,,T,P
T_PNYCW-1,PNYCW-1 Export,WIND,T,P
T_RCBKO-1,RACE_BANK_Z01,WIND,T,P
T_RCBKO-2,RACE_BANK_Z02,WIND,T,P
T_RMPNO-1,Rampion Offshore Wind BMU 1,WIND,T,P
T_RMPNO-2,Rampion Offshore Wind BMU 2,WIND,T,P
T_ROCK-1,Rocksavage Power Station,CCGT,T,P
T_RREW-1,T_RREW-1,WIND,T,P
T_RRWW-1,T_RRWW-1,WIND,T,P
T_RYHPS-1,T_RYHPS-1,CCGT,T,P
T_SAKNW-1,Sandy Knowe Wind Farm,WIND,T,P
T_SANDB-1,Sheaf BESS,,T,P
T_SANQW-1,SANQUHAR,WIND,T,P
T_SCCL-1,Unit 1,CCGT,T,P
T_SCCL-2,Unit 2,CCGT,T,P
T_SCCL-3,Unit 3,CCGT,T,P
T_SCCL-4,BP Load,,T,P
T_SEAB-1,Seabank Power Module,CCGT,T,P
T_SEAB-2,Seabank Power Module 2,CCGT,T,P
T_SEEL-1,Spalding Energy Expansion Ltd,OCGT,T,P
T_SGRWO-1,Seagreen1 Offshore WF 1,WIND,T,P
T_SGRWO-2,Seagreen1 Offshore WF 2,WIND,T,P
T_SGRWO-3,Seagreen1 Offshore WF 3,WIND,T,P
T_SGRWO-4,Seagreen1 Offshore WF 4,WIND,T,P
T_SGRWO-5,Seagreen1 Offshore WF 5,WIND,T,P
T_SGRWO-6,Seagreen1 Offshore WF 6,WIND,T,P
T_SHBA-1,SOUTH HUMBER BANK P/S PHASE 1,CCGT,T,P
T_SHBA-2,SOUTH HUMBER BANK P/S PHASE 2,CCGT,T,P
T_SHRSW-1,Sheringham Shoal Unit 1,WIND,T,P
T_SHRSW-2,Sheringham Shoal Unit 2,WIND,T,P
T_SIZB-1,Sizewell B Genrator 1,NUCLEAR,T,P
T_SIZB-2,Sizewell B Genrator 2,NUCLEAR,T,P
T_SLOY-2,Sloy G2,NPSHYD,T,P
T_SLOY-3,Sloy G3,NPSHYD,T,P
T_SOFOW-11,Sofia Offshore Wind BMU 1,WIND,T,P
T_SOFOW-12,Sofia Offshore Wind BMU 2,WIND,T,P
T_SOFOW-21,Sofia Offshore Wind BMU 3,WIND,T,P
T_SOFOW-22,Sofia Offshore Wind BMU 4,WIND,T,P
T_SOKYW-1,South Kyle Wind Farm,WIND,T,P
T_SPLN-1,Spalding Power Station,CCGT,T,P
T_STAY-1,Staythorpe Unit 1,CCGT,T,P
T_STAY-2,Staythorpe Unit 2,CCGT,T,P
T_STAY-3,Staythorpe Unit 3,CCGT,T,P
T_STAY-4,Staythorpe Unit 4,CCGT,T,P
T_STLGW-1,Stronelairg Windfarm 1,WIND,T,P
T_STLGW-2,Stronelairg Windfarm 2,WIND,T,P
T_STLGW-3,Stronelairg Windfarm 3,WIND,T,P
T_STRNW-1,Strathy North Wind Farm 1,WIND,T,P
T_SUTB-1,BMUid for Sutton Bridge Power,CCGT,T,P
T_SVRP-10,Dong Energy Severn Power Ut 10,CCGT,T,P
T_SVRP-20,Dong Energy Severn Power Ut 20,CCGT,T,P
T_FERGD-1,NR Ferguslie 1,,T,P
T_FERGD-2,NR Ferguslie 2,,T,P
T_HUMR-4,T_HUMR-4,,T,P
T_TDBNW-1,Toddleburn,WIND,T,P
T_TEBWS-1,Tebworth PV Power Park,OTHER,T,P
T_THNTO-1,Thanet Offshore Wind Limited 1,WIND,T,P
T_THNTO-2,Thanet Offshore Wind Limited 2,WIND,T,P
T_THUPG-1,T_THUPG-1,OTHER,T,P
T_THUPG-2,T_THUPG-2,OTHER,T,P
T_THUPG-3,T_THUPG-3,OTHER,T,P
T_THURB-1,T_THURB-1,OTHER,T,P
T_THURB-2,T_THURB-2,OTHER,T,P
T_THURB-3,T_THURB-3,OTHER,T,P
T_TKNEW-1,Triton Knoll OSP East 1,WIND,T,P
T_TKNWW-1,Triton Knoll OSP west 1,WIND,T,P
T_TORN-1,Torness Generator 1,NUCLEAR,T,P
T_TORN-2,Torness Generator 2,NUCLEAR,T,P
T_TORN-D,Torness Station Demand,,T,P
T_TSREP-1,MGT TEESIDE TEESREP MAIN,BIOMASS,T,P
T_TWSHW-1,Twenty Shilling Wind Farm,WIND,T,P
T_TYLNB-1,Tye Lane BESS,OTHER,T,P
T_USKM-13,Uskmouth 13,BIOMASS,T,P
T_USKMB-2,Uskmouth Battery Unit 2,OTHER,T,P
T_USKMB-3,Uskmouth Battery Unit 3,OTHER,T,P
T_USKMB-4,Uskmouth Battery Unit 4,OTHER,T,P
T_USKMB-5,Uskmouth Battery Unit 5,OTHER,T,P
T_VKNGW-1,Viking Energy Windfarm BMU-1,WIND,T,P
T_VKNGW-2,Viking Energy Windfarm BMU-2,WIND,T,P
T_VKNGW-3,Viking Energy Windfarm BMU-3,WIND,T,P
T_VKNGW-4,Viking Energy Windfarm BMU-4,WIND,T,P
T_WBUGT-1,West Burton GT 01,OCGT,T,P
T_WBUGT-4,West Burton GT 04,OCGT,T,P
T_WBUPS-1,West Burton Unit 01,COAL,T,P
T_WBUPS-2,West Burton Unit 02,COAL,T,P
T_WBUPS-3,West Burton Unit 03,COAL,T,P
T_WBUPS-4,West Burton Unit 04,COAL,T,P
T_WBURB-1,West Burton B Unit 1,CCGT,T,P
T_WBURB-2,West Burton B Unit 2,CCGT,T,P
T_WBURB-3,West Burton B Unit 3,CCGT,T,P
T_WBURB-41,West Burton B Battery,OTHER,T,P
T_WBURB-43,West Burton B Battery,OTHER,T,P
T_WDNSO-1,West of Duddon Sands Offshore1,WIND,T,P
T_WDNSO-2,West of Duddon Sands Offshore2,WIND,T,P
T_WDRGW-1,Windy Rig Wind Farm,WIND,T,P
T_WHIHW-1,Whiteside Hill WF,WIND,T,P
T_WHILW-1,T_WHILW-1,WIND,T,P
T_WHILW-2,Whitelee Extension,WIND,T,P
T_WILCT-1,ETOL - Wilton Site,BIOMASS,T,P
T_WISTW-2,Brockloch Rig 2 WF Exp A,WIND,T,P
T_WLNYO-2,WALNEY_2,WIND,T,P
T_WLNYO-3,WALNEY_3,WIND,T,P
T_WLNYO-4,WALNEY_4,WIND,T,P
T_WLNYW-1,WALNEY_1,WIND,T,P
T_WTGTB-1,Whitegate,,T,P
T_WTMSO-1,WESTERMOST_ROUGH,WIND,T,P
