bmUnit,negative_period_count,min_outturn_MW,mean_negative_outturn_MW,sum_negative_energy_MWh,date,name_acquisition_date_registry,fuelType_acquisition_date_registry,bmUnitType,productionOrConsumptionFlag
T_DINO-3,39,-299.4,-108.24615384615386,-2110.8,2023-01-11,Dinorwig 3,PS,T,P
T_DINO-3,37,-295.8,-114.97297297297297,-2127.0,2023-01-04,Dinorwig 3,PS,T,P
T_DINO-3,38,-293.7,-89.03157894736842,-1691.6,2023-01-25,Dinorwig 3,PS,T,P
T_DINO-3,40,-291.6,-70.365,-1407.3,2023-01-18,Dinorwig 3,PS,T,P
T_DINO-5,24,-288.0,-150.77083333333334,-1809.25,2023-01-11,Dinorwig 5,PS,T,P
T_DINO-6,34,-286.5,-103.03235294117647,-1751.55,2023-01-11,Dinorwig 6,PS,T,P
T_DINO-5,35,-284.3,-121.69142857142856,-2129.6,2023-01-04,Dinorwig 5,PS,T,P
T_DINO-2,36,-284.3,-96.55,-1737.8999999999999,2023-01-11,Dinorwig 2,PS,T,P
T_DINO-6,39,-284.0,-120.17179487179487,-2343.35,2023-01-04,Dinorwig 6,PS,T,P
T_DINO-2,31,-280.2,-122.71612903225805,-1902.1,2023-01-04,Dinorwig 2,PS,T,P
T_DINO-6,38,-279.0,-98.3,-1867.7,2023-01-25,Dinorwig 6,PS,T,P
T_DINO-5,36,-278.2,-71.88055555555555,-1293.85,2023-01-25,Dinorwig 5,PS,T,P
T_DINO-5,30,-277.4,-79.32,-1189.8,2023-01-18,Dinorwig 5,PS,T,P
T_DINO-6,40,-276.5,-75.30499999999999,-1506.1,2023-01-18,Dinorwig 6,PS,T,P
T_DINO-2,31,-276.0,-108.26129032258065,-1678.05,2023-01-25,Dinorwig 2,PS,T,P
T_DINO-2,36,-275.1,-73.38888888888889,-1321.0,2023-01-18,Dinorwig 2,PS,T,P
T_FOYE-2,24,-155.7,-97.95416666666667,-1175.45,2023-07-19,Foyers G2,PS,T,P
T_FOYE-2,35,-155.3,-19.4,-339.5,2023-07-12,Foyers G2,PS,T,P
T_FOYE-2,26,-155.3,-65.91538461538461,-856.9,2023-07-26,Foyers G2,PS,T,P
T_FOYE-1,18,-155.1,-123.2388888888889,-1109.15,2023-01-04,Foyers G1,PS,T,P
T_FOYE-2,14,-154.8,-138.0285714285714,-966.1999999999999,2023-01-04,Foyers G2,PS,T,P
T_FOYE-2,15,-154.7,-53.0,-397.5,2023-01-25,Foyers G2,PS,T,P
T_FOYE-2,8,-154.4,-48.125,-192.5,2023-01-18,Foyers G2,PS,T,P
T_FOYE-1,20,-153.8,-88.46000000000001,-884.6,2023-07-05,Foyers G1,PS,T,P
T_FOYE-2,29,-153.8,-56.244827586206895,-815.55,2023-07-05,Foyers G2,PS,T,P
T_FOYE-1,14,-153.5,-22.585714285714285,-158.1,2023-01-18,Foyers G1,PS,T,P
T_FOYE-1,9,-153.4,-118.95555555555555,-535.3,2023-01-11,Foyers G1,PS,T,P
T_FOYE-1,26,-151.0,-12.86153846153846,-167.2,2023-07-26,Foyers G1,PS,T,P
T_FFES-4,45,-74.26,-21.296444444444447,-479.17,2023-01-25,Ffestioniog 4,PS,T,P
T_FFES-4,42,-74.22,-19.392857142857142,-407.25,2023-01-11,Ffestioniog 4,PS,T,P
T_BPGRD-1,48,-74.102,-72.44733333333333,-1738.7359999999999,2023-01-25,T_BPGRD-1,,T,P
T_FFES-4,41,-74.08,-21.537073170731706,-441.51,2023-01-18,Ffestioniog 4,PS,T,P
T_FFES-4,44,-73.92,-16.201363636363638,-356.43,2023-07-12,Ffestioniog 4,PS,T,P
T_FFES-4,43,-73.88,-20.047906976744187,-431.03000000000003,2023-07-19,Ffestioniog 4,PS,T,P
T_FFES-4,41,-73.76,-16.397073170731705,-336.14,2023-07-05,Ffestioniog 4,PS,T,P
T_BPGRD-1,48,-73.752,-70.29991666666666,-1687.1979999999999,2023-01-18,T_BPGRD-1,,T,P
T_FFES-1,36,-73.634,-24.63094444444444,-443.35699999999997,2023-01-25,Ffestioniog 1,PS,T,P
T_FFES-2,40,-73.472,-23.72235,-474.447,2023-01-25,Ffestioniog 2,PS,T,P
T_FFES-1,42,-73.466,-22.674047619047617,-476.155,2023-01-11,Ffestioniog 1,PS,T,P
T_FFES-4,42,-73.42,-14.934285714285714,-313.62,2023-01-04,Ffestioniog 4,PS,T,P
T_FFES-1,42,-73.414,-19.12604761904762,-401.647,2023-01-18,Ffestioniog 1,PS,T,P
T_FFES-2,43,-73.31,-20.66627906976744,-444.325,2023-01-11,Ffestioniog 2,PS,T,P
T_FFES-2,39,-73.272,-22.39405128205128,-436.68399999999997,2023-01-18,Ffestioniog 2,PS,T,P
T_FFES-1,33,-73.254,-25.059454545454546,-413.481,2023-07-19,Ffestioniog 1,PS,T,P
T_FFES-1,34,-73.232,-20.15770588235294,-342.681,2023-07-12,Ffestioniog 1,PS,T,P
T_FFES-2,30,-73.19,-20.154466666666668,-302.317,2023-07-12,Ffestioniog 2,PS,T,P
T_FFES-2,28,-73.132,-28.392714285714284,-397.498,2023-07-19,Ffestioniog 2,PS,T,P
T_FFES-1,41,-73.112,-22.16360975609756,-454.354,2023-01-04,Ffestioniog 1,PS,T,P
T_FFES-1,47,-73.112,-17.691063829787236,-415.74,2023-07-05,Ffestioniog 1,PS,T,P
T_FFES-2,34,-73.07,-20.74429411764706,-352.653,2023-07-05,Ffestioniog 2,PS,T,P
T_FFES-2,42,-72.968,-21.110523809523812,-443.321,2023-01-04,Ffestioniog 2,PS,T,P
T_FFES-1,38,-72.712,-14.645368421052632,-278.262,2023-07-26,Ffestioniog 1,PS,T,P
T_FFES-2,35,-72.352,-15.0848,-263.984,2023-07-26,Ffestioniog 2,PS,T,P
T_BPGRD-1,48,-69.964,-68.35725000000001,-1640.574,2023-01-11,T_BPGRD-1,,T,P
T_WILCT-1,48,-67.9,-12.687916666666666,-304.51,2023-01-18,ETOL - Wilton Site,BIOMASS,T,P
T_SCCL-4,48,-64.98,-63.76,-1530.24,2023-01-25,BP Load,,T,P
T_BPGRD-1,48,-63.512,-59.87670833333333,-1437.041,2023-01-04,T_BPGRD-1,,T,P
T_BPGRD-1,48,-62.47,-56.858583333333335,-1364.606,2023-07-19,T_BPGRD-1,,T,P
T_SCCL-4,48,-62.38,-61.13666666666666,-1467.28,2023-01-18,BP Load,,T,P
T_HUMRD-1,48,-61.718,-58.911,-1413.864,2023-01-18,HUMRD-1,,T,P
T_HUMRD-1,48,-61.096,-58.592999999999996,-1406.232,2023-01-25,HUMRD-1,,T,P
T_FOYE-2,1,-60.7,-60.7,-30.35,2023-01-11,Foyers G2,PS,T,P
T_SCCL-4,48,-60.28,-59.2825,-1422.78,2023-01-11,BP Load,,T,P
T_BPGRD-1,48,-58.286,-55.315875,-1327.581,2023-07-26,T_BPGRD-1,,T,P
T_HEYM2-D,48,-58.08,-57.625,-1383.0,2023-01-04,Heysham 2 Station Demand,,T,P
T_TORN-D,48,-56.144,-55.086999999999996,-1322.088,2023-07-12,Torness Station Demand,,T,P
T_TORN-D,48,-55.72,-49.9845,-1199.628,2023-01-04,Torness Station Demand,,T,P
T_TORN-D,48,-55.552,-55.276833333333336,-1326.644,2023-01-25,Torness Station Demand,,T,P
T_HUMRD-1,48,-54.822,-51.99754166666667,-1247.941,2023-01-04,HUMRD-1,,T,P
T_TORN-D,48,-54.656,-54.217666666666666,-1301.224,2023-07-05,Torness Station Demand,,T,P
T_HEYM2-D,48,-54.224,-53.41583333333333,-1281.98,2023-01-11,Heysham 2 Station Demand,,T,P
T_HUMRD-1,48,-53.35,-51.246541666666666,-1229.917,2023-01-11,HUMRD-1,,T,P
T_HUMRD-1,48,-53.04,-49.62041666666667,-1190.89,2023-07-19,HUMRD-1,,T,P
T_HUMRD-1,48,-52.94,-49.12833333333333,-1179.08,2023-07-12,HUMRD-1,,T,P
T_HUMRD-1,48,-51.8,-49.380833333333335,-1185.14,2023-07-26,HUMRD-1,,T,P
T_TORN-D,48,-51.024,-49.53266666666667,-1188.784,2023-07-19,Torness Station Demand,,T,P
T_SCCL-4,48,-50.28,-49.29624999999999,-1183.11,2023-07-19,BP Load,,T,P
T_SCCL-4,48,-48.74,-47.28666666666667,-1134.88,2023-07-26,BP Load,,T,P
T_BPGRD-1,48,-47.266,-42.87800000000001,-1029.0720000000001,2023-07-05,T_BPGRD-1,,T,P
T_TORN-D,48,-46.864,-44.44,-1066.56,2023-01-18,Torness Station Demand,,T,P
T_BPGRD-1,48,-45.332,-43.65508333333333,-1047.722,2023-07-12,T_BPGRD-1,,T,P
T_HUMRD-1,48,-45.2,-41.92791666666667,-1006.27,2023-07-05,HUMRD-1,,T,P
T_SCCL-4,48,-43.84,-43.196666666666665,-1036.72,2023-07-12,BP Load,,T,P
T_HEYM2-D,48,-42.472,-28.65516666666667,-687.724,2023-07-19,Heysham 2 Station Demand,,T,P
T_HEYM2-D,48,-40.584,-35.16133333333333,-843.872,2023-01-25,Heysham 2 Station Demand,,T,P
T_SCCL-4,48,-40.06,-38.727916666666665,-929.47,2023-07-05,BP Load,,T,P
T_SCCL-4,48,-39.36,-36.446666666666665,-874.72,2023-01-04,BP Load,,T,P
T_HEYM2-D,48,-35.872,-35.4805,-851.532,2023-07-05,Heysham 2 Station Demand,,T,P
T_HEYM2-D,48,-34.496,-28.260499999999997,-678.252,2023-07-12,Heysham 2 Station Demand,,T,P
T_HEYM2-D,48,-34.344,-34.0265,-816.636,2023-01-18,Heysham 2 Station Demand,,T,P
T_WHILW-1,1,-34.12,-34.12,-17.06,2023-07-05,T_WHILW-1,WIND,T,P
T_TORN-D,48,-33.688,-33.085,-794.04,2023-01-11,Torness Station Demand,,T,P
T_DRAXX-6,3,-31.804,-13.710666666666667,-20.566,2023-01-25,T_DRAXX-6,COAL,T,P
T_TORN-D,48,-31.616,-31.230999999999998,-749.544,2023-07-26,Torness Station Demand,,T,P
T_WILCT-1,26,-29.69,-13.899230769230769,-180.69,2023-07-05,ETOL - Wilton Site,BIOMASS,T,P
T_HEYM2-D,48,-29.552,-29.269833333333334,-702.476,2023-07-26,Heysham 2 Station Demand,,T,P
T_CASKD-1,20,-23.56,-16.232,-162.32,2023-01-25,Castner Kellner,,T,P
T_HRTL-2,48,-20.96,-17.5705,-421.692,2023-07-26,Hartlepool Generator 2,NUCLEAR,T,P
T_TORN-2,37,-20.912,-19.242162162162163,-355.98,2023-01-18,Torness Generator 2,NUCLEAR,T,P
T_HEYM28,48,-17.208,-4.067,-97.608,2023-07-19,Heysham 2 Generator 8,NUCLEAR,T,P
T_HEYM28,48,-16.184,-15.640166666666666,-375.364,2023-07-26,Heysham 2 Generator 8,NUCLEAR,T,P
T_WBURB-3,7,-14.966,-10.465142857142856,-36.628,2023-01-11,West Burton B Unit 3,CCGT,T,P
T_HEYM12,48,-14.688,-14.232999999999999,-341.592,2023-01-25,Heysham 1 Generator 2,NUCLEAR,T,P
T_LBAR-1,16,-11.7,-4.3999999999999995,-35.199999999999996,2023-01-18,Little Barford main unit 1,CCGT,T,P
T_CARR-2,15,-11.4,-5.88,-44.1,2023-07-12,Carrington Power Ltd - Unit 2,CCGT,T,P
T_TORN-2,2,-11.28,-10.812,-10.812,2023-01-04,Torness Generator 2,NUCLEAR,T,P
T_WBURB-3,14,-11.13,-6.4115714285714285,-44.881,2023-01-18,West Burton B Unit 3,CCGT,T,P
T_CASKD-1,39,-10.82,-2.8312820512820513,-55.21,2023-07-19,Castner Kellner,,T,P
T_WBURB-3,17,-9.824,-5.701764705882353,-48.465,2023-01-04,West Burton B Unit 3,CCGT,T,P
T_CNQPS-1,18,-9.576,-8.155,-73.395,2023-01-18,T_CNQPS-1,CCGT,T,P
T_PEMB-51,8,-9.4,-5.4125,-21.65,2023-07-05,Pembroke Unit 51,CCGT,T,P
T_HEYM28,48,-9.368,-6.017166666666667,-144.412,2023-07-12,Heysham 2 Generator 8,NUCLEAR,T,P
T_WILCT-1,17,-9.32,-3.9958823529411767,-33.965,2023-01-11,ETOL - Wilton Site,BIOMASS,T,P
T_TSREP-1,48,-9.272,-5.021416666666666,-120.514,2023-07-26,MGT TEESIDE TEESREP MAIN,BIOMASS,T,P
T_CNQPS-2,36,-9.072,-5.015499999999999,-90.279,2023-01-11,T_CNQPS-2,CCGT,T,P
T_DAMC-1,13,-9.07,-4.543846153846154,-29.535,2023-01-25,Damhead Creek Ltd.,CCGT,T,P
T_CNQPS-1,48,-8.946,-8.213625,-197.127,2023-01-04,T_CNQPS-1,CCGT,T,P
T_LBAR-1,16,-8.76,-3.5237499999999997,-28.189999999999998,2023-07-05,Little Barford main unit 1,CCGT,T,P
T_GRAI-7,48,-8.6,-1.6104166666666666,-38.65,2023-07-26,T_GRAI-7,CCGT,T,P
T_CNQPS-3,36,-8.568,-5.019,-90.342,2023-07-19,T_CNQPS-3,CCGT,T,P
T_LBAR-1,1,-8.52,-8.52,-4.26,2023-01-25,Little Barford main unit 1,CCGT,T,P
T_PEMB-11,19,-8.5,-3.426315789473684,-32.55,2023-01-04,Pembroke Unit 11,CCGT,T,P
T_PEMB-11,16,-8.5,-3.6875,-29.5,2023-01-18,Pembroke Unit 11,CCGT,T,P
T_PEMB-11,3,-8.4,-5.266666666666667,-7.9,2023-01-25,Pembroke Unit 11,CCGT,T,P
T_CNQPS-1,15,-8.316,-5.107200000000001,-38.304,2023-07-12,T_CNQPS-1,CCGT,T,P
T_MEDP-1,11,-8.244,-4.872909090909091,-26.801000000000002,2023-07-12,Medway Power,CCGT,T,P
T_WBURB-3,8,-8.17,-3.7832500000000002,-15.133,2023-07-26,West Burton B Unit 3,CCGT,T,P
T_KEAD-2,3,-8.168,-7.945333333333333,-11.918,2023-01-25,Keadby-2 Main,CCGT,T,P
T_DIDCB5,12,-8.0,-4.166666666666667,-25.0,2023-01-18,Didcot B main unit 5,CCGT,T,P
T_CNQPS-2,23,-7.938,-6.650608695652174,-76.482,2023-01-04,T_CNQPS-2,CCGT,T,P
T_CNQPS-1,48,-7.938,-5.255249999999999,-126.12599999999999,2023-01-11,T_CNQPS-1,CCGT,T,P
T_SHBA-1,34,-7.568,-3.103764705882353,-52.764,2023-07-05,SOUTH HUMBER BANK P/S PHASE 1,CCGT,T,P
T_DIDCB6,13,-7.4,-2.853846153846154,-18.55,2023-01-18,Didcot B main unit 6,CCGT,T,P
T_SEAB-1,34,-7.208,-3.6792352941176474,-62.547000000000004,2023-07-12,Seabank Power Module,CCGT,T,P
T_PEMB-11,1,-7.2,-7.2,-3.6,2023-07-26,Pembroke Unit 11,CCGT,T,P
T_WBURB-1,21,-7.118,-3.0534285714285714,-32.061,2023-01-11,West Burton B Unit 1,CCGT,T,P
T_DIDCB6,2,-7.1,-4.75,-4.75,2023-01-25,Didcot B main unit 6,CCGT,T,P
T_WBURB-1,24,-7.004,-2.5248333333333335,-30.298000000000002,2023-01-18,West Burton B Unit 1,CCGT,T,P
T_PEMB-51,11,-7.0,-2.727272727272727,-15.0,2023-01-18,Pembroke Unit 51,CCGT,T,P
T_SEAB-1,27,-6.918,-3.463481481481481,-46.757,2023-01-04,Seabank Power Module,CCGT,T,P
T_HEYM28,48,-6.904,-6.444166666666667,-154.66,2023-01-18,Heysham 2 Generator 8,NUCLEAR,T,P
T_HEYM28,43,-6.888,-6.057302325581396,-130.232,2023-01-25,Heysham 2 Generator 8,NUCLEAR,T,P
T_LBAR-1,48,-6.88,-2.6566666666666667,-63.76,2023-01-11,Little Barford main unit 1,CCGT,T,P
T_CNQPS-2,16,-6.804,-5.3865,-43.092,2023-01-25,T_CNQPS-2,CCGT,T,P
T_SCCL-1,34,-6.8,-5.502941176470588,-93.55,2023-07-05,Unit 1,CCGT,T,P
T_PEMB-51,2,-6.7,-5.800000000000001,-5.800000000000001,2023-07-26,Pembroke Unit 51,CCGT,T,P
T_ROCK-1,35,-6.6,-2.994285714285714,-52.4,2023-01-25,Rocksavage Power Station,CCGT,T,P
T_CNQPS-1,35,-6.552,-4.9176,-86.05799999999999,2023-07-05,T_CNQPS-1,CCGT,T,P
T_KEAD-1,16,-6.54,-4.970625,-39.765,2023-01-25,KGL CCGT 1,CCGT,T,P
T_WBURB-3,16,-6.41,-2.02825,-16.226,2023-07-12,West Burton B Unit 3,CCGT,T,P
T_SEAB-1,13,-6.384,-3.6653846153846152,-23.825,2023-01-18,Seabank Power Module,CCGT,T,P
T_SCCL-2,23,-6.3,-4.621739130434783,-53.15,2023-07-12,Unit 2,CCGT,T,P
T_SEAB-1,13,-6.266,-3.8993846153846152,-25.346,2023-01-25,Seabank Power Module,CCGT,T,P
T_WBURB-3,6,-6.214,-3.7896666666666667,-11.369,2023-07-19,West Burton B Unit 3,CCGT,T,P
T_TKNEW-1,34,-6.19,-4.5243529411764705,-76.914,2023-07-19,Triton Knoll OSP East 1,WIND,T,P
T_DIDCB6,48,-6.1,-3.025,-72.6,2023-07-26,Didcot B main unit 6,CCGT,T,P
T_SEAB-1,18,-6.084,-3.5144444444444445,-31.63,2023-07-05,Seabank Power Module,CCGT,T,P
T_CNQPS-3,42,-6.048,-4.598999999999999,-96.579,2023-07-12,T_CNQPS-3,CCGT,T,P
T_DAMC-1,44,-6.04,-3.9761363636363636,-87.475,2023-07-26,Damhead Creek Ltd.,CCGT,T,P
T_STAY-3,12,-5.9,-1.6333333333333335,-9.8,2023-07-05,Staythorpe Unit 3,CCGT,T,P
T_MRWD-1,42,-5.8,-4.838095238095238,-101.6,2023-01-11,Marchwood Power Ltd,CCGT,T,P
T_MEDP-1,48,-5.77,-3.876,-93.024,2023-07-05,Medway Power,CCGT,T,P
T_STAY-1,21,-5.7,-1.4238095238095239,-14.950000000000001,2023-01-18,Staythorpe Unit 1,CCGT,T,P
T_STAY-3,18,-5.6,-1.5444444444444445,-13.9,2023-01-18,Staythorpe Unit 3,CCGT,T,P
T_STAY-4,21,-5.6,-1.2952380952380953,-13.6,2023-01-18,Staythorpe Unit 4,CCGT,T,P
T_RYHPS-1,15,-5.59,-3.0084,-22.563,2023-01-25,T_RYHPS-1,CCGT,T,P
T_CNQPS-4,33,-5.5440000000000005,-4.883454545454545,-80.577,2023-07-12,T_CNQPS-4,CCGT,T,P
T_CNQPS-2,10,-5.418,-4.9266,-24.633,2023-01-18,T_CNQPS-2,CCGT,T,P
T_DAMC-1,20,-5.41,-4.2125,-42.125,2023-01-18,Damhead Creek Ltd.,CCGT,T,P
T_STAY-3,19,-5.4,-1.5789473684210527,-15.0,2023-01-25,Staythorpe Unit 3,CCGT,T,P
T_GRAI-8,30,-5.4,-2.4233333333333333,-36.35,2023-07-05,T_GRAI-8,CCGT,T,P
T_STAY-2,13,-5.4,-1.553846153846154,-10.1,2023-07-26,Staythorpe Unit 2,CCGT,T,P
T_EECL-1,12,-5.328,-1.5599999999999998,-9.36,2023-07-05,Enfield Energy Centre Ltd BMU1,CCGT,T,P
T_STAY-1,18,-5.3,-1.6277777777777778,-14.65,2023-01-25,Staythorpe Unit 1,CCGT,T,P
T_STAY-2,11,-5.3,-2.0636363636363635,-11.35,2023-07-05,Staythorpe Unit 2,CCGT,T,P
T_COSO-1,28,-5.29,-2.448,-34.272,2023-01-18,Coryton Power Station,CCGT,T,P
T_SHBA-1,27,-5.254,-3.0965925925925926,-41.804,2023-01-11,SOUTH HUMBER BANK P/S PHASE 1,CCGT,T,P
T_CDCL-1,16,-5.22,-4.0275,-32.22,2023-01-18,T_CDCL-1,CCGT,T,P
T_CARR-1,48,-5.2,-2.0541666666666667,-49.3,2023-01-04,Carrington Power Ltd - Unit 1,CCGT,T,P
T_MRWD-1,24,-5.2,-4.733333333333333,-56.8,2023-01-04,Marchwood Power Ltd,CCGT,T,P
T_CARR-2,13,-5.2,-3.0153846153846158,-19.6,2023-07-05,Carrington Power Ltd - Unit 2,CCGT,T,P
T_HOWAO-2,31,-5.114,-4.252709677419355,-65.917,2023-07-19,HORNSEA_1B,WIND,T,P
T_GRAI-8,12,-5.1,-3.0500000000000003,-18.3,2023-01-11,T_GRAI-8,CCGT,T,P
T_SEAB-1,24,-5.046,-3.686,-44.232,2023-01-11,Seabank Power Module,CCGT,T,P
T_HOWAO-1,28,-5.04,-4.254142857142857,-59.558,2023-07-19,HORNSEA_1A,WIND,T,P
T_CNQPS-1,2,-5.04,-4.851,-4.851,2023-07-26,T_CNQPS-1,CCGT,T,P
T_PEMB-21,21,-5.0,-1.0999999999999999,-11.549999999999999,2023-01-04,Pembroke Unit 21,CCGT,T,P
T_PNYCB-1,18,-4.97,-0.5666666666666667,-5.1,2023-01-25,Pen y Cymoedd Battery,,T,P
T_HOWAO-3,27,-4.952,-3.7957037037037034,-51.242,2023-07-19,HORNSEA_1C,WIND,T,P
T_PEMB-11,48,-4.9,-1.6791666666666665,-40.3,2023-01-11,Pembroke Unit 11,CCGT,T,P
T_HOWBO-1,19,-4.894,-3.146315789473684,-29.89,2023-07-19,HORNSEA_WF_2A,WIND,T,P
T_CARR-1,1,-4.8,-4.8,-2.4,2023-01-25,Carrington Power Ltd - Unit 1,CCGT,T,P
T_HEYM27,48,-4.792,-4.372166666666667,-104.932,2023-07-26,Heysham 2 Generator 7,NUCLEAR,T,P
T_HOWBO-2,4,-4.77,-2.628,-5.256,2023-07-05,HORNSEA_WF_2B,WIND,T,P
T_PEMB-51,5,-4.7,-2.32,-5.8,2023-01-04,Pembroke Unit 51,CCGT,T,P
T_DAMC-1,18,-4.69,-3.9572222222222226,-35.615,2023-07-19,Damhead Creek Ltd.,CCGT,T,P
T_CDCL-1,29,-4.68,-3.1965517241379313,-46.35,2023-01-04,T_CDCL-1,CCGT,T,P
T_CNQPS-4,48,-4.662,-3.945375,-94.689,2023-07-19,T_CNQPS-4,CCGT,T,P
T_HOWBO-3,5,-4.644,-3.6668,-9.167,2023-07-05,HORNSEA_WF_2C,WIND,T,P
T_CARR-1,12,-4.6,-3.1666666666666665,-19.0,2023-01-18,Carrington Power Ltd - Unit 1,CCGT,T,P
T_DAMC-1,48,-4.58,-2.5172916666666665,-60.415,2023-01-04,Damhead Creek Ltd.,CCGT,T,P
T_HOWBO-2,27,-4.572,-3.034740740740741,-40.969,2023-07-19,HORNSEA_WF_2B,WIND,T,P
T_CNQPS-3,48,-4.536,-4.40475,-105.714,2023-07-05,T_CNQPS-3,CCGT,T,P
T_CNQPS-4,48,-4.536,-4.44675,-106.722,2023-07-26,T_CNQPS-4,CCGT,T,P
T_SCCL-2,31,-4.5,-2.825806451612903,-43.8,2023-01-04,Unit 2,CCGT,T,P
T_SEAB-2,13,-4.444,-2.3076923076923075,-15.0,2023-07-26,Seabank Power Module 2,CCGT,T,P
T_DAMC-1,48,-4.44,-3.921666666666667,-94.12,2023-07-12,Damhead Creek Ltd.,CCGT,T,P
T_WBURB-1,38,-4.42,-2.6446842105263157,-50.249,2023-07-12,West Burton B Unit 1,CCGT,T,P
T_CARR-2,13,-4.4,-2.676923076923077,-17.400000000000002,2023-01-18,Carrington Power Ltd - Unit 2,CCGT,T,P
T_CARR-1,13,-4.4,-2.676923076923077,-17.400000000000002,2023-07-05,Carrington Power Ltd - Unit 1,CCGT,T,P
T_SCCL-2,48,-4.4,-4.170833333333333,-100.1,2023-07-26,Unit 2,CCGT,T,P
T_MEDP-1,48,-4.36,-3.971833333333333,-95.324,2023-01-11,Medway Power,CCGT,T,P
T_DINO-1,48,-4.3,-1.6729166666666666,-40.15,2023-01-18,Dinorwig 1,PS,T,P
T_GRAI-7,48,-4.3,-2.375,-57.0,2023-07-05,T_GRAI-7,CCGT,T,P
T_CNQPS-3,48,-4.284,-4.118625000000001,-98.84700000000001,2023-01-11,T_CNQPS-3,CCGT,T,P
T_MOWEO-2,11,-4.244,-2.786909090909091,-15.328,2023-07-26,Moray East OWF2,WIND,T,P
T_KEAD-1,48,-4.24,-4.107916666666666,-98.58999999999999,2023-01-04,KGL CCGT 1,CCGT,T,P
T_KEAD-1,48,-4.24,-4.0808333333333335,-97.94,2023-01-11,KGL CCGT 1,CCGT,T,P
T_SHBA-1,48,-4.226,-3.093166666666667,-74.236,2023-01-04,SOUTH HUMBER BANK P/S PHASE 1,CCGT,T,P
T_CARR-2,17,-4.2,-2.623529411764706,-22.3,2023-01-04,Carrington Power Ltd - Unit 2,CCGT,T,P
T_DINO-1,48,-4.2,-1.5729166666666667,-37.75,2023-01-04,Dinorwig 1,PS,T,P
T_CARR-2,1,-4.2,-4.2,-2.1,2023-01-25,Carrington Power Ltd - Unit 2,CCGT,T,P
T_CNQPS-3,48,-4.158,-4.102875,-98.46900000000001,2023-01-04,T_CNQPS-3,CCGT,T,P
T_MEDP-1,48,-4.158,-3.9273333333333333,-94.256,2023-01-04,Medway Power,CCGT,T,P
T_DIDCB5,48,-4.1,-2.966666666666667,-71.2,2023-01-04,Didcot B main unit 5,CCGT,T,P
T_DAMC-1,48,-4.07,-3.9295833333333334,-94.31,2023-07-05,Damhead Creek Ltd.,CCGT,T,P
T_CNQPS-1,48,-4.032,-2.7431249999999996,-65.835,2023-07-19,T_CNQPS-1,CCGT,T,P
T_RYHPS-1,32,-4.01,-2.7670625,-44.273,2023-01-18,T_RYHPS-1,CCGT,T,P
T_SCCL-3,48,-4.0,-3.0979166666666664,-74.35,2023-01-18,Unit 3,CCGT,T,P
T_KEAD-2,48,-3.982,-1.8965416666666668,-45.517,2023-01-18,Keadby-2 Main,CCGT,T,P
T_SEAB-2,34,-3.952,-1.919470588235294,-32.631,2023-07-05,Seabank Power Module 2,CCGT,T,P
T_HOWBO-3,19,-3.928,-1.5783157894736841,-14.994,2023-07-19,HORNSEA_WF_2C,WIND,T,P
T_SEAB-2,17,-3.924,-2.039529411764706,-17.336,2023-07-12,Seabank Power Module 2,CCGT,T,P
T_CNQPS-4,48,-3.906,-3.8535,-92.484,2023-07-05,T_CNQPS-4,CCGT,T,P
T_SCCL-3,19,-3.9,-2.6,-24.7,2023-01-25,Unit 3,CCGT,T,P
T_WBURB-1,12,-3.862,-2.9218333333333333,-17.531,2023-01-04,West Burton B Unit 1,CCGT,T,P
T_DIDCB5,48,-3.8,-2.691666666666667,-64.60000000000001,2023-01-11,Didcot B main unit 5,CCGT,T,P
T_EECL-1,48,-3.746,-1.0472083333333333,-25.133,2023-01-11,Enfield Energy Centre Ltd BMU1,CCGT,T,P
T_SEAB-2,14,-3.628,-1.8061428571428573,-12.643,2023-01-25,Seabank Power Module 2,CCGT,T,P
T_SHBA-1,14,-3.612,-3.256857142857143,-22.798000000000002,2023-01-18,SOUTH HUMBER BANK P/S PHASE 1,CCGT,T,P
T_LAGA-1,48,-3.6,-1.3041666666666667,-31.3,2023-01-04,Langage Power Station,CCGT,T,P
T_PEMB-41,20,-3.5,-1.06,-10.6,2023-01-04,Pembroke Unit 41,CCGT,T,P
T_PEMB-51,31,-3.5,-1.1,-17.05,2023-01-11,Pembroke Unit 51,CCGT,T,P
T_STAY-2,23,-3.5,-1.8782608695652174,-21.6,2023-01-11,Staythorpe Unit 2,CCGT,T,P
T_PNYCB-1,19,-3.47,-0.6336842105263157,-6.02,2023-01-04,Pen y Cymoedd Battery,,T,P
T_HRTL-2,48,-3.448,-3.3064999999999998,-79.356,2023-07-19,Hartlepool Generator 2,NUCLEAR,T,P
T_EAAO-2,16,-3.434,-2.527625,-20.221,2023-07-19,East Anglia One Offshore 2,WIND,T,P
T_TSREP-1,48,-3.418,-2.8527916666666666,-68.467,2023-07-19,MGT TEESIDE TEESREP MAIN,BIOMASS,T,P
T_SGRWO-6,36,-3.406,-2.8152222222222223,-50.674,2023-07-26,Seagreen1 Offshore WF 6,WIND,T,P
T_EAAO-1,17,-3.404,-2.3318823529411765,-19.821,2023-07-19,East Anglia One Offshore 1,WIND,T,P
T_GRAI-6,48,-3.4000000000000004,-2.425,-58.199999999999996,2023-01-18,T_GRAI-6,CCGT,T,P
T_SPLN-1,4,-3.4000000000000004,-2.9000000000000004,-5.800000000000001,2023-01-25,Spalding Power Station,CCGT,T,P
T_STAY-2,17,-3.4000000000000004,-1.5647058823529412,-13.3,2023-01-25,Staythorpe Unit 2,CCGT,T,P
T_BEATO-4,11,-3.364,-2.7892727272727273,-15.341,2023-07-05,Beatrice Offshore WF 4,WIND,T,P
T_WBURB-43,30,-3.3360000000000003,-0.4002666666666667,-6.004,2023-01-04,West Burton B Battery,OTHER,T,P
T_BEATO-3,11,-3.3040000000000003,-2.5290909090909093,-13.91,2023-07-05,Beatrice Offshore WF 3,WIND,T,P
T_STAY-2,43,-3.3,-0.944186046511628,-20.3,2023-01-04,Staythorpe Unit 2,CCGT,T,P
T_STAY-2,18,-3.3,-1.6111111111111112,-14.5,2023-01-18,Staythorpe Unit 2,CCGT,T,P
T_STAY-4,11,-3.3,-1.2545454545454546,-6.9,2023-01-25,Staythorpe Unit 4,CCGT,T,P
T_LBAR-1,48,-3.26,-2.3991666666666664,-57.58,2023-01-04,Little Barford main unit 1,CCGT,T,P
T_KEAD-1,48,-3.24,-2.9764583333333334,-71.435,2023-07-26,KGL CCGT 1,CCGT,T,P
T_BEATO-4,12,-3.222,-2.9418333333333333,-17.651,2023-07-26,Beatrice Offshore WF 4,WIND,T,P
T_STAY-1,48,-3.2,-0.8791666666666668,-21.1,2023-01-04,Staythorpe Unit 1,CCGT,T,P
T_DINO-1,48,-3.2,-1.5333333333333332,-36.800000000000004,2023-01-11,Dinorwig 1,PS,T,P
T_WHILW-1,8,-3.2,-2.2350000000000003,-8.940000000000001,2023-07-12,T_WHILW-1,WIND,T,P
T_ROCK-1,48,-3.2,-2.8874999999999997,-69.3,2023-07-19,Rocksavage Power Station,CCGT,T,P
T_BEATO-3,13,-3.194,-2.6244615384615386,-17.059,2023-07-26,Beatrice Offshore WF 3,WIND,T,P
T_COSO-1,14,-3.16,-2.204285714285714,-15.43,2023-01-25,Coryton Power Station,CCGT,T,P
T_WTMSO-1,29,-3.144,-2.810689655172414,-40.755,2023-07-19,WESTERMOST_ROUGH,WIND,T,P
T_WBURB-3,48,-3.1420000000000003,-2.185375,-52.449,2023-07-05,West Burton B Unit 3,CCGT,T,P
T_SGRWO-6,48,-3.1420000000000003,-3.0880000000000005,-74.112,2023-07-12,Seagreen1 Offshore WF 6,WIND,T,P
T_TKNEW-1,5,-3.1340000000000003,-2.248,-5.62,2023-07-05,Triton Knoll OSP East 1,WIND,T,P
T_SPLN-1,48,-3.1,-2.641666666666667,-63.400000000000006,2023-01-11,Spalding Power Station,CCGT,T,P
T_DINO-1,48,-3.1,-1.5791666666666666,-37.9,2023-01-25,Dinorwig 1,PS,T,P
T_WBURB-41,38,-3.084,-0.4143684210526316,-7.873,2023-01-04,West Burton B Battery,OTHER,T,P
T_EAAO-2,10,-3.0780000000000003,-2.5482,-12.741,2023-01-25,East Anglia One Offshore 2,WIND,T,P
T_CDCL-1,48,-3.06,-2.955,-70.92,2023-01-11,T_CDCL-1,CCGT,T,P
T_SGRWO-6,48,-3.05,-2.888708333333333,-69.329,2023-07-19,Seagreen1 Offshore WF 6,WIND,T,P
T_SEAB-2,48,-3.0460000000000003,-1.7271666666666665,-41.452000000000005,2023-01-11,Seabank Power Module 2,CCGT,T,P
T_HOWAO-2,18,-3.018,-0.9402222222222222,-8.462,2023-07-26,HORNSEA_1B,WIND,T,P
T_PEMB-21,42,-3.0,-0.819047619047619,-17.2,2023-01-11,Pembroke Unit 21,CCGT,T,P
T_STAY-1,48,-3.0,-0.8541666666666666,-20.5,2023-01-11,Staythorpe Unit 1,CCGT,T,P
T_JGPR-1,1,-3.0,-3.0,-1.5,2023-07-19,High Marnham JGPEARS,BIOMASS,T,P
T_INDQ-1,48,-2.95,-2.299583333333333,-55.19,2023-01-04,Gas Turbine,OCGT,T,P
T_COSO-1,48,-2.942,-2.079625,-49.911,2023-01-11,Coryton Power Station,CCGT,T,P
T_EAAO-1,9,-2.928,-2.644888888888889,-11.902,2023-01-25,East Anglia One Offshore 1,WIND,T,P
T_SEAB-2,17,-2.918,-1.867764705882353,-15.876000000000001,2023-01-18,Seabank Power Module 2,CCGT,T,P
T_TKNWW-1,3,-2.8280000000000003,-2.7566666666666664,-4.135,2023-07-05,Triton Knoll OSP west 1,WIND,T,P
T_COSO-1,48,-2.702,-1.9870833333333333,-47.69,2023-07-19,Coryton Power Station,CCGT,T,P
T_SPLN-1,48,-2.7,-2.589583333333333,-62.15,2023-01-04,Spalding Power Station,CCGT,T,P
T_PEMB-41,1,-2.7,-2.7,-1.35,2023-07-26,Pembroke Unit 41,CCGT,T,P
T_SGRWO-6,9,-2.694,-2.3584444444444443,-10.613,2023-07-05,Seagreen1 Offshore WF 6,WIND,T,P
T_COSO-1,47,-2.694,-1.9605531914893617,-46.073,2023-07-26,Coryton Power Station,CCGT,T,P
T_RCBKO-1,34,-2.678,-2.160529411764706,-36.729,2023-07-19,RACE_BANK_Z01,WIND,T,P
T_SHBA-2,36,-2.676,-1.6665555555555556,-29.998,2023-01-11,SOUTH HUMBER BANK P/S PHASE 2,CCGT,T,P
T_RCBKO-1,2,-2.664,-2.6340000000000003,-2.6340000000000003,2023-07-05,RACE_BANK_Z01,WIND,T,P
T_RCBKO-2,33,-2.632,-2.2013333333333334,-36.322,2023-07-19,RACE_BANK_Z02,WIND,T,P
T_SHBA-2,15,-2.61,-1.9484,-14.613,2023-01-18,SOUTH HUMBER BANK P/S PHASE 2,CCGT,T,P
T_ROCK-1,48,-2.6,-2.3375,-56.1,2023-01-04,Rocksavage Power Station,CCGT,T,P
T_ROCK-1,48,-2.6,-2.3000000000000003,-55.2,2023-01-11,Rocksavage Power Station,CCGT,T,P
T_BEATO-2,8,-2.594,-1.861,-7.444,2023-07-05,Beatrice Offshore WF 2,WIND,T,P
T_BEATO-1,8,-2.5700000000000003,-1.72275,-6.891,2023-07-05,Beatrice Offshore WF 1,WIND,T,P
T_SHBA-2,5,-2.558,-2.1132,-5.2829999999999995,2023-01-25,SOUTH HUMBER BANK P/S PHASE 2,CCGT,T,P
T_CASKD-1,27,-2.52,-1.122962962962963,-15.16,2023-07-12,Castner Kellner,,T,P
T_COSO-1,48,-2.518,-2.017958333333333,-48.431,2023-07-12,Coryton Power Station,CCGT,T,P
T_PEMB-31,48,-2.5,-0.9708333333333333,-23.3,2023-01-11,Pembroke Unit 31,CCGT,T,P
T_PEMB-31,12,-2.5,-1.1083333333333334,-6.65,2023-01-18,Pembroke Unit 31,CCGT,T,P
T_STAY-3,1,-2.5,-2.5,-1.25,2023-07-26,Staythorpe Unit 3,CCGT,T,P
T_PNYCW-1,2,-2.48,-2.175,-2.175,2023-01-25,PNYCW-1 Export,WIND,T,P
T_BEATO-1,11,-2.47,-2.2143636363636365,-12.179,2023-07-26,Beatrice Offshore WF 1,WIND,T,P
T_BEATO-2,12,-2.422,-2.0638333333333336,-12.383000000000001,2023-07-26,Beatrice Offshore WF 2,WIND,T,P
T_INDQ-1,48,-2.42,-2.2641666666666667,-54.34,2023-01-18,Gas Turbine,OCGT,T,P
T_INDQ-1,48,-2.41,-2.285,-54.84,2023-01-11,Gas Turbine,OCGT,T,P
T_INDQ-1,35,-2.41,-2.3245714285714287,-40.68,2023-01-25,Gas Turbine,OCGT,T,P
T_PEMB-31,12,-2.4,-0.8250000000000001,-4.949999999999999,2023-01-04,Pembroke Unit 31,CCGT,T,P
T_PEMB-41,14,-2.4,-0.9785714285714285,-6.85,2023-01-18,Pembroke Unit 41,CCGT,T,P
T_ROCK-1,48,-2.4,-2.275,-54.6,2023-01-18,Rocksavage Power Station,CCGT,T,P
T_PEMB-21,3,-2.4,-1.2666666666666666,-1.9,2023-01-25,Pembroke Unit 21,CCGT,T,P
T_PEMB-41,1,-2.4,-2.4,-1.2,2023-01-25,Pembroke Unit 41,CCGT,T,P
T_STAY-3,1,-2.4,-2.4,-1.2,2023-07-12,Staythorpe Unit 3,CCGT,T,P
T_ROCK-1,48,-2.4,-2.2375000000000003,-53.7,2023-07-26,Rocksavage Power Station,CCGT,T,P
T_STAY-1,1,-2.4,-2.4,-1.2,2023-07-26,Staythorpe Unit 1,CCGT,T,P
T_INDQ-1,48,-2.38,-2.1883333333333335,-52.52,2023-07-26,Gas Turbine,OCGT,T,P
T_INDQ-1,48,-2.33,-2.2014583333333335,-52.835,2023-07-19,Gas Turbine,OCGT,T,P
T_PEMB-31,2,-2.3,-1.5499999999999998,-1.5499999999999998,2023-01-25,Pembroke Unit 31,CCGT,T,P
T_GRGBW-3,5,-2.294,-2.0187999999999997,-5.047,2023-07-19,Greater Gabbard Module 3,WIND,T,P
T_MOWEO-2,2,-2.292,-2.05,-2.05,2023-07-05,Moray East OWF2,WIND,T,P
T_INDQ-1,48,-2.29,-2.136458333333333,-51.275,2023-07-12,Gas Turbine,OCGT,T,P
T_RCBKO-2,1,-2.282,-2.282,-1.141,2023-07-05,RACE_BANK_Z02,WIND,T,P
T_MOWEO-3,12,-2.254,-1.312,-7.872,2023-07-26,Moray East OWF3,WIND,T,P
T_GRGBW-1,5,-2.248,-2.038,-5.095,2023-07-19,Greater Gabbard Module 1,WIND,T,P
T_TORN-2,48,-2.24,-2.1791666666666667,-52.300000000000004,2023-07-26,Torness Generator 2,NUCLEAR,T,P
T_COSO-1,48,-2.204,-1.9368333333333334,-46.484,2023-01-04,Coryton Power Station,CCGT,T,P
T_DIDCB6,48,-2.2,-2.0791666666666666,-49.9,2023-01-11,Didcot B main unit 6,CCGT,T,P
T_PEMB-41,48,-2.2,-0.5854166666666667,-14.05,2023-01-11,Pembroke Unit 41,CCGT,T,P
T_INDQ-1,48,-2.2,-2.1322916666666667,-51.175,2023-07-05,Gas Turbine,OCGT,T,P
T_STAY-1,1,-2.2,-2.2,-1.1,2023-07-12,Staythorpe Unit 1,CCGT,T,P
T_EECL-1,3,-2.162,-1.7286666666666666,-2.593,2023-01-04,Enfield Energy Centre Ltd BMU1,CCGT,T,P
T_KEAD-1,48,-2.14,-1.8618750000000002,-44.685,2023-07-05,KGL CCGT 1,CCGT,T,P
T_FERGD-2,48,-2.128,-1.5983749999999999,-38.361,2023-07-19,NR Ferguslie 2,,T,P
T_FERGD-2,48,-2.108,-1.5203333333333333,-36.488,2023-07-05,NR Ferguslie 2,,T,P
T_TSREP-1,48,-2.106,-2.011625,-48.278999999999996,2023-01-25,MGT TEESIDE TEESREP MAIN,BIOMASS,T,P
T_TSREP-1,48,-2.104,-1.9199583333333334,-46.079,2023-01-18,MGT TEESIDE TEESREP MAIN,BIOMASS,T,P
T_GRAI-6,48,-2.1,-1.48125,-35.55,2023-01-04,T_GRAI-6,CCGT,T,P
T_TSREP-1,48,-2.094,-1.953875,-46.893,2023-01-04,MGT TEESIDE TEESREP MAIN,BIOMASS,T,P
T_SHBA-2,48,-2.092,-1.662375,-39.897,2023-01-04,SOUTH HUMBER BANK P/S PHASE 2,CCGT,T,P
T_RYHPS-1,48,-2.07,-1.630625,-39.135,2023-01-04,T_RYHPS-1,CCGT,T,P
T_MOWEO-1,22,-2.05,-1.4038181818181819,-15.442,2023-01-11,Moray East OWF1,WIND,T,P
T_LARYW-1,11,-2.05,-1.944181818181818,-10.693,2023-01-25,London Array BMU1,WIND,T,P
T_FERGD-2,48,-2.048,-1.5303333333333333,-36.728,2023-07-12,NR Ferguslie 2,,T,P
T_GRGBW-2,4,-2.048,-1.6005,-3.201,2023-07-19,Greater Gabbard Module 2,WIND,T,P
T_TSREP-1,48,-2.004,-1.84575,-44.298,2023-01-11,MGT TEESIDE TEESREP MAIN,BIOMASS,T,P
T_CARR-1,48,-2.0,-1.2291666666666667,-29.5,2023-01-11,Carrington Power Ltd - Unit 1,CCGT,T,P
T_FOYE-1,32,-2.0,-1.8499999999999999,-29.599999999999998,2023-07-12,Foyers G1,PS,T,P
T_STAY-2,2,-2.0,-1.5,-1.5,2023-07-12,Staythorpe Unit 2,CCGT,T,P
T_FOYE-1,27,-2.0,-1.785185185185185,-24.099999999999998,2023-07-19,Foyers G1,PS,T,P
T_FERGD-2,48,-1.976,-1.4702083333333331,-35.285000000000004,2023-07-26,NR Ferguslie 2,,T,P
T_MOWEO-3,12,-1.968,-1.5118333333333334,-9.071,2023-01-11,Moray East OWF3,WIND,T,P
T_WBURB-41,26,-1.968,-0.5561538461538462,-7.2299999999999995,2023-01-11,West Burton B Battery,OTHER,T,P
T_WTMSO-1,2,-1.964,-1.218,-1.218,2023-07-05,WESTERMOST_ROUGH,WIND,T,P
T_MOWEO-2,8,-1.962,-1.734,-6.936,2023-01-11,Moray East OWF2,WIND,T,P
T_GRGBW-3,13,-1.954,-1.8466153846153845,-12.003,2023-01-25,Greater Gabbard Module 3,WIND,T,P
T_PNYCB-1,21,-1.95,-0.49380952380952375,-5.185,2023-01-11,Pen y Cymoedd Battery,,T,P
T_SGRWO-5,48,-1.942,-1.814,-43.536,2023-07-19,Seagreen1 Offshore WF 5,WIND,T,P
T_KEAD-1,48,-1.94,-1.8202083333333334,-43.685,2023-07-19,KGL CCGT 1,CCGT,T,P
T_GRGBW-1,13,-1.932,-1.7913846153846154,-11.644,2023-01-25,Greater Gabbard Module 1,WIND,T,P
T_SGRWO-5,48,-1.932,-1.6552499999999999,-39.726,2023-07-12,Seagreen1 Offshore WF 5,WIND,T,P
T_COSO-1,48,-1.918,-1.7554999999999998,-42.132,2023-07-05,Coryton Power Station,CCGT,T,P
T_FOYE-1,1,-1.9,-1.9,-0.95,2023-01-25,Foyers G1,PS,T,P
T_BRBEO-1,4,-1.872,-1.8035,-3.607,2023-07-19,BURBO_EXTENSION,WIND,T,P
T_FOYED-1,48,-1.864,-0.7884583333333334,-18.923000000000002,2023-07-19,Foyers Stn Txs,,T,P
T_SGRWO-5,7,-1.818,-1.5445714285714285,-5.406,2023-07-05,Seagreen1 Offshore WF 5,WIND,T,P
T_BEATO-4,25,-1.816,-0.9571200000000001,-11.964,2023-01-25,Beatrice Offshore WF 4,WIND,T,P
T_SGRWO-5,48,-1.808,-1.7785,-42.684,2023-07-26,Seagreen1 Offshore WF 5,WIND,T,P
T_LAGA-1,48,-1.8,-1.5374999999999999,-36.900000000000006,2023-01-18,Langage Power Station,CCGT,T,P
T_LAGA-1,48,-1.8,-1.5625,-37.5,2023-01-25,Langage Power Station,CCGT,T,P
T_WBURB-41,39,-1.786,-0.4393846153846154,-8.568,2023-01-25,West Burton B Battery,OTHER,T,P
T_RYHPS-1,48,-1.76,-1.6053750000000002,-38.529,2023-01-11,T_RYHPS-1,CCGT,T,P
T_LARYW-3,12,-1.758,-1.6016666666666666,-9.61,2023-01-25,London Array BMU3,WIND,T,P
T_TSREP-1,48,-1.752,-1.5611666666666668,-37.468,2023-07-12,MGT TEESIDE TEESREP MAIN,BIOMASS,T,P
T_GRGBW-2,15,-1.736,-1.5783999999999998,-11.838,2023-01-25,Greater Gabbard Module 2,WIND,T,P
T_RMPNO-2,21,-1.728,-1.1936190476190476,-12.533,2023-01-25,Rampion Offshore Wind BMU 2,WIND,T,P
T_SGRWO-3,8,-1.706,-1.40575,-5.623,2023-07-05,Seagreen1 Offshore WF 3,WIND,T,P
T_STAY-3,48,-1.7,-1.5916666666666668,-38.2,2023-01-04,Staythorpe Unit 3,CCGT,T,P
T_DIDCB6,48,-1.7,-1.4875,-35.7,2023-07-19,Didcot B main unit 6,CCGT,T,P
T_WBURB-43,26,-1.682,-0.4451538461538461,-5.787,2023-01-11,West Burton B Battery,OTHER,T,P
T_RMPNO-1,20,-1.682,-1.1303,-11.303,2023-01-25,Rampion Offshore Wind BMU 1,WIND,T,P
T_FFES-3,46,-1.68,-1.6013043478260869,-36.830000000000005,2023-01-18,Ffestioniog 3,PS,T,P
T_WHILW-1,9,-1.67,-1.1255555555555554,-5.065,2023-07-19,T_WHILW-1,WIND,T,P
T_FFES-3,44,-1.66,-1.6118181818181818,-35.46,2023-01-25,Ffestioniog 3,PS,T,P
T_SEAB-2,48,-1.658,-1.6218333333333332,-38.924,2023-01-04,Seabank Power Module 2,CCGT,T,P
T_LARYW-2,11,-1.658,-1.5563636363636364,-8.56,2023-01-25,London Array BMU2,WIND,T,P
T_LARYW-4,12,-1.658,-1.5478333333333332,-9.287,2023-01-25,London Array BMU4,WIND,T,P
T_FFES-3,42,-1.64,-1.6004761904761904,-33.61,2023-01-04,Ffestioniog 3,PS,T,P
T_FFES-3,36,-1.64,-1.607222222222222,-28.930000000000003,2023-01-11,Ffestioniog 3,PS,T,P
T_FOYED-1,48,-1.634,-0.7821250000000001,-18.771,2023-07-26,Foyers Stn Txs,,T,P
T_RMPNO-2,16,-1.632,-1.168625,-9.349,2023-07-26,Rampion Offshore Wind BMU 2,WIND,T,P
T_RMPNO-1,17,-1.626,-1.1761176470588235,-9.997,2023-07-26,Rampion Offshore Wind BMU 1,WIND,T,P
T_LAGA-1,48,-1.6,-1.4666666666666668,-35.2,2023-01-11,Langage Power Station,CCGT,T,P
T_STAY-3,48,-1.6,-0.8666666666666667,-20.8,2023-01-11,Staythorpe Unit 3,CCGT,T,P
T_DINO-5,48,-1.6,-1.3375000000000001,-32.1,2023-07-19,Dinorwig 5,PS,T,P
T_DINO-5,48,-1.6,-1.4666666666666668,-35.2,2023-07-26,Dinorwig 5,PS,T,P
T_FFES-4,41,-1.6,-0.2702439024390244,-5.54,2023-07-26,Ffestioniog 4,PS,T,P
T_FOYED-1,48,-1.598,-1.0189166666666667,-24.454,2023-07-05,Foyers Stn Txs,,T,P
T_WBURB-43,31,-1.594,-0.5010322580645161,-7.766,2023-07-26,West Burton B Battery,OTHER,T,P
T_LARYW-4,9,-1.572,-0.38022222222222224,-1.711,2023-07-26,London Array BMU4,WIND,T,P
T_FOYED-1,48,-1.52,-0.9305833333333333,-22.334,2023-07-12,Foyers Stn Txs,,T,P
T_LARYW-3,2,-1.514,-1.096,-1.096,2023-07-26,London Array BMU3,WIND,T,P
T_DINO-5,48,-1.5,-1.4479166666666667,-34.75,2023-07-05,Dinorwig 5,PS,T,P
T_MOWEO-3,4,-1.5,-0.948,-1.8960000000000001,2023-07-05,Moray East OWF3,WIND,T,P
T_DINO-5,48,-1.5,-1.4333333333333333,-34.4,2023-07-12,Dinorwig 5,PS,T,P
T_DINO-3,48,-1.5,-1.1291666666666667,-27.1,2023-07-19,Dinorwig 3,PS,T,P
T_DINO-3,48,-1.5,-1.3354166666666665,-32.050000000000004,2023-07-26,Dinorwig 3,PS,T,P
T_WHILW-1,1,-1.484,-1.484,-0.742,2023-01-04,T_WHILW-1,WIND,T,P
T_SGRWO-3,48,-1.468,-1.4099583333333332,-33.839,2023-07-12,Seagreen1 Offshore WF 3,WIND,T,P
T_SGRWO-3,48,-1.466,-1.427875,-34.269,2023-07-26,Seagreen1 Offshore WF 3,WIND,T,P
T_DAMC-1,48,-1.46,-1.346875,-32.325,2023-01-11,Damhead Creek Ltd.,CCGT,T,P
T_GRGBW-3,2,-1.456,-1.278,-1.278,2023-07-05,Greater Gabbard Module 3,WIND,T,P
T_CARR-2,48,-1.4,-0.7666666666666666,-18.4,2023-01-11,Carrington Power Ltd - Unit 2,CCGT,T,P
T_SUTB-1,48,-1.4,-0.9041666666666667,-21.7,2023-01-25,BMUid for Sutton Bridge Power,CCGT,T,P
T_DINO-3,48,-1.4,-1.325,-31.8,2023-07-12,Dinorwig 3,PS,T,P
T_LAGA-1,48,-1.4,-1.1125,-26.7,2023-07-12,Langage Power Station,CCGT,T,P
T_ROCK-1,48,-1.4,-0.9500000000000001,-22.8,2023-07-12,Rocksavage Power Station,CCGT,T,P
T_DDGNO-1,4,-1.396,-0.8825,-1.7650000000000001,2023-07-05,Dudgeon Generator BMU 1,WIND,T,P
T_TSREP-1,48,-1.39,-1.2819583333333333,-30.767,2023-07-05,MGT TEESIDE TEESREP MAIN,BIOMASS,T,P
T_LARYW-1,3,-1.38,-0.7806666666666665,-1.171,2023-07-19,London Array BMU1,WIND,T,P
T_KEAD-1,48,-1.34,-1.193125,-28.635,2023-07-12,KGL CCGT 1,CCGT,T,P
T_SGRWO-4,48,-1.336,-1.2492916666666667,-29.983,2023-07-12,Seagreen1 Offshore WF 4,WIND,T,P
T_DDGNO-1,27,-1.336,-1.033925925925926,-13.958,2023-07-19,Dudgeon Generator BMU 1,WIND,T,P
T_DDGNO-4,27,-1.322,-1.003111111111111,-13.542,2023-07-19,Dudgeon Generator BMU 4,WIND,T,P
T_WBURB-43,30,-1.322,-0.41173333333333334,-6.176,2023-07-19,West Burton B Battery,OTHER,T,P
T_FOYED-1,48,-1.316,-0.7710416666666666,-18.505,2023-01-04,Foyers Stn Txs,,T,P
T_BEATO-3,24,-1.312,-0.9038333333333334,-10.846,2023-01-25,Beatrice Offshore WF 3,WIND,T,P
T_DDGNO-4,4,-1.3,-0.869,-1.738,2023-07-05,Dudgeon Generator BMU 4,WIND,T,P
T_DINO-3,48,-1.3,-1.1812500000000001,-28.35,2023-07-05,Dinorwig 3,PS,T,P
T_GRGBW-1,2,-1.29,-1.23,-1.23,2023-07-05,Greater Gabbard Module 1,WIND,T,P
T_SGRWO-3,48,-1.284,-1.1694166666666665,-28.066,2023-07-19,Seagreen1 Offshore WF 3,WIND,T,P
T_DDGNO-3,4,-1.27,-0.9495,-1.899,2023-07-05,Dudgeon Generator BMU 3,WIND,T,P
T_LNCSW-2,24,-1.26,-0.9715833333333334,-11.659,2023-07-19,Lincs wind farm offshore BMU2,WIND,T,P
T_LARYW-4,4,-1.25,-0.8195,-1.639,2023-07-19,London Array BMU4,WIND,T,P
T_LARYW-2,3,-1.23,-0.8986666666666666,-1.3479999999999999,2023-07-19,London Array BMU2,WIND,T,P
T_CLDSW-1,4,-1.22,-0.8425,-1.685,2023-07-19,Clyde South,WIND,T,P
T_WHILW-1,1,-1.21,-1.21,-0.605,2023-07-26,T_WHILW-1,WIND,T,P
T_DIDCB6,48,-1.2,-0.8020833333333334,-19.25,2023-07-05,Didcot B main unit 6,CCGT,T,P
T_LAGA-1,48,-1.2,-1.0208333333333333,-24.5,2023-07-05,Langage Power Station,CCGT,T,P
T_GRAI-7,48,-1.2,-0.5583333333333333,-13.4,2023-07-12,T_GRAI-7,CCGT,T,P
T_LAGA-1,48,-1.2,-1.0291666666666666,-24.7,2023-07-19,Langage Power Station,CCGT,T,P
T_MRWD-1,48,-1.2,-0.875,-21.0,2023-07-19,Marchwood Power Ltd,CCGT,T,P
T_LAGA-1,48,-1.2,-0.975,-23.4,2023-07-26,Langage Power Station,CCGT,T,P
T_DDGNO-2,3,-1.192,-0.848,-1.272,2023-07-05,Dudgeon Generator BMU 2,WIND,T,P
T_HMGTO-2,29,-1.188,-0.8993103448275863,-13.040000000000001,2023-07-19,Humber Offshore Wind Farm BMU2,WIND,T,P
T_SGRWO-4,48,-1.184,-1.1009583333333335,-26.423000000000002,2023-07-26,Seagreen1 Offshore WF 4,WIND,T,P
T_FOYED-1,48,-1.182,-0.7243333333333334,-17.384,2023-01-18,Foyers Stn Txs,,T,P
T_HMGTO-1,25,-1.176,-0.78968,-9.871,2023-07-19,Humber Offshore Wind Farm BMU1,WIND,T,P
T_DDGNO-2,27,-1.166,-0.8835555555555555,-11.928,2023-07-19,Dudgeon Generator BMU 2,WIND,T,P
T_FERGD-1,48,-1.16,-0.5917083333333334,-14.201,2023-07-05,NR Ferguslie 1,,T,P
T_WBURB-43,33,-1.156,-0.33872727272727277,-5.5889999999999995,2023-01-25,West Burton B Battery,OTHER,T,P
T_GRIFW-1,20,-1.154,-0.7239000000000001,-7.239000000000001,2023-07-05,Griffin Wind Farm 1,WIND,T,P
T_LNCSW-2,1,-1.146,-1.146,-0.5730000000000001,2023-07-05,Lincs wind farm offshore BMU2,WIND,T,P
T_DDGNO-3,26,-1.142,-0.91,-11.83,2023-07-19,Dudgeon Generator BMU 3,WIND,T,P
T_GRIFW-1,4,-1.142,-0.9119999999999999,-1.8240000000000003,2023-07-19,Griffin Wind Farm 1,WIND,T,P
T_HMGTO-2,2,-1.136,-1.06,-1.06,2023-07-05,Humber Offshore Wind Farm BMU2,WIND,T,P
T_SGRWO-4,10,-1.136,-0.85,-4.25,2023-07-05,Seagreen1 Offshore WF 4,WIND,T,P
T_GRIFW-1,19,-1.132,-0.7943157894736842,-7.546,2023-07-26,Griffin Wind Farm 1,WIND,T,P
T_GRIFW-2,13,-1.13,-0.7992307692307693,-5.195,2023-07-05,Griffin Wind Farm 2,WIND,T,P
T_LNCSW-1,26,-1.128,-0.9470769230769231,-12.312000000000001,2023-07-19,Lincs wind farm offshore BMU1,WIND,T,P
T_HMGTO-1,1,-1.12,-1.12,-0.56,2023-01-11,Humber Offshore Wind Farm BMU1,WIND,T,P
T_GRIFW-2,17,-1.116,-0.7748235294117647,-6.586,2023-07-26,Griffin Wind Farm 2,WIND,T,P
T_FOYED-1,48,-1.104,-0.6062500000000001,-14.55,2023-01-25,Foyers Stn Txs,,T,P
T_FERGD-1,46,-1.102,-0.5846521739130435,-13.447000000000001,2023-07-19,NR Ferguslie 1,,T,P
T_FOYED-1,48,-1.098,-0.5008750000000001,-12.021,2023-01-11,Foyers Stn Txs,,T,P
T_KILLPG-1,48,-1.092,-0.9652083333333333,-23.165,2023-01-11,T_KILLPG-1,CCGT,T,P
T_WBURB-43,30,-1.09,-0.3596666666666667,-5.3950000000000005,2023-07-12,West Burton B Battery,OTHER,T,P
T_GRIFW-2,4,-1.082,-0.935,-1.87,2023-07-19,Griffin Wind Farm 2,WIND,T,P
T_FERGD-1,48,-1.078,-0.558875,-13.413,2023-07-26,NR Ferguslie 1,,T,P
T_FERGD-1,46,-1.074,-0.5754347826086956,-13.235,2023-07-12,NR Ferguslie 1,,T,P
T_KILLPG-1,48,-1.072,-0.9645,-23.148,2023-01-18,T_KILLPG-1,CCGT,T,P
T_SGRWO-4,48,-1.072,-0.9890416666666666,-23.737,2023-07-19,Seagreen1 Offshore WF 4,WIND,T,P
T_SHRSW-1,30,-1.054,-0.7474000000000001,-11.211,2023-07-19,Sheringham Shoal Unit 1,WIND,T,P
T_HOWAO-1,1,-1.052,-1.052,-0.526,2023-07-05,HORNSEA_1A,WIND,T,P
T_ABRBO-1,2,-1.046,-1.036,-1.036,2023-07-12,ABRBO-1,WIND,T,P
T_ABRBO-1,9,-1.046,-0.9035555555555556,-4.066,2023-07-26,ABRBO-1,WIND,T,P
T_WHILW-2,4,-1.04,-0.771,-1.542,2023-01-04,Whitelee Extension,WIND,T,P
T_WBURB-41,36,-1.026,-0.33866666666666667,-6.096,2023-01-18,West Burton B Battery,OTHER,T,P
T_BEATO-2,25,-1.026,-0.68696,-8.587,2023-01-25,Beatrice Offshore WF 2,WIND,T,P
T_BHLAW-1,31,-1.024,-0.911741935483871,-14.132,2023-01-11,Bhlaraidh Windfarm 1,WIND,T,P
T_ABRBO-1,27,-1.018,-0.8409629629629629,-11.353,2023-07-05,ABRBO-1,WIND,T,P
T_STAY-4,48,-1.0,-0.8354166666666667,-20.05,2023-01-04,Staythorpe Unit 4,CCGT,T,P
T_SVRP-10,48,-1.0,-0.8937499999999999,-21.45,2023-01-18,Dong Energy Severn Power Ut 10,CCGT,T,P
T_SUTB-1,48,-1.0,-0.9166666666666666,-22.0,2023-07-05,BMUid for Sutton Bridge Power,CCGT,T,P
T_SUTB-1,48,-1.0,-0.8083333333333335,-19.400000000000002,2023-07-12,BMUid for Sutton Bridge Power,CCGT,T,P
T_SUTB-1,48,-1.0,-0.9416666666666668,-22.6,2023-07-19,BMUid for Sutton Bridge Power,CCGT,T,P
T_SUTB-1,48,-1.0,-0.8916666666666667,-21.400000000000002,2023-07-26,BMUid for Sutton Bridge Power,CCGT,T,P
T_GYMR-17,3,-0.98,-0.9466666666666667,-1.42,2023-07-19,GyM OSPE 17,WIND,T,P
T_KLGLW-1,6,-0.972,-0.4483333333333333,-1.345,2023-07-26,Kilgallioch Windfarm,WIND,T,P
T_SHRSW-2,30,-0.944,-0.7580666666666667,-11.371,2023-07-19,Sheringham Shoal Unit 2,WIND,T,P
T_THNTO-2,9,-0.942,-0.733111111111111,-3.299,2023-07-19,Thanet Offshore Wind Limited 2,WIND,T,P
T_HMGTO-1,2,-0.932,-0.8720000000000001,-0.8720000000000001,2023-07-05,Humber Offshore Wind Farm BMU1,WIND,T,P
T_BHLAW-1,21,-0.928,-0.7391428571428571,-7.761,2023-07-05,Bhlaraidh Windfarm 1,WIND,T,P
T_KILLPG-1,48,-0.926,-0.9121250000000001,-21.891000000000002,2023-01-25,T_KILLPG-1,CCGT,T,P
T_THNTO-1,9,-0.924,-0.7526666666666667,-3.387,2023-07-19,Thanet Offshore Wind Limited 1,WIND,T,P
T_HRSTW-1,12,-0.91,-0.7598333333333334,-4.559,2023-07-12,Harestanes,WIND,T,P
T_LARYW-3,4,-0.904,-0.5505,-1.101,2023-07-19,London Array BMU3,WIND,T,P
T_KEAD-2,48,-0.904,-0.7922916666666667,-19.015,2023-07-26,Keadby-2 Main,CCGT,T,P
T_DIDCB6,48,-0.9,-0.7854166666666668,-18.85,2023-01-04,Didcot B main unit 6,CCGT,T,P
T_STAY-4,48,-0.9,-0.7062500000000002,-16.95,2023-01-11,Staythorpe Unit 4,CCGT,T,P
T_SVRP-10,48,-0.9,-0.7250000000000001,-17.4,2023-01-25,Dong Energy Severn Power Ut 10,CCGT,T,P
T_ARCHW-1,6,-0.892,-0.461,-1.383,2023-07-05,Arecleoch,WIND,T,P
T_BHLAW-1,4,-0.89,-0.6455,-1.291,2023-01-04,Bhlaraidh Windfarm 1,WIND,T,P
T_BHLAW-1,24,-0.89,-0.6809166666666666,-8.171,2023-07-26,Bhlaraidh Windfarm 1,WIND,T,P
T_SAKNW-1,4,-0.882,-0.8415,-1.683,2023-07-12,Sandy Knowe Wind Farm,WIND,T,P
T_GYMR-15,3,-0.88,-0.8333333333333334,-1.25,2023-07-19,GyM OSPE 15,WIND,T,P
T_THNTO-1,5,-0.88,-0.7003999999999999,-1.751,2023-07-26,Thanet Offshore Wind Limited 1,WIND,T,P
T_KEAD-2,48,-0.866,-0.778375,-18.681,2023-01-04,Keadby-2 Main,CCGT,T,P
T_WBURB-41,30,-0.864,-0.29433333333333334,-4.415,2023-07-19,West Burton B Battery,OTHER,T,P
T_WBURB-41,25,-0.858,-0.30368,-3.796,2023-07-12,West Burton B Battery,OTHER,T,P
T_THNTO-2,5,-0.856,-0.6599999999999999,-1.65,2023-07-26,Thanet Offshore Wind Limited 2,WIND,T,P
T_KEAD-2,48,-0.854,-0.7907083333333333,-18.977,2023-01-11,Keadby-2 Main,CCGT,T,P
T_SHRSW-2,2,-0.852,-0.8109999999999999,-0.8109999999999999,2023-07-26,Sheringham Shoal Unit 2,WIND,T,P
T_KLGLW-1,4,-0.85,-0.6595,-1.319,2023-07-05,Kilgallioch Windfarm,WIND,T,P
T_KILLPG-1,48,-0.846,-0.8283333333333335,-19.88,2023-01-04,T_KILLPG-1,CCGT,T,P
T_KILLPG-1,48,-0.834,-0.7590416666666666,-18.217,2023-07-12,T_KILLPG-1,CCGT,T,P
T_GANW-13,4,-0.8200000000000001,-0.5850000000000001,-1.17,2023-07-19,Galloper OSP 13,WIND,T,P
T_GRAI-6,48,-0.8,-0.7041666666666667,-16.9,2023-01-11,T_GRAI-6,CCGT,T,P
T_SCCL-3,48,-0.8,-0.7458333333333335,-17.9,2023-01-11,Unit 3,CCGT,T,P
T_SVRP-10,48,-0.8,-0.6875,-16.5,2023-01-11,Dong Energy Severn Power Ut 10,CCGT,T,P
T_MRWD-1,48,-0.8,-0.6083333333333333,-14.6,2023-07-12,Marchwood Power Ltd,CCGT,T,P
T_GANW-24,5,-0.8,-0.68,-1.7,2023-07-19,Galloper OSP 24,WIND,T,P
T_GYMR-26,3,-0.8,-0.56,-0.8400000000000001,2023-07-19,GyM OSPW 26,WIND,T,P
T_GNFSW-1,3,-0.8,-0.7600000000000001,-1.1400000000000001,2023-07-26,Gunfleet Sands 1,WIND,T,P
T_GYMR-26,4,-0.8,-0.5800000000000001,-1.16,2023-07-26,GyM OSPW 26,WIND,T,P
T_MRWD-1,48,-0.8,-0.5916666666666667,-14.2,2023-07-26,Marchwood Power Ltd,CCGT,T,P
T_KILLPG-1,48,-0.798,-0.7661250000000001,-18.387,2023-07-19,T_KILLPG-1,CCGT,T,P
T_LARYW-1,1,-0.794,-0.794,-0.397,2023-07-26,London Array BMU1,WIND,T,P
T_STLGW-2,10,-0.79,-0.6462,-3.231,2023-07-05,Stronelairg Windfarm 2,WIND,T,P
T_GNFSW-1,8,-0.786,-0.5165,-2.066,2023-07-19,Gunfleet Sands 1,WIND,T,P
T_HRSTW-1,5,-0.782,-0.7300000000000001,-1.825,2023-07-05,Harestanes,WIND,T,P
T_KILLPG-1,48,-0.778,-0.7607083333333334,-18.257,2023-07-05,T_KILLPG-1,CCGT,T,P
T_WLNYO-3,2,-0.776,-0.744,-0.744,2023-07-19,WALNEY_3,WIND,T,P
T_GANW-22,5,-0.76,-0.708,-1.77,2023-07-19,Galloper OSP 22,WIND,T,P
T_STLGW-1,13,-0.758,-0.502,-3.263,2023-07-05,Stronelairg Windfarm 1,WIND,T,P
T_SAKNW-1,18,-0.758,-0.655888888888889,-5.903,2023-07-26,Sandy Knowe Wind Farm,WIND,T,P
T_GANW-11,5,-0.756,-0.5900000000000001,-1.475,2023-07-19,Galloper OSP 11,WIND,T,P
T_STLGW-2,20,-0.756,-0.5334,-5.334,2023-07-26,Stronelairg Windfarm 2,WIND,T,P
T_STLGW-2,3,-0.75,-0.3473333333333333,-0.521,2023-01-04,Stronelairg Windfarm 2,WIND,T,P
T_KILLPG-1,12,-0.75,-0.7421666666666668,-4.453,2023-07-26,T_KILLPG-1,CCGT,T,P
T_DRSLW-1,3,-0.748,-0.4633333333333334,-0.6950000000000001,2023-07-26,Dersalloch Windfarm,WIND,T,P
T_WBURB-43,39,-0.746,-0.25866666666666666,-5.044,2023-01-18,West Burton B Battery,OTHER,T,P
T_STLGW-1,3,-0.742,-0.6779999999999999,-1.017,2023-01-04,Stronelairg Windfarm 1,WIND,T,P
T_DRSLW-1,6,-0.738,-0.6749999999999999,-2.025,2023-07-05,Dersalloch Windfarm,WIND,T,P
T_SAKNW-1,4,-0.736,-0.3145,-0.629,2023-07-05,Sandy Knowe Wind Farm,WIND,T,P
T_HMGTO-2,19,-0.732,-0.7181052631578947,-6.822,2023-01-11,Humber Offshore Wind Farm BMU2,WIND,T,P
T_STLGW-3,20,-0.732,-0.4652,-4.652,2023-07-05,Stronelairg Windfarm 3,WIND,T,P
T_HRSTW-1,8,-0.71,-0.66,-2.64,2023-07-26,Harestanes,WIND,T,P
T_STLGW-3,2,-0.708,-0.499,-0.499,2023-01-04,Stronelairg Windfarm 3,WIND,T,P
T_WHILW-2,18,-0.7020000000000001,-0.6036666666666667,-5.433,2023-07-19,Whitelee Extension,WIND,T,P
T_STLGW-1,20,-0.7020000000000001,-0.5403,-5.403,2023-07-26,Stronelairg Windfarm 1,WIND,T,P
T_SVRP-10,48,-0.7000000000000001,-0.6625,-15.899999999999999,2023-01-04,Dong Energy Severn Power Ut 10,CCGT,T,P
T_SVRP-20,48,-0.7000000000000001,-0.6166666666666667,-14.799999999999999,2023-01-18,Dong Energy Severn Power Ut 20,CCGT,T,P
T_SVRP-10,48,-0.7000000000000001,-0.5604166666666667,-13.45,2023-07-12,Dong Energy Severn Power Ut 10,CCGT,T,P
T_GRAI-7,48,-0.7000000000000001,-0.5770833333333333,-13.85,2023-07-19,T_GRAI-7,CCGT,T,P
T_WBURB-41,36,-0.6960000000000001,-0.2668888888888889,-4.804,2023-07-26,West Burton B Battery,OTHER,T,P
T_LNCSW-1,1,-0.6940000000000001,-0.6940000000000001,-0.347,2023-07-05,Lincs wind farm offshore BMU1,WIND,T,P
T_DRSLW-1,4,-0.6940000000000001,-0.629,-1.258,2023-07-19,Dersalloch Windfarm,WIND,T,P
T_PNYCB-1,26,-0.6900000000000001,-0.12230769230769231,-1.5899999999999999,2023-01-18,Pen y Cymoedd Battery,,T,P
T_DUNGW-1,2,-0.6880000000000001,-0.656,-0.6559999999999999,2023-01-04,Dunmglass Windfarm 1,WIND,T,P
T_BEATO-1,24,-0.6880000000000001,-0.5866666666666667,-7.04,2023-01-25,Beatrice Offshore WF 1,WIND,T,P
T_CREAW-1,25,-0.682,-0.3896,-4.87,2023-07-26,Creag Riabhach Wind Farm,WIND,T,P
T_DOREW-1,30,-0.672,-0.42100000000000004,-6.315,2023-07-05,Dorenell Wind Farm One,WIND,T,P
T_STLGW-2,6,-0.672,-0.515,-1.545,2023-07-19,Stronelairg Windfarm 2,WIND,T,P
T_DUNGW-1,20,-0.664,-0.6052,-6.052,2023-07-05,Dunmglass Windfarm 1,WIND,T,P
T_HMGTO-1,3,-0.664,-0.48066666666666674,-0.7210000000000001,2023-07-26,Humber Offshore Wind Farm BMU1,WIND,T,P
T_KILLPG-2,48,-0.658,-0.642,-15.408000000000001,2023-01-11,T_KILLPG-2,CCGT,T,P
T_KILLPG-2,48,-0.658,-0.6230416666666666,-14.953,2023-01-18,T_KILLPG-2,CCGT,T,P
T_STLGW-3,21,-0.654,-0.47371428571428575,-4.974,2023-07-26,Stronelairg Windfarm 3,WIND,T,P
T_SEEL-1,48,-0.652,-0.35179166666666667,-8.443,2023-07-05,Spalding Energy Expansion Ltd,OCGT,T,P
T_HRSTW-1,15,-0.652,-0.5248,-3.936,2023-07-19,Harestanes,WIND,T,P
T_SEEL-1,48,-0.652,-0.33958333333333335,-8.15,2023-07-19,Spalding Energy Expansion Ltd,OCGT,T,P
T_SEEL-1,48,-0.648,-0.347625,-8.343,2023-07-12,Spalding Energy Expansion Ltd,OCGT,T,P
T_DOREW-1,15,-0.646,-0.4824,-3.618,2023-07-26,Dorenell Wind Farm One,WIND,T,P
T_DUNGW-1,22,-0.646,-0.5746363636363636,-6.321,2023-07-26,Dunmglass Windfarm 1,WIND,T,P
T_SEEL-1,48,-0.646,-0.35325,-8.478,2023-07-26,Spalding Energy Expansion Ltd,OCGT,T,P
T_CREAW-1,30,-0.644,-0.3948,-5.922,2023-07-05,Creag Riabhach Wind Farm,WIND,T,P
T_GANW-13,12,-0.64,-0.6,-3.6,2023-01-25,Galloper OSP 13,WIND,T,P
T_WHILW-2,11,-0.638,-0.5323636363636364,-2.928,2023-07-12,Whitelee Extension,WIND,T,P
T_GANW-11,13,-0.636,-0.5573846153846154,-3.6229999999999998,2023-01-25,Galloper OSP 11,WIND,T,P
T_KILLPG-2,48,-0.634,-0.6244166666666667,-14.986,2023-01-04,T_KILLPG-2,CCGT,T,P
T_STLGW-1,6,-0.632,-0.5566666666666666,-1.67,2023-07-19,Stronelairg Windfarm 1,WIND,T,P
T_GNFSW-1,9,-0.626,-0.6066666666666667,-2.73,2023-01-25,Gunfleet Sands 1,WIND,T,P
T_GANW-24,11,-0.62,-0.5527272727272727,-3.04,2023-01-25,Galloper OSP 24,WIND,T,P
T_GANW-24,2,-0.62,-0.45999999999999996,-0.45999999999999996,2023-07-05,Galloper OSP 24,WIND,T,P
T_KILLPG-2,48,-0.62,-0.547,-13.128,2023-07-12,T_KILLPG-2,CCGT,T,P
T_WHILW-2,2,-0.618,-0.567,-0.567,2023-07-26,Whitelee Extension,WIND,T,P
T_STLGW-3,11,-0.606,-0.40872727272727266,-2.2479999999999998,2023-07-19,Stronelairg Windfarm 3,WIND,T,P
T_SCCL-3,48,-0.6,-0.5854166666666666,-14.049999999999999,2023-01-04,Unit 3,CCGT,T,P
T_SUTB-1,48,-0.6,-0.41250000000000003,-9.9,2023-01-04,BMUid for Sutton Bridge Power,CCGT,T,P
T_SUTB-1,46,-0.6,-0.3826086956521739,-8.8,2023-01-11,BMUid for Sutton Bridge Power,CCGT,T,P
T_SUTB-1,47,-0.6,-0.40425531914893614,-9.5,2023-01-18,BMUid for Sutton Bridge Power,CCGT,T,P
T_SVRP-20,48,-0.6,-0.46875,-11.25,2023-01-25,Dong Energy Severn Power Ut 20,CCGT,T,P
T_MRWD-1,48,-0.6,-0.525,-12.6,2023-07-05,Marchwood Power Ltd,CCGT,T,P
T_STAY-1,48,-0.6,-0.5375,-12.9,2023-07-05,Staythorpe Unit 1,CCGT,T,P
T_SVRP-10,48,-0.6,-0.5458333333333333,-13.1,2023-07-05,Dong Energy Severn Power Ut 10,CCGT,T,P
T_CARR-1,25,-0.6,-0.21600000000000003,-2.7,2023-07-12,Carrington Power Ltd - Unit 1,CCGT,T,P
T_SVRP-20,48,-0.6,-0.40625,-9.75,2023-07-12,Dong Energy Severn Power Ut 20,CCGT,T,P
T_SVRP-10,48,-0.6,-0.5479166666666667,-13.15,2023-07-19,Dong Energy Severn Power Ut 10,CCGT,T,P
T_SVRP-10,48,-0.6,-0.5645833333333333,-13.549999999999999,2023-07-26,Dong Energy Severn Power Ut 10,CCGT,T,P
T_KILLPG-2,48,-0.598,-0.5821666666666666,-13.972,2023-01-25,T_KILLPG-2,CCGT,T,P
T_MKHLW-1,19,-0.596,-0.3991578947368421,-3.792,2023-07-26,Mark Hill,WIND,T,P
T_KILLPG-2,48,-0.594,-0.5591666666666667,-13.42,2023-07-19,T_KILLPG-2,CCGT,T,P
T_DOREW-2,26,-0.586,-0.39853846153846156,-5.181,2023-07-05,Dorenell Wind Farm Two,WIND,T,P
T_KILLPG-2,12,-0.586,-0.5790000000000001,-3.4739999999999998,2023-07-26,T_KILLPG-2,CCGT,T,P
T_SHBA-2,48,-0.584,-0.4871666666666667,-11.692,2023-07-05,SOUTH HUMBER BANK P/S PHASE 2,CCGT,T,P
T_GRIFW-1,2,-0.582,-0.39699999999999996,-0.39699999999999996,2023-01-04,Griffin Wind Farm 1,WIND,T,P
T_BLLA-1,21,-0.582,-0.4235238095238095,-4.447,2023-07-19,T_BLLA-1,WIND,T,P
T_GANW-22,12,-0.58,-0.535,-3.21,2023-01-25,Galloper OSP 22,WIND,T,P
T_DOREW-2,16,-0.58,-0.475875,-3.807,2023-07-26,Dorenell Wind Farm Two,WIND,T,P
T_GNFSW-2,9,-0.5660000000000001,-0.48066666666666663,-2.163,2023-01-25,Gunfleet Sands 2,WIND,T,P
T_DOREW-1,11,-0.56,-0.522,-2.871,2023-01-18,Dorenell Wind Farm One,WIND,T,P
T_KILLPG-2,48,-0.56,-0.546625,-13.119000000000002,2023-07-05,T_KILLPG-2,CCGT,T,P
T_DOREW-1,5,-0.558,-0.3472,-0.868,2023-01-04,Dorenell Wind Farm One,WIND,T,P
T_MKHLW-1,7,-0.542,-0.4288571428571428,-1.501,2023-07-05,Mark Hill,WIND,T,P
T_DOREW-1,3,-0.524,-0.5213333333333333,-0.782,2023-01-11,Dorenell Wind Farm One,WIND,T,P
T_RRWW-1,16,-0.514,-0.389125,-3.113,2023-07-19,T_RRWW-1,WIND,T,P
T_SHBA-2,48,-0.514,-0.4824583333333334,-11.579,2023-07-19,SOUTH HUMBER BANK P/S PHASE 2,CCGT,T,P
T_BLLA-1,3,-0.512,-0.4713333333333333,-0.707,2023-07-26,T_BLLA-1,WIND,T,P
T_GNFSW-2,3,-0.51,-0.4626666666666666,-0.694,2023-07-26,Gunfleet Sands 2,WIND,T,P
T_SHBA-2,48,-0.51,-0.48854166666666665,-11.725,2023-07-26,SOUTH HUMBER BANK P/S PHASE 2,CCGT,T,P
T_DOREW-1,16,-0.502,-0.45987500000000003,-3.6790000000000003,2023-01-25,Dorenell Wind Farm One,WIND,T,P
T_SHBA-2,48,-0.502,-0.470875,-11.301,2023-07-12,SOUTH HUMBER BANK P/S PHASE 2,CCGT,T,P
T_SVRP-20,48,-0.5,-0.40416666666666673,-9.700000000000001,2023-01-04,Dong Energy Severn Power Ut 20,CCGT,T,P
T_SVRP-20,48,-0.5,-0.42291666666666666,-10.15,2023-01-11,Dong Energy Severn Power Ut 20,CCGT,T,P
T_SVRP-20,48,-0.5,-0.39375000000000004,-9.450000000000001,2023-07-05,Dong Energy Severn Power Ut 20,CCGT,T,P
T_SVRP-20,48,-0.5,-0.40625,-9.75,2023-07-19,Dong Energy Severn Power Ut 20,CCGT,T,P
T_SVRP-20,48,-0.5,-0.39375000000000004,-9.450000000000001,2023-07-26,Dong Energy Severn Power Ut 20,CCGT,T,P
T_DOUGW-1,14,-0.496,-0.3097142857142857,-2.168,2023-07-19,T-DOUGW-1,WIND,T,P
T_RREW-1,12,-0.496,-0.3993333333333333,-2.396,2023-07-19,T_RREW-1,WIND,T,P
T_BLLA-1,4,-0.492,-0.42,-0.84,2023-07-12,T_BLLA-1,WIND,T,P
T_DOUGW-1,1,-0.482,-0.482,-0.241,2023-01-11,T-DOUGW-1,WIND,T,P
T_HADHW-1,20,-0.476,-0.4213,-4.213,2023-07-19,Hadyard Hill Wind Farm,WIND,T,P
T_BEINW-1,27,-0.476,-0.37607407407407406,-5.077,2023-07-26,Beinneun Wind farm,WIND,T,P
T_AKGLW-3,9,-0.472,-0.26911111111111113,-1.211,2023-01-11,AIKENGALL2A-W,WIND,T,P
T_MOWEO-1,1,-0.47,-0.47,-0.235,2023-01-04,Moray East OWF1,WIND,T,P
T_GYMR-28,1,-0.46,-0.46,-0.23,2023-07-19,GyM OSPW 28,WIND,T,P
T_DOUGW-1,5,-0.442,-0.28040000000000004,-0.7010000000000001,2023-01-04,T-DOUGW-1,WIND,T,P
T_HADHW-1,6,-0.44,-0.42333333333333334,-1.27,2023-01-11,Hadyard Hill Wind Farm,WIND,T,P
T_GNFSW-2,6,-0.43,-0.26999999999999996,-0.8099999999999999,2023-07-19,Gunfleet Sands 2,WIND,T,P
T_DOUGW-1,6,-0.428,-0.2356666666666667,-0.7070000000000001,2023-07-12,T-DOUGW-1,WIND,T,P
T_SHRSW-2,1,-0.418,-0.418,-0.209,2023-07-05,Sheringham Shoal Unit 2,WIND,T,P
T_AFTOW-1,4,-0.418,-0.298,-0.596,2023-07-19,Afton Wind Farm,WIND,T,P
T_BEINW-1,6,-0.418,-0.244,-0.732,2023-07-19,Beinneun Wind farm,WIND,T,P
T_DOREW-2,5,-0.416,-0.3392,-0.848,2023-01-04,Dorenell Wind Farm Two,WIND,T,P
T_DOREW-2,15,-0.416,-0.3846666666666667,-2.8850000000000002,2023-01-25,Dorenell Wind Farm Two,WIND,T,P
T_BEINW-1,16,-0.416,-0.309,-2.472,2023-07-05,Beinneun Wind farm,WIND,T,P
T_STRNW-1,22,-0.406,-0.3521818181818182,-3.874,2023-07-05,Strathy North Wind Farm 1,WIND,T,P
T_HADHW-1,6,-0.406,-0.23233333333333336,-0.6970000000000001,2023-07-26,Hadyard Hill Wind Farm,WIND,T,P
T_DOREW-2,12,-0.404,-0.3798333333333333,-2.279,2023-01-18,Dorenell Wind Farm Two,WIND,T,P
T_DIDCB6,48,-0.4,-0.28125,-6.75,2023-07-12,Didcot B main unit 6,CCGT,T,P
T_DOREW-2,3,-0.392,-0.38999999999999996,-0.585,2023-01-11,Dorenell Wind Farm Two,WIND,T,P
T_KPMRW-1,1,-0.386,-0.386,-0.193,2023-07-19,KYPE MUIR WIND FARM,WIND,T,P
T_AKGLW-2,11,-0.384,-0.2330909090909091,-1.282,2023-07-19,AIKENGALL II,WIND,T,P
T_EWHLW-1,29,-0.372,-0.26068965517241377,-3.78,2023-07-19,Ewe Hill II Windfarm,WIND,T,P
T_BEINW-1,1,-0.368,-0.368,-0.184,2023-01-25,Beinneun Wind farm,WIND,T,P
T_STRNW-1,12,-0.368,-0.32766666666666666,-1.966,2023-07-26,Strathy North Wind Farm 1,WIND,T,P
T_MKHLW-1,7,-0.364,-0.2017142857142857,-0.706,2023-07-19,Mark Hill,WIND,T,P
T_GYMR-28,1,-0.36,-0.36,-0.18,2023-07-26,GyM OSPW 28,WIND,T,P
T_SOKYW-1,27,-0.358,-0.32437037037037036,-4.379,2023-01-04,South Kyle Wind Farm,WIND,T,P
T_GLWSW-1,4,-0.358,-0.202,-0.404,2023-07-12,Galawhistle Wind Farm,WIND,T,P
T_MIDMW-1,3,-0.346,-0.27,-0.405,2023-01-04,MIDDLE MUIR WIND FARM,WIND,T,P
T_DUNGW-1,3,-0.342,-0.15733333333333335,-0.23600000000000002,2023-07-19,Dunmglass Windfarm 1,WIND,T,P
T_KPMRW-1,5,-0.336,-0.294,-0.735,2023-07-12,KYPE MUIR WIND FARM,WIND,T,P
T_ARCHW-1,1,-0.328,-0.328,-0.164,2023-01-18,Arecleoch,WIND,T,P
T_SEEL-1,48,-0.328,-0.28954166666666664,-6.949,2023-01-18,Spalding Energy Expansion Ltd,OCGT,T,P
T_AKGLW-2,10,-0.328,-0.2346,-1.173,2023-07-26,AIKENGALL II,WIND,T,P
T_TWSHW-1,4,-0.322,-0.316,-0.632,2023-01-11,Twenty Shilling Wind Farm,WIND,T,P
T_AKGLW-3,16,-0.316,-0.1825,-1.46,2023-07-19,AIKENGALL2A-W,WIND,T,P
T_BLLA-2,4,-0.314,-0.298,-0.596,2023-01-18,Black Law Windfarm Extension,WIND,T,P
T_CRGHW-1,6,-0.314,-0.23099999999999998,-0.693,2023-07-12,Carraig Gheal Wind Farm,WIND,T,P
T_DALQW-1,5,-0.314,-0.168,-0.42000000000000004,2023-07-12,Dalquhandy  Wind Farm,WIND,T,P
T_SEEL-1,48,-0.312,-0.2718333333333333,-6.524,2023-01-11,Spalding Energy Expansion Ltd,OCGT,T,P
T_SEEL-1,48,-0.312,-0.279625,-6.711,2023-01-25,Spalding Energy Expansion Ltd,OCGT,T,P
T_GORDW-1,19,-0.31,-0.2691578947368421,-2.557,2023-07-05,Gordon Bush,WIND,T,P
T_STRNW-1,32,-0.306,-0.2965,-4.744,2023-01-11,Strathy North Wind Farm 1,WIND,T,P
T_AKGLW-3,12,-0.306,-0.22799999999999998,-1.3679999999999999,2023-07-26,AIKENGALL2A-W,WIND,T,P
T_CRGHW-1,4,-0.3,-0.23900000000000002,-0.47800000000000004,2023-01-04,Carraig Gheal Wind Farm,WIND,T,P
T_ABRBO-1,2,-0.292,-0.216,-0.216,2023-01-04,ABRBO-1,WIND,T,P
T_CRGHW-1,23,-0.292,-0.26634782608695656,-3.063,2023-07-26,Carraig Gheal Wind Farm,WIND,T,P
T_MKHLW-1,4,-0.29,-0.13699999999999998,-0.27399999999999997,2023-07-12,Mark Hill,WIND,T,P
T_CRGHW-1,4,-0.284,-0.185,-0.37,2023-07-05,Carraig Gheal Wind Farm,WIND,T,P
T_TWSHW-1,2,-0.284,-0.143,-0.143,2023-07-12,Twenty Shilling Wind Farm,WIND,T,P
T_SEEL-1,48,-0.28,-0.25275,-6.066,2023-01-04,Spalding Energy Expansion Ltd,OCGT,T,P
T_HALSW-1,11,-0.278,-0.25763636363636366,-1.417,2023-01-25,Halsary Windfarm,WIND,T,P
T_BLLA-2,1,-0.272,-0.272,-0.136,2023-07-26,Black Law Windfarm Extension,WIND,T,P
T_DOUGW-1,3,-0.266,-0.18200000000000002,-0.273,2023-07-26,T-DOUGW-1,WIND,T,P
T_EWHLW-1,7,-0.26,-0.18,-0.63,2023-07-12,Ewe Hill II Windfarm,WIND,T,P
T_HALSW-1,32,-0.258,-0.2399375,-3.839,2023-01-11,Halsary Windfarm,WIND,T,P
T_GORDW-1,21,-0.258,-0.18647619047619046,-1.958,2023-07-26,Gordon Bush,WIND,T,P
T_HALSW-1,17,-0.254,-0.21705882352941175,-1.845,2023-07-05,Halsary Windfarm,WIND,T,P
T_HALSW-1,7,-0.242,-0.22971428571428573,-0.804,2023-01-18,Halsary Windfarm,WIND,T,P
T_ARCHW-1,2,-0.24,-0.146,-0.146,2023-07-26,Arecleoch,WIND,T,P
T_BDCHW-1,17,-0.234,-0.21247058823529413,-1.806,2023-07-05,Bad a Cheo Wind Farm,WIND,T,P
T_BLKWW-1,1,-0.234,-0.234,-0.117,2023-07-26,Blackcraig Windfarm,WIND,T,P
T_DALQW-1,1,-0.232,-0.232,-0.116,2023-07-26,Dalquhandy  Wind Farm,WIND,T,P
T_HALSW-1,1,-0.23,-0.23,-0.115,2023-01-04,Halsary Windfarm,WIND,T,P
T_GNAPW-1,8,-0.22,-0.12525,-0.501,2023-07-05,Glen App Windfarm,WIND,T,P
T_CREAW-1,1,-0.216,-0.216,-0.108,2023-01-11,Creag Riabhach Wind Farm,WIND,T,P
T_HALSW-1,6,-0.216,-0.13266666666666665,-0.39799999999999996,2023-07-26,Halsary Windfarm,WIND,T,P
T_BDCHW-1,14,-0.214,-0.18514285714285714,-1.296,2023-01-25,Bad a Cheo Wind Farm,WIND,T,P
T_BLLA-2,18,-0.208,-0.13744444444444445,-1.237,2023-07-19,Black Law Windfarm Extension,WIND,T,P
T_BDCHW-1,17,-0.208,-0.12341176470588235,-1.049,2023-07-26,Bad a Cheo Wind Farm,WIND,T,P
T_MIDMW-1,12,-0.204,-0.1435,-0.861,2023-07-19,MIDDLE MUIR WIND FARM,WIND,T,P
T_GRAI-6,48,-0.2,-0.18125000000000002,-4.3500000000000005,2023-07-26,T_GRAI-6,CCGT,T,P
T_CRYRW-3,28,-0.198,-0.157,-2.198,2023-07-19,Crystal Rig III,WIND,T,P
T_DNLWW-1,9,-0.198,-0.14800000000000002,-0.666,2023-07-26,Dunlaw Extension,WIND,T,P
T_DNLWW-1,14,-0.196,-0.10814285714285714,-0.757,2023-07-19,Dunlaw Extension,WIND,T,P
T_MKHLW-1,4,-0.194,-0.093,-0.186,2023-01-25,Mark Hill,WIND,T,P
T_CRYRW-3,2,-0.194,-0.194,-0.194,2023-07-12,Crystal Rig III,WIND,T,P
T_BDCHW-1,15,-0.192,-0.168,-1.26,2023-01-11,Bad a Cheo Wind Farm,WIND,T,P
T_KYPEW-1,2,-0.186,-0.178,-0.178,2023-07-12,KYPE MUIR EXT WIND FARM,WIND,T,P
T_CRYRW-3,18,-0.184,-0.15433333333333332,-1.389,2023-07-26,Crystal Rig III,WIND,T,P
T_GNAPW-1,14,-0.182,-0.09885714285714285,-0.692,2023-07-26,Glen App Windfarm,WIND,T,P
T_BDCHW-1,8,-0.18,-0.1575,-0.63,2023-01-18,Bad a Cheo Wind Farm,WIND,T,P
T_GRIFW-2,1,-0.178,-0.178,-0.089,2023-01-04,Griffin Wind Farm 2,WIND,T,P
T_CRYRW-3,2,-0.176,-0.15999999999999998,-0.15999999999999998,2023-07-05,Crystal Rig III,WIND,T,P
T_EWHLW-1,5,-0.176,-0.1712,-0.428,2023-07-05,Ewe Hill II Windfarm,WIND,T,P
T_TDBNW-1,8,-0.174,-0.09225,-0.369,2023-07-19,Toddleburn,WIND,T,P
T_BDCHW-1,4,-0.172,-0.1335,-0.267,2023-01-04,Bad a Cheo Wind Farm,WIND,T,P
T_KEADGT-3,48,-0.17,-0.16083333333333336,-3.8600000000000003,2023-01-04,KGL GT 3,OCGT,T,P
T_KEADGT-3,48,-0.17,-0.16083333333333336,-3.8600000000000003,2023-01-11,KGL GT 3,OCGT,T,P
T_KENNW-1,8,-0.17,-0.165,-0.66,2023-01-11,Kennoxhead Wind Farm,WIND,T,P
T_KEADGT-3,48,-0.17,-0.16083333333333336,-3.8600000000000003,2023-01-18,KGL GT 3,OCGT,T,P
T_KEADGT-3,48,-0.17,-0.16083333333333336,-3.8600000000000003,2023-01-25,KGL GT 3,OCGT,T,P
T_KEADGT-3,48,-0.17,-0.16104166666666667,-3.865,2023-07-05,KGL GT 3,OCGT,T,P
T_LARKS-1,19,-0.17,-0.11105263157894736,-1.055,2023-07-05,Larks Green Solar,OTHER,T,P
T_KEADGT-3,48,-0.17,-0.16104166666666667,-3.865,2023-07-12,KGL GT 3,OCGT,T,P
T_LARKS-1,16,-0.17,-0.10312500000000001,-0.8250000000000001,2023-07-12,Larks Green Solar,OTHER,T,P
T_GORDW-2,4,-0.17,-0.1375,-0.275,2023-07-19,Gordonbush WF Extension,WIND,T,P
T_KEADGT-3,48,-0.17,-0.16104166666666667,-3.865,2023-07-19,KGL GT 3,OCGT,T,P
T_LARKS-1,17,-0.17,-0.10411764705882354,-0.885,2023-07-19,Larks Green Solar,OTHER,T,P
T_KEADGT-3,48,-0.17,-0.16104166666666667,-3.865,2023-07-26,KGL GT 3,OCGT,T,P
T_ACHRW-1,3,-0.166,-0.11466666666666665,-0.172,2023-07-12,AChruach Wind Farm,WIND,T,P
T_ACHRW-1,5,-0.162,-0.11240000000000001,-0.281,2023-07-26,AChruach Wind Farm,WIND,T,P
T_LARKS-1,18,-0.16,-0.1,-0.9,2023-07-26,Larks Green Solar,OTHER,T,P
T_DNLWW-1,4,-0.158,-0.10300000000000001,-0.20600000000000002,2023-07-12,Dunlaw Extension,WIND,T,P
T_DALQW-1,6,-0.158,-0.10566666666666667,-0.317,2023-07-19,Dalquhandy  Wind Farm,WIND,T,P
T_GORDW-2,22,-0.158,-0.14045454545454544,-1.545,2023-07-26,Gordonbush WF Extension,WIND,T,P
T_GORDW-2,19,-0.156,-0.14989473684210525,-1.424,2023-07-05,Gordonbush WF Extension,WIND,T,P
T_ACHRW-1,2,-0.154,-0.139,-0.139,2023-07-05,AChruach Wind Farm,WIND,T,P
T_KENNW-1,5,-0.15,-0.15,-0.375,2023-01-04,Kennoxhead Wind Farm,WIND,T,P
T_CGTHW-1,3,-0.146,-0.10866666666666665,-0.16299999999999998,2023-01-04,Corriegarth WF,WIND,T,P
T_DUNGW-1,1,-0.142,-0.142,-0.071,2023-07-12,Dunmglass Windfarm 1,WIND,T,P
T_CGTHW-1,17,-0.142,-0.11635294117647059,-0.989,2023-07-26,Corriegarth WF,WIND,T,P
T_WISTW-2,2,-0.14,-0.07800000000000001,-0.07800000000000001,2023-07-19,Brockloch Rig 2 WF Exp A,WIND,T,P
T_CREAW-1,2,-0.138,-0.121,-0.121,2023-01-04,Creag Riabhach Wind Farm,WIND,T,P
T_CGTHW-1,12,-0.136,-0.11983333333333335,-0.7190000000000001,2023-07-05,Corriegarth WF,WIND,T,P
T_GRGBW-2,1,-0.134,-0.134,-0.067,2023-07-05,Greater Gabbard Module 2,WIND,T,P
T_BEINW-1,1,-0.132,-0.132,-0.066,2023-01-18,Beinneun Wind farm,WIND,T,P
T_BEINW-1,1,-0.126,-0.126,-0.063,2023-01-04,Beinneun Wind farm,WIND,T,P
T_GORDW-1,2,-0.126,-0.086,-0.086,2023-07-19,Gordon Bush,WIND,T,P
T_LBAR-1G,43,-0.12,-0.09813953488372093,-2.11,2023-01-11,Little Barford OCGT,OCGT,T,P
T_LBAR-1G,48,-0.12,-0.09583333333333334,-2.3000000000000003,2023-01-18,Little Barford OCGT,OCGT,T,P
T_LBAR-1G,48,-0.12,-0.09958333333333334,-2.39,2023-01-25,Little Barford OCGT,OCGT,T,P
T_GNAPW-1,4,-0.12,-0.107,-0.214,2023-07-12,Glen App Windfarm,WIND,T,P
T_GNAPW-1,11,-0.12,-0.11527272727272728,-0.634,2023-07-19,Glen App Windfarm,WIND,T,P
T_RREW-1,1,-0.116,-0.116,-0.058,2023-01-11,T_RREW-1,WIND,T,P
T_TDBNW-1,2,-0.114,-0.083,-0.083,2023-07-26,Toddleburn,WIND,T,P
T_MYGPW-1,2,-0.11,-0.109,-0.109,2023-01-04,Minnygap Wind Farm,WIND,T,P
T_STRNW-1,38,-0.106,-0.021789473684210525,-0.414,2023-01-04,Strathy North Wind Farm 1,WIND,T,P
T_MYGPW-1,2,-0.102,-0.076,-0.076,2023-07-05,Minnygap Wind Farm,WIND,T,P
T_TDBNW-1,2,-0.1,-0.096,-0.096,2023-07-12,Toddleburn,WIND,T,P
T_PNYCW-1,1,-0.1,-0.1,-0.05,2023-07-26,PNYCW-1 Export,WIND,T,P
T_MYGPW-1,12,-0.098,-0.07383333333333333,-0.443,2023-07-19,Minnygap Wind Farm,WIND,T,P
T_EDINW-1,7,-0.094,-0.05742857142857143,-0.201,2023-07-26,Edinbane Windfarm,WIND,T,P
T_EDINW-1,16,-0.092,-0.0785,-0.628,2023-07-05,Edinbane Windfarm,WIND,T,P
T_COUWW-1,10,-0.092,-0.0832,-0.416,2023-07-12,Cour Wind Farm,WIND,T,P
T_RRWW-1,1,-0.09,-0.09,-0.045,2023-01-25,T_RRWW-1,WIND,T,P
T_KPMRW-1,1,-0.09,-0.09,-0.045,2023-07-26,KYPE MUIR WIND FARM,WIND,T,P
T_COUWW-1,5,-0.086,-0.060399999999999995,-0.151,2023-07-05,Cour Wind Farm,WIND,T,P
T_LBAR-1G,48,-0.08,-0.06541666666666666,-1.57,2023-01-04,Little Barford OCGT,OCGT,T,P
T_COUWW-1,2,-0.08,-0.053,-0.053,2023-07-26,Cour Wind Farm,WIND,T,P
T_FSDLW-1,5,-0.072,-0.06,-0.15,2023-01-04,Freasdail Wind Farm,WIND,T,P
T_WBURB-43,48,-0.072,-0.062875,-1.5090000000000001,2023-07-05,West Burton B Battery,OTHER,T,P
T_MYGPW-1,2,-0.072,-0.061,-0.061,2023-07-26,Minnygap Wind Farm,WIND,T,P
T_ANSUW-1,6,-0.07,-0.03266666666666667,-0.098,2023-07-26,An Suidhe 1,WIND,T,P
T_EDINW-1,4,-0.068,-0.0385,-0.077,2023-01-04,Edinbane Windfarm,WIND,T,P
T_FSDLW-1,9,-0.058,-0.050666666666666665,-0.228,2023-07-12,Freasdail Wind Farm,WIND,T,P
T_FSDLW-1,9,-0.056,-0.043111111111111114,-0.194,2023-07-19,Freasdail Wind Farm,WIND,T,P
T_FSDLW-1,2,-0.052,-0.05,-0.05,2023-07-26,Freasdail Wind Farm,WIND,T,P
T_FSDLW-1,8,-0.05,-0.03275,-0.131,2023-07-05,Freasdail Wind Farm,WIND,T,P
T_DRAXX-3,1,-0.048,-0.048,-0.024,2023-01-04,T_DRAXX-3,BIOMASS,T,P
T_DDGNO-2,1,-0.048,-0.048,-0.024,2023-07-26,Dudgeon Generator BMU 2,WIND,T,P
T_HMGTO-2,1,-0.048,-0.048,-0.024,2023-07-26,Humber Offshore Wind Farm BMU2,WIND,T,P
T_WBURB-41,48,-0.046,-0.04058333333333333,-0.974,2023-07-05,West Burton B Battery,OTHER,T,P
T_WDRGW-1,1,-0.044,-0.044,-0.022,2023-07-05,Windy Rig Wind Farm,WIND,T,P
T_GLNDO-1,26,-0.042,-0.042,-0.546,2023-01-04,Glendoe Generator 1,NPSHYD,T,P
T_GLNDO-1,32,-0.042,-0.0419375,-0.671,2023-01-11,Glendoe Generator 1,NPSHYD,T,P
T_GLNDO-1,35,-0.042,-0.042,-0.7350000000000001,2023-01-18,Glendoe Generator 1,NPSHYD,T,P
T_MIDMW-1,1,-0.042,-0.042,-0.021,2023-01-18,MIDDLE MUIR WIND FARM,WIND,T,P
T_GLNDO-1,39,-0.042,-0.04148717948717949,-0.809,2023-07-05,Glendoe Generator 1,NPSHYD,T,P
T_GLNDO-1,29,-0.042,-0.041999999999999996,-0.609,2023-07-12,Glendoe Generator 1,NPSHYD,T,P
T_GLNDO-1,20,-0.042,-0.042,-0.42000000000000004,2023-07-19,Glendoe Generator 1,NPSHYD,T,P
T_GLNDO-1,48,-0.042,-0.042,-1.008,2023-07-26,Glendoe Generator 1,NPSHYD,T,P
T_LARYW-2,9,-0.042,-0.010888888888888889,-0.049,2023-07-26,London Array BMU2,WIND,T,P
T_KYPEW-1,48,-0.04,-0.03745833333333334,-0.899,2023-01-04,KYPE MUIR EXT WIND FARM,WIND,T,P
T_FFES-3,48,-0.04,-0.03,-0.72,2023-07-05,Ffestioniog 3,PS,T,P
T_LBAR-1G,43,-0.04,-0.026046511627906978,-0.56,2023-07-05,Little Barford OCGT,OCGT,T,P
T_FFES-3,48,-0.04,-0.03,-0.72,2023-07-12,Ffestioniog 3,PS,T,P
T_LBAR-1G,39,-0.04,-0.021538461538461538,-0.42,2023-07-12,Little Barford OCGT,OCGT,T,P
T_FFES-3,48,-0.04,-0.03,-0.72,2023-07-19,Ffestioniog 3,PS,T,P
T_LBAR-1G,39,-0.04,-0.02102564102564103,-0.41000000000000003,2023-07-19,Little Barford OCGT,OCGT,T,P
T_FFES-3,48,-0.04,-0.03,-0.72,2023-07-26,Ffestioniog 3,PS,T,P
T_KTHLW-1,8,-0.04,-0.022,-0.088,2023-07-26,KEITH HILL WINDFARM,WIND,T,P
T_LBAR-1G,44,-0.04,-0.024545454545454547,-0.54,2023-07-26,Little Barford OCGT,OCGT,T,P
T_HRSTW-1,1,-0.034,-0.034,-0.017,2023-01-04,Harestanes,WIND,T,P
T_KTHLW-1,20,-0.032,-0.0156,-0.156,2023-07-19,KEITH HILL WINDFARM,WIND,T,P
T_PNYCB-1,48,-0.03,-0.022083333333333333,-0.53,2023-07-05,Pen y Cymoedd Battery,,T,P
T_PNYCB-1,48,-0.03,-0.021666666666666667,-0.52,2023-07-12,Pen y Cymoedd Battery,,T,P
T_DOREW-2,1,-0.03,-0.03,-0.015,2023-07-19,Dorenell Wind Farm Two,WIND,T,P
T_PNYCB-1,48,-0.03,-0.022083333333333333,-0.53,2023-07-19,Pen y Cymoedd Battery,,T,P
T_PNYCB-1,48,-0.03,-0.022500000000000003,-0.54,2023-07-26,Pen y Cymoedd Battery,,T,P
T_RREW-1,1,-0.028,-0.028,-0.014,2023-07-05,T_RREW-1,WIND,T,P
T_GNAPW-1,48,-0.026,-0.024166666666666666,-0.58,2023-01-04,Glen App Windfarm,WIND,T,P
T_GNAPW-1,33,-0.026,-0.01509090909090909,-0.249,2023-01-18,Glen App Windfarm,WIND,T,P
T_KTHLW-1,2,-0.02,-0.016,-0.016,2023-07-05,KEITH HILL WINDFARM,WIND,T,P
T_KTHLW-1,5,-0.02,-0.009600000000000001,-0.024,2023-07-12,KEITH HILL WINDFARM,WIND,T,P
T_SOKYW-1,1,-0.02,-0.02,-0.01,2023-07-19,South Kyle Wind Farm,WIND,T,P
T_GYMRD-E11,48,-0.014,-0.012166666666666666,-0.292,2023-01-04,GyM OSPE est Dem 11,,T,P
T_AKGLW-3,1,-0.014,-0.014,-0.007,2023-01-25,AIKENGALL2A-W,WIND,T,P
T_GNAPW-1,18,-0.014,-0.011222222222222224,-0.101,2023-01-25,Glen App Windfarm,WIND,T,P
T_CRGHD-1,48,-0.012,-0.009208333333333334,-0.221,2023-01-11,Carraig Gheal Wind Farm,,T,P
T_CRGHD-1,48,-0.012,-0.010083333333333333,-0.242,2023-01-18,Carraig Gheal Wind Farm,,T,P
T_GYMRD-W11,48,-0.012,-0.010750000000000001,-0.258,2023-07-19,GyM OSPW est Dem 11,,T,P
T_GYMRD-W11,48,-0.012,-0.011166666666666667,-0.268,2023-07-26,GyM OSPW est Dem 11,,T,P
T_CRGHD-1,48,-0.01,-0.00825,-0.198,2023-01-04,Carraig Gheal Wind Farm,,T,P
T_CRGHD-1,48,-0.01,-0.008625,-0.20700000000000002,2023-01-25,Carraig Gheal Wind Farm,,T,P
T_GYMRD-W11,48,-0.01,-0.008291666666666668,-0.199,2023-07-12,GyM OSPW est Dem 11,,T,P
T_EDINW-1,1,-0.01,-0.01,-0.005,2023-07-19,Edinbane Windfarm,WIND,T,P
T_FASN-1,16,-0.008,-0.007125,-0.057,2023-01-04,Fasnakyle G1,NPSHYD,T,P
T_FASN-1,36,-0.008,-0.006333333333333333,-0.114,2023-01-18,Fasnakyle G1,NPSHYD,T,P
T_FASN-1,11,-0.008,-0.0076363636363636364,-0.042,2023-01-25,Fasnakyle G1,NPSHYD,T,P
T_GYMRD-E11,48,-0.008,-0.006083333333333333,-0.146,2023-01-25,GyM OSPE est Dem 11,,T,P
T_CRGHD-1,48,-0.008,-0.005625000000000001,-0.135,2023-07-05,Carraig Gheal Wind Farm,,T,P
T_GYMRD-W11,48,-0.008,-0.006541666666666667,-0.157,2023-07-05,GyM OSPW est Dem 11,,T,P
T_GYMRD-E11,48,-0.008,-0.004208333333333334,-0.101,2023-07-19,GyM OSPE est Dem 11,,T,P
T_CRGHD-1,48,-0.008,-0.005208333333333333,-0.125,2023-07-26,Carraig Gheal Wind Farm,,T,P
T_GYMRD-W11,48,-0.006,-0.004958333333333334,-0.11900000000000001,2023-01-04,GyM OSPW est Dem 11,,T,P
T_FASN-1,2,-0.006,-0.006,-0.006,2023-01-11,Fasnakyle G1,NPSHYD,T,P
T_GYMRD-E11,48,-0.006,-0.0050416666666666665,-0.121,2023-01-11,GyM OSPE est Dem 11,,T,P
T_GYMRD-W11,48,-0.006,-0.004875,-0.117,2023-01-11,GyM OSPW est Dem 11,,T,P
T_GYMRD-E11,48,-0.006,-0.004791666666666667,-0.115,2023-01-18,GyM OSPE est Dem 11,,T,P
T_GYMRD-W11,48,-0.006,-0.004666666666666667,-0.112,2023-01-18,GyM OSPW est Dem 11,,T,P
T_GYMRD-W11,48,-0.006,-0.005166666666666667,-0.124,2023-01-25,GyM OSPW est Dem 11,,T,P
T_FASN-1,48,-0.006,-0.006000000000000001,-0.14400000000000002,2023-07-05,Fasnakyle G1,NPSHYD,T,P
T_CRGHD-1,48,-0.006,-0.0043749999999999995,-0.105,2023-07-12,Carraig Gheal Wind Farm,,T,P
T_FASN-1,48,-0.006,-0.006000000000000001,-0.14400000000000002,2023-07-12,Fasnakyle G1,NPSHYD,T,P
T_GYMRD-E11,48,-0.006,-0.00475,-0.114,2023-07-12,GyM OSPE est Dem 11,,T,P
T_CRGHD-1,48,-0.006,-0.005291666666666667,-0.127,2023-07-19,Carraig Gheal Wind Farm,,T,P
T_FASN-1,48,-0.006,-0.006000000000000001,-0.14400000000000002,2023-07-19,Fasnakyle G1,NPSHYD,T,P
T_GYMRD-E11,48,-0.006,-0.0040416666666666665,-0.097,2023-07-26,GyM OSPE est Dem 11,,T,P
T_TDBNW-1,3,-0.004,-0.0033333333333333335,-0.005,2023-01-11,Toddleburn,WIND,T,P
T_GYMRD-E11,48,-0.004,-0.002916666666666667,-0.07,2023-07-05,GyM OSPE est Dem 11,,T,P
T_MOWEO-1,48,-0.004,-0.004,-0.096,2023-07-05,Moray East OWF1,WIND,T,P
T_MOWEO-1,48,-0.004,-0.004,-0.096,2023-07-12,Moray East OWF1,WIND,T,P
T_TKNWW-1,48,-0.004,-0.004,-0.096,2023-07-12,Triton Knoll OSP west 1,WIND,T,P
T_MOWEO-1,48,-0.004,-0.004,-0.096,2023-07-19,Moray East OWF1,WIND,T,P
T_TKNWW-1,48,-0.004,-0.004,-0.096,2023-07-19,Triton Knoll OSP west 1,WIND,T,P
T_MOWEO-1,48,-0.004,-0.004,-0.096,2023-07-26,Moray East OWF1,WIND,T,P
T_DRAXX-4,1,-0.002,-0.002,-0.001,2023-01-04,T_DRAXX-4,BIOMASS,T,P
T_FASN-2,19,-0.002,-0.002,-0.019,2023-01-04,Fasnakyle  G2,NPSHYD,T,P
T_GORDW-2,1,-0.002,-0.002,-0.001,2023-01-04,Gordonbush WF Extension,WIND,T,P
T_GYMRD-16,48,-0.002,-0.002,-0.048,2023-01-04,GyM Onshore non est Dem 16,,T,P
T_FASN-2,7,-0.002,-0.002,-0.007,2023-01-11,Fasnakyle  G2,NPSHYD,T,P
T_GYMRD-16,48,-0.002,-0.002,-0.048,2023-01-11,GyM Onshore non est Dem 16,,T,P
T_FASN-2,36,-0.002,-0.002,-0.036000000000000004,2023-01-18,Fasnakyle  G2,NPSHYD,T,P
T_GYMRD-16,48,-0.002,-0.002,-0.048,2023-01-18,GyM Onshore non est Dem 16,,T,P
T_THNTO-1,1,-0.002,-0.002,-0.001,2023-01-18,Thanet Offshore Wind Limited 1,WIND,T,P
T_THNTO-2,1,-0.002,-0.002,-0.001,2023-01-18,Thanet Offshore Wind Limited 2,WIND,T,P
T_FASN-2,20,-0.002,-0.002,-0.02,2023-01-25,Fasnakyle  G2,NPSHYD,T,P
T_GYMRD-16,48,-0.002,-0.002,-0.048,2023-01-25,GyM Onshore non est Dem 16,,T,P
T_GYMRD-E10,8,-0.002,-0.002,-0.008,2023-01-25,GyM OSPE non est Dem 10,,T,P
T_THNTO-1,17,-0.002,-0.002,-0.017,2023-01-25,Thanet Offshore Wind Limited 1,WIND,T,P
T_THNTO-2,17,-0.002,-0.002,-0.017,2023-01-25,Thanet Offshore Wind Limited 2,WIND,T,P
T_FASN-2,48,-0.002,-0.002,-0.048,2023-07-05,Fasnakyle  G2,NPSHYD,T,P
T_GYMRD-16,48,-0.002,-0.002,-0.048,2023-07-05,GyM Onshore non est Dem 16,,T,P
T_GYMRD-E10,4,-0.002,-0.002,-0.004,2023-07-05,GyM OSPE non est Dem 10,,T,P
T_FASN-2,48,-0.002,-0.002,-0.048,2023-07-12,Fasnakyle  G2,NPSHYD,T,P
T_GYMRD-16,48,-0.002,-0.002,-0.048,2023-07-12,GyM Onshore non est Dem 16,,T,P
T_GYMRD-E10,11,-0.002,-0.002,-0.011,2023-07-12,GyM OSPE non est Dem 10,,T,P
T_FASN-2,48,-0.002,-0.002,-0.048,2023-07-19,Fasnakyle  G2,NPSHYD,T,P
T_GYMRD-16,48,-0.002,-0.002,-0.048,2023-07-19,GyM Onshore non est Dem 16,,T,P
T_GYMRD-E10,13,-0.002,-0.002,-0.013000000000000001,2023-07-19,GyM OSPE non est Dem 10,,T,P
T_GYMRD-W10,9,-0.002,-0.002,-0.009000000000000001,2023-07-19,GyM OSPW non est Dem 10,,T,P
T_FASN-2,48,-0.002,-0.002,-0.048,2023-07-26,Fasnakyle  G2,NPSHYD,T,P
T_GYMRD-16,48,-0.002,-0.002,-0.048,2023-07-26,GyM Onshore non est Dem 16,,T,P
T_JGPR-1,1,-0.002,-0.002,-0.001,2023-07-26,High Marnham JGPEARS,BIOMASS,T,P
