101,102,103,104,105,106,107,108,109,110,111,112,113,114,115,116,117,118,119,120,121,122,123,124
-0.09583420717170449,-0.09621649198678496,-0.0017652518738225382,-0.08770068670110844,-0.09918060942387467,-0.10655141580440979,-0.17970835098169766,-0.15293973395757485,-0.05370924152544518,-0.08071065190338875,-0.0022752268448009635,-0.009443888228419108,0.0,0.059340058380522406,0.2060798028508925,0.186077629777815,0.2566042521513432,0.27084743492549584,0.1398475710183789,0.11235603056286621,0.29927080069460016,0.43459943323829026,0.10217866203626405,0.12733914391394668
-0.09679186010599636,-0.09720108789596828,-0.0016093273035614037,-0.0885244033622336,-0.10012802771785115,-0.10754974381275476,-0.1813291539256254,-0.15431529940413416,-0.054153693530070504,-0.08144652431693468,-0.002209311611866022,-0.009544486201920645,0.0,0.06010636981245019,0.20844726230620492,0.18819596073388586,0.2597623339743592,0.2740437408794265,0.14131009789298568,0.11336472052575593,0.3026418310582962,0.4416698279651879,0.10298302620869886,0.12886877870058167
-0.0986440099642519,-0.09910458018369789,-0.00133480631061959,-0.09011718334861968,-0.10195738321050898,-0.10947519414362927,-0.18445198074605687,-0.15696651564035513,-0.055016029972284004,-0.08286583858547897,-0.0020832060784431645,-0.009739651038042845,0.0,0.061583934432223986,0.2129446606214516,0.19227994520015715,0.2659519870422335,0.2801659422031759,0.14413036918160216,0.11531000984800895,0.3089691497303382,0.4568690307743194,0.1045341610497888,0.13176636920029683
-0.10478457913220636,-0.10541867714428728,-0.0003079568020438842,-0.09539926960429994,-0.10803532685816565,-0.11588194327768753,-0.1948566251668089,-0.16579598068522997,-0.05786315847963299,-0.08758822892619535,-0.0016591729159656302,-0.010384092397455729,0.0,0.06650212316175881,0.22820644389974412,0.2058758774658484,0.2861201717350899,0.3007206031295957,0.1535165726589806,0.12178340246077063,0.33077697016876156,0.5006804323636176,0.10969637359668145,0.14163534644605785
-0.17023899412502394,-0.17032465334531796,-0.07978712447117733,-0.15586903633059146,-0.16756998958487376,-0.1726701059052681,-0.25981003766972965,-0.22775938205964194,-0.11168227120268857,-0.13854416242522685,-0.04309520810311997,-0.04218923213802193,0.0,-0.0004896350470816426,0.11969474562296839,0.1074727629274193,0.16395929368704018,0.17482471607176797,0.07472350625692717,0.061462071866882136,0.20311040251477622,0.3105873077154349,0.060086620407964406,0.04412242123934915
-0.13208362794943204,-0.1315479241738998,-0.08019728501658167,-0.13822488002104677,-0.14564410934881383,-0.1604495634186427,-0.2734861172531589,-0.23644582160754485,-0.10630742794424757,-0.12933201339126318,-0.04123799719091222,-0.022016664996787463,0.0,-0.0023380753317471664,0.10369181315522959,0.10790878728401927,0.13138185335895042,0.13650172321771353,0.11134987085004805,0.1319271495914491,0.16228506052589117,0.18777790395160232,0.15008435601646883,0.034026702380537864
-0.1230112339580783,-0.11920491883134228,-0.09265734262853435,-0.13886972670063458,-0.14521109694262666,-0.1643633994254972,-0.2903295369101034,-0.25117642581405075,-0.11545550708525389,-0.13611204015842657,-0.049445858619614334,-0.029648292818284617,0.0,-0.017974765973711566,0.0802502711149877,0.085007938811622,0.10748524732594843,0.11191455720204371,0.08786692935323878,0.1089411080415005,0.13825618523534888,0.16503916917847472,0.12776175293292868,0.014745419631211315
0.0053604750963431045,0.008375771743183347,0.02713698009961122,-0.032311442738890285,-0.0460088525671483,-0.08082913344426938,-0.21248505555889124,-0.17533157336985614,-0.043938670641902045,-0.06874728657486284,0.0022871241223306944,-0.008840091057392042,0.0,0.06172038446608892,0.22280747482952473,0.20098160475288812,0.2799279223714376,0.2932024577111525,0.13707545147956238,0.0963436513534149,0.32458124466288935,0.4991905746292552,0.0808017649459566,0.14867906359569474
-0.05642386467692629,-0.06093577162214132,0.026861560262231444,-0.06402938404283083,-0.08376141169423845,-0.1066847019908251,-0.2109196036913658,-0.17683159032645354,-0.05118931288325777,-0.08413175986901779,-0.0002028844078557744,-0.01467038859048254,0.0,0.06571455879611979,0.24144121461367993,0.2094828916683431,0.3108314311288648,0.3289811137046664,0.14291825171429257,0.09545938015203961,0.36052044085520696,0.584000990400921,0.07565154804759346,0.1601491992685297
-0.07504521327523186,-0.07788205659060526,0.02687029450064045,-0.07986290066361051,-0.09093842257570034,-0.10686414401069372,-0.2006981877444953,-0.16838343019975865,-0.04886935358084582,-0.08091353849277731,0.009057983054596586,-0.009243213796934983,0.0,0.08942473113031368,0.2852374957314505,0.25082903656219396,0.36254980553109484,0.38304493071484647,0.17811422905453417,0.12260552523846385,0.4138574246689044,0.6600163951812106,0.09804284353280412,0.18735687163118736
-0.12134160549865786,-0.12477294909418482,0.02032317617029775,-0.10442300680816662,-0.12014859917315547,-0.12666306521383233,-0.2055633594949,-0.17447478949051415,-0.056380436681367364,-0.09343920669124012,0.007715469909206348,-0.012619548403818416,0.0,0.09541091379313517,0.3016868714193493,0.2652696436998672,0.3836158612250452,0.4057542971893522,0.18690204297002516,0.12899592722669947,0.4360575696825393,0.6955142391905763,0.10288824639622121,0.195094184890494
-0.11664148177780928,-0.11999624983174055,0.021571331148715574,-0.10035963688514839,-0.11568108281106512,-0.12210765407703243,-0.19854680698908647,-0.16842032256364772,-0.05387225448453307,-0.09000084974591988,0.008159868819296734,-0.012195226393867886,0.0,0.09376746902760157,0.2961186901481285,0.2592490748184558,0.3768530898595635,0.39932242491788683,0.17892944461606294,0.12338895986850544,0.42894474859699167,0.6832723684343025,0.0984047214633839,0.1921083253807566
-0.11461526364367955,-0.11791305547973946,0.021242487972492483,-0.09861681636396118,-0.11367663739874799,-0.11999558622182617,-0.1951179529681495,-0.1655102402067461,-0.05293176748299473,-0.08844403210860297,0.008020458506230241,-0.011982355769709732,0.0,0.09214627242209608,0.29111278368060384,0.25476758547944245,0.37016794883243326,0.3925147889058729,0.1758353336742497,0.1212549759506435,0.4218198410079566,0.6686065772071721,0.09670301324437236,0.1888742919363099
-0.11276989991634827,-0.11601604520275297,0.020951608569842625,-0.0970296601586824,-0.1118520583497076,-0.1180737445916633,-0.19199893455024633,-0.16286283237305332,-0.05207435201966708,-0.08702741366622906,0.007893930333640501,-0.011788293284392707,0.0,0.09067121881049507,0.28657960753243034,0.2506902330973687,0.3640534685319162,0.3859520744907527,0.17302004697136628,0.11931323860676311,0.4153921580900099,0.6576269900186191,0.0951546424476068,0.18594828051760767
-0.11194097169615204,-0.11516515293114613,0.020864524609231806,-0.09631724961229772,-0.11103730045944081,-0.11721911102047011,-0.19061704387210607,-0.1616884503444745,-0.051684784692193786,-0.0863973608637026,0.007839314717129635,-0.011700149448737967,0.0,0.09001591665792583,0.2846744698769416,0.2488796150867816,0.3611751334514122,0.38236747488942624,0.17176885728545468,0.11844999275178823,0.41281493094918087,0.6557337045234676,0.0944664480368822,0.1847318999081167
-0.11370728089263381,-0.11698127764090281,0.021156400012605107,-0.09783657710643333,-0.1127852081502652,-0.11906129246179689,-0.19360836079410942,-0.16422702111954804,-0.05250410376600921,-0.08775523293792897,0.007961108100933005,-0.011885598246091322,0.0,0.0914300292005476,0.28905394478522684,0.252788752273523,0.36698698952637204,0.3868836438092361,0.17446768357730677,0.12031131787598683,0.4190630028547198,0.678947271310628,0.09595074969262576,0.1875628160647232
-0.12128130467449794,-0.124769379233469,0.022424427823527025,-0.10435173166138026,-0.12028215023087835,-0.1269639250993375,-0.20644251210846837,-0.1751181368119771,-0.05601571684846739,-0.09358023028622367,0.008484202496104643,-0.012680445214056433,0.0,0.09749656584430672,0.30788286452837954,0.269559224849163,0.391858790136444,0.4106961972763945,0.18604545558323715,0.12829616220694157,0.44597210427374073,0.7444803271700625,0.10231827647849831,0.1997389135692339
-0.14777831328542168,-0.1517817397948824,-0.0037612040263258323,-0.130705877573547,-0.14661251061891822,-0.15399876883060062,-0.24325343472261898,-0.20863721751516284,-0.07850835852323187,-0.117040693108778,-0.005826386668103613,-0.025139153483566157,0.0,0.07914340823746538,0.28830647233540213,0.2504686535574268,0.3732539837349052,0.39133538730169387,0.16788793898170534,0.11251281294832129,0.4277781937525884,0.7335072903930366,0.08844857675495656,0.17765865672408163
-0.1391152496008642,-0.14377155213305803,-0.003830908481270613,-0.12620322552883376,-0.14074710735313253,-0.14980084512249076,-0.24073665502794164,-0.206186463284082,-0.07694465936793086,-0.11412579313202253,-0.006051476333991708,-0.023640314243523284,0.0,0.07630622809855865,0.28045793602855523,0.2438629964326811,0.3622869134938294,0.37992936898851964,0.16533301424406302,0.11344891834002595,0.41592709565586944,0.708218931569056,0.09129255673711432,0.17275707696902626
-0.131943103346645,-0.13658995752101052,0.002471917846952147,-0.11950524077186347,-0.1339180489807129,-0.14304867994283815,-0.232611872512617,-0.19858988463805563,-0.07117582380553647,-0.10808474707141684,-0.0024712806639937933,-0.018851321174244845,0.0,0.08074440685836906,0.28509967515846374,0.24871354253061462,0.3638090621856489,0.38134548426847287,0.17341184173886076,0.12408418009776892,0.41694487008660563,0.6970947259405649,0.10323632146433331,0.178028107475245
-0.10931751680728646,-0.11215560049190906,0.018367358417111002,-0.10085209090999273,-0.11516234996462679,-0.12577204487312005,-0.21517623381042145,-0.18209746710428112,-0.05820889478565289,-0.09410840454711991,0.005676274588289561,-0.011646313778154649,0.0,0.09081024734815155,0.29693863110653645,0.2600582338322083,0.37602396044162095,0.39393178330369333,0.1835320460360117,0.1326918149713404,0.42934053905259495,0.7100384156679347,0.11083787195426238,0.19140383451721601
-0.11102549740788978,-0.11360533388854174,0.022979829607955377,-0.09734563413491303,-0.11249593738213508,-0.12015748346759374,-0.1996700175131064,-0.16906249029819412,-0.05313807596347622,-0.0889381663802805,0.008518193031290896,-0.01179518725192812,0.0,0.09390989842446734,0.2971266127009886,0.25981032383222524,0.3775247253268343,0.39625003825364397,0.17909709114713204,0.12344272040692897,0.4310148760827492,0.7124699613347596,0.09848467201701024,0.19326800334037572
-0.10978946914957055,-0.11295422800102642,0.020553332929362497,-0.09446713145829173,-0.10891313039308441,-0.11498398867245922,-0.18699287625087135,-0.1586113510030643,-0.05068229264750749,-0.08474976108283169,0.007693219679311861,-0.011473269499113977,0.0,0.08830082841036951,0.27947335028979287,0.24413925268301065,0.3539618072266514,0.37234052478311647,0.16849513260929005,0.1161918823221341,0.40551973880609704,0.6596355881332506,0.09266590614602291,0.1813832956289858
-0.10594834765166945,-0.10900580558281597,0.019954968572016122,-0.09116355519131722,-0.10511605982315374,-0.11098508769515564,-0.18050376612101707,-0.1531031909161925,-0.0488968635057074,-0.08180209629341445,0.007430213266422561,-0.011069170393450642,0.0,0.0852316937648976,0.2700589204007746,0.23565565741397543,0.34121306061169243,0.35957984132627496,0.16263730525871267,0.11215162136919665,0.39219104881289407,0.6297517181661785,0.0894441686579488,0.17530877108491097
-0.10491702905079112,-0.10794547146893335,0.019787049794883136,-0.09027647566171738,-0.10409576314321621,-0.10990996516598447,-0.17875828593234427,-0.15162181266216884,-0.04841822285923325,-0.08100961826636754,0.007359227627082057,-0.010960834108385558,0.0,0.0844064352547284,0.26750934854059505,0.233374377798383,0.3378120492321566,0.35613766549581605,0.16106227623091382,0.11106533981144556,0.38856070822319405,0.6221374465064852,0.08857793027115206,0.1736614719940628
-0.10518536827891228,-0.10822059359090508,0.019803695535699873,-0.09050695500933088,-0.10435823452634704,-0.11018433455160298,-0.17920055402421733,-0.151998055263691,-0.04854550405929946,-0.08121191276787208,0.007376319505482269,-0.010989625372103304,0.0,0.08461663865372926,0.26809133312141936,0.23395496874260654,0.3387787207970022,0.3569736684843187,0.161463753060792,0.1113424111096855,0.3893128612654501,0.6256433041310305,0.08879877051261904,0.17402928187227606
-0.10734799427205112,-0.11044483039794807,0.020182858332476693,-0.09236744879369872,-0.10650074812281657,-0.11244418250171556,-0.18287263200294646,-0.15511363275733242,-0.049546447215963935,-0.08287760214712196,0.007526550916217626,-0.011216198203408271,0.0,0.08635168741546895,0.2735190535104488,0.2387516796338708,0.3458287187402227,0.3642513654932581,0.1647748445738041,0.11362586057112213,0.3971179394293175,0.6400853721757996,0.09061977785329618,0.17754439119619447
-0.11251509682822439,-0.11575653953400741,0.020997118260423026,-0.0968115558844441,-0.1116096287098101,-0.11782538387366825,-0.1916059309468086,-0.16252642202794898,-0.05194727147465886,-0.08684416725702872,0.007880824579687484,-0.011759586818440925,0.0,0.09048186871687267,0.2862115043625552,0.25016834869438215,0.36295019427172764,0.38143770358926055,0.1726577092458373,0.11906276924116818,0.41511421018070643,0.6797590199910493,0.09495525041010902,0.1857368717142172
-0.1163148150224701,-0.11872016421334813,0.010308852267021626,-0.10617404522808277,-0.12058152705138336,-0.1300775264998163,-0.21680188906390896,-0.18445883487662823,-0.06325584228652595,-0.09849661218715157,0.0012007658720259158,-0.017715463576746263,0.0,0.08265306051714263,0.282332235919921,0.2456247769231745,0.3618627979887035,0.3799552456517297,0.16642308718108517,0.1129070501516589,0.4151177469788662,0.6955922178960278,0.08944556031605687,0.1792780617253212
-0.15501680216954186,-0.15875140136987803,-0.03428230499437036,-0.14644200055885512,-0.15983345379816688,-0.17096647019839495,-0.27335067389071765,-0.23601797966790994,-0.09868154462498757,-0.13422932804304097,-0.022633840587907784,-0.03567231160237321,0.0,0.04945105661034364,0.23950580787858441,0.20675383221122362,0.31869127182094054,0.3346489844926827,0.1360031849287427,0.09220473252909947,0.3706620386814785,0.6510634713605734,0.07500927990152026,0.13578307824581706
-0.13545384202276398,-0.13833687234585726,-0.02916313563635765,-0.1358649933220254,-0.14786895309558054,-0.16326523510899663,-0.2753758825548552,-0.23642084792985216,-0.09452301395649379,-0.1288021060232024,-0.02031585500863739,-0.030098034410556494,0.0,0.05137216751477905,0.24159379342389506,0.21055274780538782,0.3200833308242929,0.3352220492860033,0.1454674178569577,0.10736554111136626,0.3713956726677347,0.6488779891685784,0.09360277955729097,0.13901940677714333
-0.07881968101192885,-0.08176996722930774,0.010448965870232288,-0.08439200578664745,-0.10367673362547337,-0.12547831388449518,-0.23768737917290428,-0.20062821911676396,-0.06483895145374877,-0.09904445371198967,-0.0049064189599827696,-0.018452080866622707,0.0,0.06626734295964075,0.2554010917425369,0.2218795842576863,0.33070050912890414,0.3475737858244147,0.15210319206324205,0.10630205653435537,0.3822407109467093,0.6436200535847975,0.08795461853235893,0.1626026759960715
-0.056702832099269095,-0.061272957864451465,0.027499884420973477,-0.06474052433821352,-0.08422609630804423,-0.10729339844767904,-0.21196200088706743,-0.17773250436294463,-0.05154388269317712,-0.08467278370639637,-0.00019450542210595979,-0.01524573345099414,0.0,0.06617709991495477,0.24414268430330066,0.21079580490806887,0.3155018517368682,0.3338585503194073,0.13975660496881157,0.0930144663899762,0.365735431943157,0.6006779553302805,0.07362696310354655,0.162069060568192
-0.046793489307807974,-0.051215059165875425,0.02789787040745666,-0.056483381829165104,-0.07555648491831496,-0.09888818799573745,-0.19940164545096375,-0.16701143021061288,-0.047761782880195634,-0.07879378411955645,-0.0020289092524598635,-0.014400387174415243,0.0,0.05621142853690815,0.2157250538365787,0.18664666636958976,0.2769570379502567,0.2953500082027023,0.12803317290247476,0.08490230514581944,0.32414934132804546,0.503724723209608,0.06716136696928708,0.14456802674700894
-0.015947532161915873,-0.020553280719491012,0.015981769877479037,-0.043044956114950295,-0.05638875353018436,-0.0858630159188517,-0.19161372781604927,-0.16050629337438263,-0.04899424541381668,-0.0727675743669486,-0.01147773464363124,-0.018458443953180095,0.0,0.02688318524789044,0.1504526573245747,0.1274669729456566,0.196586401106601,0.2136439435518272,0.08381843978225752,0.05201157554388151,0.23926595354390853,0.34779098495583394,0.040261966467708035,0.09950929329099627
-0.011266711746471767,-0.015520222145746948,0.008925831658774504,-0.024237765121004496,-0.036893837093707534,-0.058054348268236765,0.08755691068566471,0.014172039323384105,-0.01939513325824626,-0.03858493463056421,-0.007168245784390731,-0.0055888356168507765,0.0,0.007971122825185178,0.08899321102331542,0.07474481798053578,0.11775641974340999,0.13237469750166117,0.05259351475667883,0.038363743516412675,0.15469685411996825,0.18182003598351762,0.03613523177648383,0.05866023909444956
-0.024313494564550585,-0.027365622661617246,0.006290642404542441,-0.03004685823431355,-0.044679806809057886,-0.06255695738906919,0.08792822689513483,0.013911397352152388,-0.021106951142353187,-0.04144224823586833,-0.0076368492468125455,-0.006479731151009479,0.0,0.008872697983476277,0.0909790533023374,0.07662252611889904,0.12003811505272481,0.13485027293172888,0.05415745346168398,0.03929481449960833,0.15701967460361918,0.18427911703910518,0.03660153080862813,0.05889543559371626
-0.043312191238434425,-0.04898370353752173,0.008299050788616766,-0.03967821378577257,-0.055564532786405406,-0.06955270439334485,0.08852613580849397,0.014009399038757128,-0.021218967741326512,-0.044336256979054016,-0.00395553417808054,-0.00511018955027348,0.0,0.02085566264642905,0.11614798637728395,0.09951691376473387,0.15048265138299735,0.16582061306685641,0.07139835113786126,0.052342300936599036,0.18909144494737995,0.24127110990473244,0.04725033032632586,0.07529016435622396
-0.023808188069347067,-0.02661132407886222,0.010716057010948547,-0.026988450721514623,-0.041022533845506484,-0.056971297338029164,0.10765716507089076,0.028492204093785584,-0.014937797390416546,-0.03513234184485419,-0.0015262892717102536,-0.0022866836005995947,0.0,0.020203354150922778,0.11439234917199385,0.09416762681722406,0.13748712554884415,0.15203467056836786,0.06604604925772523,0.0487909498689711,0.17633031354380663,0.2033246673954977,0.0446442176945879,0.0751153042035081
-0.05349396697779553,-0.055822292378808355,-0.006943455924406373,-0.04805623270160072,-0.06090274775881168,-0.0714298884484678,0.10989335626911247,0.025646817688499583,-0.024183302659849474,-0.04472952160072726,-0.004994482610393325,-0.004394384058483412,0.0,0.019524217127245724,0.11760676454767398,0.09764714999798027,0.14254874280593488,0.15592644609004794,0.0701542427102652,0.05678193880165865,0.1818268428304552,0.22354932374567266,0.05480035324507593,0.07042177646266613
-0.1202621525612648,-0.12237099331484991,-0.05466741836566978,-0.10532052856517439,-0.11360192078841788,-0.11679523637910509,0.04309354741944141,-0.02964050132485685,-0.06010365330899209,-0.08133281696977433,-0.024430605236144314,-0.01659672942168305,0.0,-0.0004597250159724052,0.09461074730183996,0.0796971006455603,0.12006076328916417,0.13055215772294815,0.06440162237556075,0.0658024187568853,0.15787470493654907,0.20438240417341513,0.07229089733946999,0.03805774850604726
-0.12672380430653918,-0.12828312266490036,-0.05352803657294526,-0.11290769360865258,-0.12237391101137762,-0.12738500516264495,0.021866577366764103,-0.047471875128411334,-0.06563528686494277,-0.08971430206261677,-0.025093478237193326,-0.01694511132977195,0.0,0.004463136070986302,0.11939194877042077,0.09756376781800154,0.137630013309842,0.14819541342414017,0.07924656710459982,0.0796318519881803,0.1775144882195238,0.22019550386196104,0.08618881557733556,0.05388241039175959
-0.12131313828218004,-0.12394797012947828,-0.0008770466411022247,-0.09803144802097626,-0.1123843135380992,-0.11517462586250805,0.04076869826402958,-0.028503728740794976,-0.042060324791914544,-0.07493006185893854,0.002476301056774713,-0.008721532336081339,0.0,0.06439399902619614,0.236525325022971,0.20305336013504902,0.2961507743792974,0.3117550372089726,0.13985071546105882,0.10123652538148531,0.3457905411147077,0.5550891299123499,0.08635596972653392,0.1465870813501471
-0.10635352927131272,-0.10920349551764114,0.02031269477770214,-0.08437702156820913,-0.09923015588997418,-0.10295363834652883,0.054435910880205884,-0.015336423351373066,-0.029803098302296466,-0.06405470628508127,0.012982687037635282,-0.0038401725457021577,0.0,0.0830617917430474,0.27045125107802587,0.23243556801012583,0.33722541798003725,0.3542154416129846,0.1567682456106859,0.10707787233036742,0.3892539072258828,0.6329900194575729,0.08601310517726594,0.17568799209786534
-0.1259101073273461,-0.12962602479031604,0.026621563977068177,-0.10837520430183518,-0.125243460082731,-0.13247270111046652,-0.21579040809875086,-0.18293801447945263,-0.057814659727968155,-0.09763370964188452,0.008978242528661678,-0.013089882771554791,0.0,0.1017761467404476,0.32968875183250806,0.2814503201882842,0.396713251682831,0.4162400506424388,0.19417524611619785,0.13388068586958118,0.4530236208022727,0.7157471751368275,0.10678506071308587,0.21487384750143657
-0.1178738541245838,-0.12131042683910828,0.02343465102805149,-0.10143995424132717,-0.11708471983622798,-0.12372233210086854,-0.20136348014578526,-0.17075595293087298,-0.05427554271719862,-0.09118762489191574,0.008329403138113136,-0.01228759947251116,0.0,0.09503154781641758,0.3041689246888265,0.2627728284104267,0.3758906648747809,0.39489697246326816,0.1813236699441996,0.12502936374214094,0.4299227339067883,0.6901653898364029,0.09971935084820169,0.1978146901677694
-0.10942114102559003,-0.1125755371923602,0.020493361929023828,-0.09415031729564526,-0.10854873866999809,-0.11460001628615524,-0.18636949038079076,-0.1580822872658785,-0.05051134953523705,-0.0844667331758885,0.007667867661666169,-0.011434577963246146,0.0,0.08800609318636542,0.2785627887820169,0.2433245098476053,0.3527471601331213,0.371111176097886,0.16793262216244098,0.11580392456791518,0.4042231884116067,0.6569162050119691,0.09235653524971896,0.18079497444167275
-0.1046223665933972,-0.1076425188649668,0.01973907300141663,-0.09002302436754593,-0.10380424980609107,-0.10960278730050683,-0.1782595773070091,-0.15119856173244767,-0.04828146838881201,-0.08078319597292542,0.007338946015841848,-0.010929880884081157,0.0,0.08417064710896573,0.26678089943768657,0.23272258362249937,0.3368403316951466,0.35515418668711446,0.16061226793725694,0.11075497365208807,0.38752346805470833,0.6199619403180014,0.08833043358921013,0.1731908151109633
-0.09825029111419527,-0.10109116897068726,0.018701574869068982,-0.08454214027038046,-0.09750027405097134,-0.10296006612837369,-0.16747500355821457,-0.14204576060983737,-0.04532415304111126,-0.07588681400167928,0.0069003561839200474,-0.010260517425512178,0.0,0.07907172858643217,0.2510281879876278,0.21862753492722659,0.3158269404913317,0.3338864579894193,0.15088083883424075,0.10404330562655176,0.3650931499812439,0.5729166201876374,0.082978317978233,0.1630128602725975
-0.09395136230495192,-0.09667052578488801,0.01797458031965839,-0.08084412460327095,-0.0932442887603456,-0.0984731786535492,-0.1601872880458064,-0.13586161387571866,-0.043331739973894216,-0.07257956299497467,0.006603083091693224,-0.009809533718000831,0.0,0.07562721576791283,0.24031921160251074,0.20910531626080556,0.30173199040478593,0.3194785396173859,0.1443071871922163,0.09950970150977376,0.34976808059585324,0.5427021322763572,0.07936295969347738,0.1560854885462065
-0.10554318685110933,-0.10858924583292301,0.01988900049375663,-0.09081505972923021,-0.10471522906212498,-0.11056271821180734,-0.17981804189379808,-0.15252122100037702,-0.04870882614524571,-0.08149076570013994,0.007402326056360746,-0.01102660971826312,0.0,0.08490748512717465,0.2690573030779843,0.23475944059546033,0.3398769492567017,0.3582275582258349,0.16201854397460047,0.11172486798261251,0.3907648438570488,0.6267603977355236,0.08910386078609281,0.17466161799580568
-0.09951311608900665,-0.1023887560827092,0.01888014228018015,-0.0856280176953841,-0.09874660290038752,-0.10427116076096776,-0.16960041318102373,-0.14385047503163775,-0.045912980557030206,-0.07685328370742424,0.006985898497019588,-0.010393775816318234,0.0,0.08007771693976078,0.254068688174541,0.2214079311110607,0.32007315858854485,0.338041701800374,0.15280109358341032,0.10536786266310351,0.36934598842664335,0.583764810851205,0.08403445948176563,0.1649691370561761
-0.10325955279586083,-0.10624136314144249,0.019517180342690735,-0.08885081219041552,-0.10245600068907211,-0.10818208974346784,-0.17595305002976971,-0.14924102628003286,-0.04764897899463168,-0.07973599291793929,0.0072451435685304474,-0.010786722228807664,0.0,0.08308012698915475,0.2634118225046176,0.2297080357092542,0.3323461383104219,0.3506055974235239,0.1585309796828057,0.10931953023658869,0.38272623251451016,0.6099002246976422,0.08718576149226824,0.17101402713509845
-0.07446169901738815,-0.07789848070590229,0.025815535283019768,-0.07497636444412797,-0.08556680882497077,-0.09825107437503817,-0.17852174331664303,-0.1500270315521677,-0.04382341076761888,-0.07371501658892256,0.00875070155778715,-0.00884086612438707,0.0,0.0825524856472598,0.2637023280082476,0.22900025268304577,0.3315061164989863,0.3494340072797101,0.1570570555818322,0.10802573494647941,0.3822588566927015,0.6110129241310099,0.08632022061859332,0.17358056477269576
-0.11784509401530154,-0.12195311735046943,-0.029286128879980656,-0.11511127223760653,-0.12435879771333948,-0.13507946042715782,-0.22005157482406704,-0.18971758174906744,-0.07889205413092196,-0.10624642454321408,-0.020546218567145245,-0.024825476080305758,0.0,0.03201591156858382,0.1838303902229494,0.1513879941719937,0.2133752902896453,0.2278991829071706,0.10834523033386444,0.08531792757183898,0.25860740623283984,0.3547794069025669,0.07825425692152499,0.10309267352943079
-0.05049241802409363,-0.056679218548637174,-0.03280983910706248,-0.07466649915268746,-0.08378963999695815,-0.10980083144343908,-0.2145589272519359,-0.18322511972342462,-0.07316266924289798,-0.09258682794920758,-0.029440628966106556,-0.02504007744749691,0.0,-0.0028703859528303576,0.10645229423620167,0.081490120015609,0.11567938437869536,0.12767638486357547,0.059811225507052763,0.053075866432320415,0.15534484071497157,0.16377390990071272,0.05515738628549832,0.05369379989080071
-0.053681756435770764,-0.05818130554108593,0.02565762596527823,-0.061960634954340954,-0.08147790648288868,-0.10454413984191561,-0.2077947954139947,-0.1742161214811,-0.05061217795378992,-0.08274040141725225,-0.0009445525783380696,-0.014800642704795471,0.0,0.06263298326621404,0.23341650942375575,0.20234972648300165,0.3007129178901233,0.31859237918152483,0.1378991024603015,0.09185669463815489,0.3494746153678226,0.5638529235025992,0.07273386514220585,0.1547084958739901
-0.039968118200942544,-0.044310914654823064,-0.032584557430220484,-0.06686662738746636,-0.07824695034835055,-0.1063629613294795,-0.21193657667311494,-0.18140450715381834,-0.07438507912917819,-0.09285852202141033,-0.03581211816567204,-0.03285947468597298,0.0,-0.02032130645258123,0.0644603376914502,0.047271735744383675,0.08380581396267173,0.09646474897599669,0.02725746418734653,0.016068974925642222,0.12123768142079705,0.13640527109043565,0.015553227652448712,0.02769555154598265
-0.1109698205444016,-0.1141649767917783,0.020646353192828856,-0.09548118930484456,-0.11006986711415148,-0.11619479451079273,-0.18894699772201598,-0.16027307392377035,-0.05124015953212911,-0.08564245542278005,0.007769410997937493,-0.011599472837672884,0.0,0.0892287659527396,0.2820929290755099,0.24670261465116208,0.3581540744073178,0.3804564853318756,0.17026721916156776,0.11741472070556659,0.4089691345928899,0.6409784261037628,0.09364065110662562,0.1830457052237001
-0.030801136452580712,-0.03437352225526271,0.0326111813042315,-0.040996290636643735,-0.05914324851445933,-0.08120852960974993,-0.1704624398707382,-0.14215637231854525,-0.03771402121566752,-0.06529140024121252,-0.0016287408707656224,-0.011225996329935184,0.0,0.04582415319436776,0.1795767271717523,0.15497482668087115,0.22694586126314453,0.24569904466988216,0.10911170424983495,0.07230914980172413,0.2700961368034754,0.3769492407564085,0.05729462264063862,0.1238998483642987
-0.029433446124376542,-0.033171307856928574,0.02976989389445771,-0.04046193745357217,-0.05784209208528205,-0.07986045786925951,-0.16771158356464294,-0.14000917757736214,-0.03802386054887938,-0.06455377219026574,-0.0029494347898989647,-0.011873845712709389,0.0,0.04184319427692308,0.17008233692052607,0.1463506635556553,0.21505842335432387,0.23356438726431183,0.10255949957822098,0.06753205733127735,0.2575451970052271,0.35373733937018925,0.053382372309240804,0.11692594002882015
-0.016857518090635425,-0.018561228965292036,0.017544549521934454,-0.03571580792745892,-0.05083812990692104,-0.07541768265216435,-0.16883077212697578,-0.1410434762388178,-0.0408536155064236,-0.06324887386594863,-0.008663323411452201,-0.01206377964856857,0.0,0.02627205771086234,0.1402201600433494,0.11705987007403852,0.16784126717956163,0.18249812675524849,0.08457695575110778,0.061583075901648555,0.20860796338323595,0.26299353944190734,0.054067525605498615,0.0937453549499968
-0.0317031855784375,-0.032997711011956934,0.0031563765468207074,-0.046848851345641034,-0.06119590736070117,-0.08319245367496826,-0.17431312313845887,-0.14672390369459923,-0.047609401663378084,-0.06912267095360987,-0.012627645966266941,-0.013377494266217295,0.0,0.021134660187791983,0.13123380126750703,0.10997724605115744,0.15767803287544127,0.1714840808527475,0.08197707182908334,0.06540718924621494,0.19764042267349707,0.24677046598986824,0.061388261494746105,0.08271255629099757
-0.11138722783244404,-0.11459592113810749,0.020777585493702067,-0.09584099108352612,-0.11048983189166937,-0.1166424868556683,-0.18968126267976607,-0.1608941523380994,-0.05142746235308049,-0.08597232178711837,0.007801364651802653,-0.011641908817248869,0.0,0.08957335069785587,0.28331522711399426,0.2476562776338068,0.35933929705487183,0.37918496756724435,0.1709241722674614,0.1178674009983495,0.4108886181424758,0.6615243466433024,0.09400188189687128,0.18385466056689245
-0.11658166417569038,-0.11994179988019614,0.02181031027480341,-0.10031122247244521,-0.11564949421889191,-0.12209465494088563,-0.1985549049597961,-0.16841898832909435,-0.05381926252731928,-0.08999075763992201,0.00816842338957266,-0.012183395489315218,0.0,0.09376117989305205,0.2967193062785421,0.2592360926353262,0.3759039183622517,0.39470830910775434,0.17891470344864563,0.12337716712763885,0.4292788252292369,0.7060295147451034,0.09839629206794127,0.19257193783766774
-0.13392606991290673,-0.13771698287416692,0.001706744751465636,-0.11755400119625271,-0.13255802553013343,-0.13946376208779596,-0.22477075472349334,-0.19172028465989685,-0.06768436442642216,-0.10405981697126637,-0.0004863589341083861,-0.013177679332504225,0.0,0.08272987591431011,0.2770689625838626,0.24924142072943933,0.3498232715146115,0.36546968292274085,0.18323674319669195,0.14153221754452414,0.3987624915363721,0.6386711218168363,0.12469768736691957,0.17274989419332898
-0.10007116820751755,-0.09960163778190459,0.007722315682088502,-0.09491485358021506,-0.10837212756435896,-0.11920848916535061,-0.20773758023856678,-0.1761962640604966,-0.05924184470053918,-0.09112079723855929,-0.0004044314825686404,-0.013130550994247668,0.0,0.07249140695129741,0.25728508739641087,0.2222398388774536,0.31785669365722086,0.33459681894457405,0.15813214763996072,0.11736069829580366,0.36804841545414785,0.5784507444588239,0.10076068616356294,0.16273996041735825
-0.1329316650855776,-0.1362872944864276,0.0069219182632894415,-0.11521341292640673,-0.13083279960757213,-0.13694337026129696,-0.21727220423206284,-0.18565543035837861,-0.06604488841158083,-0.10275276102770271,0.0002815854345404927,-0.01901709057733616,0.0,0.08348112578647951,0.2845086937912758,0.24781707630536323,0.3646383612354167,0.3829551788302435,0.1684336003680775,0.11441468383086795,0.4179136869471128,0.6990404953378913,0.09054249843889743,0.17934686713052037
-0.12035392744778732,-0.12352219969863262,0.011590562840404892,-0.10371466291293598,-0.11844354558961716,-0.12423283769116276,-0.19983420306665312,-0.1700755749140215,-0.0574585929416807,-0.09208122587330969,0.0035905747990768095,-0.012084962134300046,0.0,0.08349681191749124,0.27349267755914314,0.2404171655559536,0.34733968336382304,0.36496112556768195,0.17123135355033484,0.12519780857032764,0.39821898857729204,0.6469813425974315,0.10537446026593421,0.17427287597547428
-0.06824250017220541,-0.07240447507640371,0.02603632379267444,-0.07153562577366955,-0.0810560308914775,-0.09477628906878065,-0.17515449076493947,-0.14699933860397457,-0.04240680896408854,-0.07125119525481226,0.008784597025288074,-0.008375120334477288,0.0,0.08074781516478492,0.25754146407580597,0.22410311686392972,0.3254851614087186,0.34325058640729245,0.15355585550912185,0.10557718473115316,0.37573179394688144,0.6016719615041354,0.08438792619574756,0.16983734565293815
-0.12935872565370674,-0.13201744206133123,-0.015638255652526686,-0.11272190706266107,-0.12563077932147013,-0.12989598906987995,-0.20056288816123655,-0.17282275332614883,-0.06892240261378385,-0.09904071907514554,-0.009678807082250924,-0.020903600951001106,0.0,0.05463190997975464,0.20968427379904617,0.18661428105800956,0.26665877022958184,0.28169467194436376,0.13015162227145108,0.09422340081126138,0.31140570116490784,0.47714609825391274,0.07958525407016405,0.1243223946537614
-0.10042342670090769,-0.10332544438734416,0.019055403714930672,-0.08641134353344167,-0.09965018487609208,-0.10522550284814995,-0.17115297960817252,-0.14516723616400584,-0.046332717243496545,-0.07755667838771513,0.0070499330642990075,-0.010488797450914985,0.0,0.08081066613217033,0.256400500031178,0.223434516893481,0.3229933572061928,0.3411396140815509,0.15419964994411467,0.10633225601329753,0.3727427960951061,0.5889609780577287,0.08480360597684146,0.16648395472704816
-0.10370154644016129,-0.10669579200442618,0.019589145526086153,-0.08923098909572715,-0.10289327065341608,-0.10864285649811892,-0.17670111289704346,-0.1498759026145873,-0.047854110680868554,-0.0800756263259903,0.007275565982514144,-0.01083315206087418,0.0,0.08343380917435825,0.2645044960556686,0.23068572688063949,0.3338037144781239,0.35208081549709563,0.15920599205946898,0.10978507943160752,0.38428209262013285,0.6131634836718287,0.0875570064800802,0.17172001239299714
-0.097660966209856,-0.1004852637734966,0.018605621283836256,-0.08403523769102483,-0.09691724738705793,-0.10234571040831067,-0.1664775863252273,-0.14119925876540274,-0.04505064410511837,-0.07543396942282397,0.006859792962158626,-0.010198610978001146,0.0,0.0786001523032668,0.24957128980763837,0.21732394659856927,0.313883505451764,0.331919500406884,0.14998082226288278,0.10342257331884173,0.3630186696810483,0.5685656078878034,0.08248332462312513,0.16207154652308564
-0.09777146463660259,-0.10059887100535492,0.018623612582236573,-0.08413028193083238,-0.09702656489364782,-0.10246090211331044,-0.1666646020685691,-0.14135797787155158,-0.04510192703395077,-0.07551887778687873,0.00686739856673297,-0.01021021843766398,0.0,0.07868857286210729,0.2498444582341418,0.21756836942607966,0.31424789954536775,0.3322883049775809,0.15014957538098148,0.1035389606341031,0.36340763476261684,0.5693814227470484,0.0825761358832414,0.16224804286259092
-0.09321470618236287,-0.0959131442964552,0.017854638339394213,-0.08021049638581562,-0.0925155054382053,-0.0977052340116386,-0.1589405165178336,-0.13480348658143007,-0.04298985380753914,-0.07201350727742631,0.00655237906503099,-0.009732150659435203,0.0,0.07503774542022679,0.23849808889689642,0.2074758308673176,0.2993026966311684,0.31701984266537214,0.14318216648998588,0.09873378613338928,0.34717498024819315,0.5372633669594201,0.07874421800617343,0.15490884637183366
-0.12176525137240254,-0.12594994987764366,0.005998342509022466,-0.10928335966684218,-0.12307276329025585,-0.1312440102634822,-0.2140880677040617,-0.1824429971878336,-0.06369539550093252,-0.09849614064357685,6.0386918246081223e-05,-0.015092249279860371,0.0,0.07961264799031097,0.27203670392285056,0.23886751602841413,0.3481728480602667,0.36550112150023834,0.16892618210406607,0.12313125778599378,0.3995577608299219,0.659636176619884,0.10378749325195222,0.17124991393655406
-0.10915244701616637,-0.11198373029768789,-0.007105031640457431,-0.11169849812493315,-0.12307942961576619,-0.13879437609993248,-0.24463581896045897,-0.2080954305415993,-0.07458428882535335,-0.10755639909363462,-0.007957311270068131,-0.016829671768504577,0.0,0.06648682441749501,0.2555121101539815,0.22591442644034498,0.331936161159578,0.34727392804653257,0.16525380574297274,0.12985313907671464,0.38226149641358526,0.6450676074120102,0.11713016478978147,0.15602142551671774
-0.12428037523373692,-0.12713910326685546,-0.01963291197228173,-0.1253822768091267,-0.1371576616917527,-0.15263442972978253,-0.2626435593227871,-0.2244996949122608,-0.08544457570685532,-0.11923398292945574,-0.014528858090772716,-0.02232624183179244,0.0,0.058762375949554524,0.24794777920366906,0.21897742712736357,0.32593647341304555,0.3408283664227383,0.15912703215272295,0.12519216639185468,0.3763122628260188,0.6461972704556016,0.11357147364501922,0.1465766882729577
-0.07752428277594899,-0.082502836596928,0.017532994423370918,-0.08199262400586452,-0.10112171770086878,-0.1225591111717858,-0.2306812903991736,-0.19444273276277016,-0.060910820045546425,-0.09585777269809928,-0.001326518468051555,-0.018011588422198653,0.0,0.07300431642427414,0.266957437191007,0.23181967516540933,0.34639430601458276,0.3641035340029289,0.15576791575023122,0.1040203547979421,0.3990288126769958,0.6762803360698046,0.08225085386789537,0.17246471517500034
-0.0348077786740253,-0.03860679479417005,0.02490569619435404,-0.04496656501689988,-0.06309820274265437,-0.08536108773725973,-0.17741500087777604,-0.1482694664953199,-0.041349643520049155,-0.0685049748162749,-0.0010906407156318727,-0.012831877072506574,0.0,0.05070728547972446,0.1957663321342371,0.16722183062221574,0.251054137562415,0.2685882195364384,0.10865581497455512,0.07156580674313703,0.2970878858826509,0.45810207001573683,0.05654819236805358,0.13103696400897177
-0.11246914996136095,-0.11570727791214987,0.020918306085027847,-0.09677116405262343,-0.11155626030464652,-0.11776332954182517,-0.19149680959806994,-0.16243616511649098,-0.05193318318597169,-0.0867985730823787,0.00787402785079337,-0.011756351196485874,0.0,0.0904331781652774,0.28588325292847544,0.25003248961148167,0.36301431727670935,0.3842885144183453,0.17256556725592384,0.1189996861458095,0.41444494965127543,0.6597306042855492,0.09490466628017293,0.18550311861506094
-0.037727068446904814,-0.04203405924408646,0.02931799768590283,-0.04892012686531541,-0.06753738451071534,-0.09110418943054877,-0.1882165000605908,-0.15733543870576616,-0.043774501775778685,-0.07309558395449028,-0.0022956719057132414,-0.013247212812281578,0.0,0.05070777344755928,0.19841783750307188,0.17152101112290974,0.25352012191888007,0.27213689630274873,0.1190051412325459,0.07874007785476801,0.2988182439867907,0.4450445691774375,0.062296658162576145,0.13435553478929663
0.05101025436355395,0.051778102871284294,0.02043430512304459,6.374411908832286e-06,-0.008939765476176479,-0.04733475708180165,-0.1625516194807283,-0.13344381394607904,-0.03329052957793289,-0.047154446207698424,-0.01221156956425962,-0.01081481453451518,0.0,0.004549051653851595,0.0906695016092499,0.071787890188686,0.1062197234456984,0.11978282002613053,0.05077506118968338,0.03640208594501901,0.1436507227031167,0.14354813339962283,0.03387187286442553,0.06406138404198576
-0.006425019579276211,-0.009760639971786906,0.003929769121776644,-0.03596072525345713,-0.04803685569562276,-0.07731942284798875,-0.17815579333095985,-0.1496139204866534,-0.04868027340921305,-0.06772985350301888,-0.018401241750353306,-0.018189914845534196,0.0,0.004496039520941924,0.0989070161793645,0.07950589440965114,0.11938283471327928,0.13308762570714278,0.055832044694345884,0.039376459527886695,0.15770180044127163,0.17763839194703188,0.035596308271878006,0.06292554417736415
-0.025757223349658104,-0.029624980012349856,0.028424911805002142,-0.03792839484255484,-0.054523518661405146,-0.07664876851961534,-0.1633583790543644,-0.13624077019471528,-0.03670192782492467,-0.06208465955397959,-0.0024026117798348467,-0.011289842434141228,0.0,0.04154527986681761,0.16763745267017077,0.14398824660172663,0.21176354086921695,0.2298910821941652,0.10015232548133308,0.06596832914658965,0.25418948815560233,0.34951490008927705,0.05217455323125268,0.11489774609149694
-0.036492522949420694,-0.04031286784700776,0.023734653407287493,-0.046798736697123984,-0.061572814275782026,-0.08168510959257347,-0.16662700339490585,-0.13948109789271276,-0.03979132544377974,-0.06529467037743496,-0.001808085840665705,-0.011954611713013675,0.0,0.04632248445026938,0.17981162483233404,0.15468359531214182,0.2278229444650588,0.24564453905083347,0.10641739609051987,0.07051441796259535,0.27153391668250415,0.3895314335739121,0.0557804271984123,0.12068294558053147
-0.057319835855621865,-0.06087831807815867,0.021095738435476307,-0.059182814256780854,-0.07488836652967672,-0.09093719900450281,-0.17250025663539062,-0.14491103719153098,-0.042636254400293984,-0.07047008521055745,0.001933672040719712,-0.01136439783829587,0.0,0.060928397191440865,0.21401291832171512,0.18521652402630803,0.2713746853765833,0.28916667317306444,0.12681315915268404,0.08556571948151138,0.3180492448259055,0.48588119774062216,0.0679741353314752,0.14092758134018796
-0.11562371337233333,-0.11886825078572012,0.01852719935730911,-0.09944906332472742,-0.11435489572797403,-0.12047542414082353,-0.19555889516889544,-0.16597947905003577,-0.05369189246032912,-0.08880363177153187,0.007943164983723454,-0.012152512178436617,0.0,0.09247188571164802,0.2849402977046451,0.2556167104021295,0.35581086883722307,0.3725475304516974,0.17648847641429172,0.12172426545441137,0.40488206605670346,0.6349161619473124,0.097065958330786,0.1840115412274378
-0.14629124252988832,-0.14961682412359573,-0.00623956367647494,-0.12743760103606291,-0.14318276606082686,-0.14895161601528895,-0.23205782421760818,-0.19938464263208186,-0.07629767052912682,-0.1131918522908264,-0.006674288301604402,-0.024891299519620557,0.0,0.07375517419599821,0.2715440612034983,0.23578561407447504,0.3517333980949972,0.3695871024688309,0.15785727082496392,0.10560522095046915,0.40471533937027127,0.6860812815279671,0.08289988396833908,0.16630765952960486
-0.1600198356289301,-0.16310245614335256,-0.027196699138429748,-0.13986400203446178,-0.15500892161245267,-0.15976200541173258,-0.24403724944270377,-0.21097734717384412,-0.08746634812278949,-0.12273154270868823,-0.015898557726182764,-0.028851014020472427,0.0,0.05755893628528138,0.2358472195892729,0.21037593255669704,0.30293791284365645,0.31773310048766457,0.14417015593211166,0.1022952394825378,0.35024084205318035,0.5657820028263155,0.08536873607718096,0.1361948534677478
-0.11727089632587295,-0.1210832905375083,0.016648197675685115,-0.10311314209106147,-0.1177393175491841,-0.12520043569463946,-0.2047318179693492,-0.17388848546233165,-0.0572669005382217,-0.09295094125296796,0.004134817964272261,-0.011870821654179875,0.0,0.0853849403015904,0.2889621312002699,0.2458213984101448,0.34143488728548116,0.35950066385343993,0.1747199500339934,0.12753560213475573,0.3937869506189596,0.5920729604069566,0.10727960910753641,0.1857978841998444
-0.15605064496110072,-0.15890528580837454,-0.032272225608475744,-0.13669097108611453,-0.15085839166034629,-0.15510592382498598,-0.23502507965512923,-0.20369127212662044,-0.08687414972800797,-0.11980765227049608,-0.018672207216422158,-0.029856792845095084,0.0,0.047917766835297554,0.2127575462439776,0.18849646640535994,0.27592532424307475,0.2906687792270989,0.12832511489369244,0.0908780540771242,0.32214851425627145,0.5184274915921248,0.07606813797229235,0.11992971485589969
-0.10160701343435383,-0.10571623344562912,0.022580464417501434,-0.09120297519784161,-0.1044467165346402,-0.11291697812098683,-0.1890664728082856,-0.1599586672736365,-0.04993926015189631,-0.08353542228885537,0.008192195815000027,-0.01097889596837341,0.0,0.08876553930548542,0.2813307697206932,0.2456460591277026,0.35649621339863546,0.3749399725743968,0.16924386512739012,0.11662622466419546,0.4085919190899042,0.6658321041361107,0.09306144571341027,0.1833050092969283
-0.10507486983127065,-0.10810698633756388,0.019785704233897517,-0.09041191075155058,-0.10424891699908538,-0.11006914282482065,-0.17901353824551094,-0.1518393361275285,-0.048494221120769475,-0.08112700438776128,0.007368713899469429,-0.01097801791024544,0.0,0.08452821807816788,0.26781816464325864,0.23371054586887482,0.3384143266344897,0.35660486384387957,0.1612949999107817,0.11122602377241544,0.38892389611032663,0.6248274891175108,0.08870595923495257,0.17385278549939462
-0.09780829743855265,-0.10063674007547958,0.01862960968056952,-0.08416196333811032,-0.09706300405562014,-0.10249929934104912,-0.1667269406378946,-0.14141088423026302,-0.04511902134032882,-0.07554718056954463,0.0068699337677787485,-0.010214087590153253,0.0,0.07871804637614797,0.2499355143590922,0.21764984368651064,0.31436936422026845,0.33241123981123477,0.1502058264097109,0.10357775639852027,0.36353728976529054,0.5696533609820433,0.0826070729640959,0.1623068749646351
-0.09511950256184883,-0.09787229761262302,0.018191821447841955,-0.08184922031923582,-0.09440294490086672,-0.09969630136757873,-0.1621762245112828,-0.13754871956408982,-0.04387113681955552,-0.07348107717801348,0.00668486406844826,-0.00993163942331526,0.0,0.07656647958368491,0.2432884164112794,0.21170222193556956,0.30550244185009195,0.3234369958387434,0.14609950080189305,0.1007456652439037,0.3540724733933538,0.549801867359239,0.080348665780865,0.15801213098144737
-0.10378572165852988,-0.10678156877577227,0.019575805775238854,-0.08930306140694924,-0.10297354622668287,-0.10872523974504142,-0.1768316881422871,-0.1499876134225503,-0.047895920349043275,-0.08013640691416263,0.007279981855687099,-0.010842597562145256,0.0,0.08349664500315737,0.2646312000117439,0.23085894652270997,0.33416306266847023,0.3523021443173339,0.1593262137456997,0.10986817190775941,0.3843859706490252,0.6153096501214069,0.0876231613172712,0.1717936617609916
-0.09290953417318648,-0.09560015312584152,0.017831995503646805,-0.07994833564889679,-0.09221659491377368,-0.09739246742006373,-0.15843590989199935,-0.13437433765120987,-0.04284547831079236,-0.07178291000931164,0.006532751987023549,-0.009699490245423163,0.0,0.07479806852390597,0.23782504824277853,0.2068137657088839,0.2982145604603299,0.3160609049129577,0.14272443866328954,0.09841791909274065,0.3462931722768175,0.5334855712541512,0.07849244070140193,0.15448220442495214
-0.11034196117882607,-0.11352226405290093,0.020643289404354007,-0.09494235256746435,-0.1094597178226731,-0.1155599470885431,-0.1879279547907566,-0.15940494638373903,-0.05093870724318097,-0.0851743028228235,0.007731247694993794,-0.01153130678645319,0.0,0.08874293112097303,0.2808391921640353,0.24536136658946567,0.35578377735014405,0.3741845472879044,0.1693388980402293,0.11677381878839599,0.4074645638461825,0.6637146616581425,0.0931299623588491,0.18226577715963907
-0.09649282595295887,-0.0992834919457614,0.01838838015565284,-0.08303014197505985,-0.09575859124653663,-0.10112258769428102,-0.1644886498597513,-0.13951215307703202,-0.04451124725945702,-0.07453245523978502,0.0067780119854035535,-0.010076505272686713,0.0,0.07766088848749475,0.24660208499886996,0.2147270409238054,0.31011305400645833,0.32796104418552746,0.14818850865320612,0.10218660958471187,0.3587142768835483,0.5614658728049227,0.08149761853573757,0.16014490408784496
-0.10255972947522192,-0.10552185072313444,0.01940323546075928,-0.08824886538023807,-0.10176365652890416,-0.1074525423292959,-0.17476861707112226,-0.1482358053444556,-0.047324187134654486,-0.07919823998305678,0.007196974742913753,-0.010713208322731267,0.0,0.08252013015550885,0.2616817559239523,0.22816002457619625,0.33003830921170335,0.3482698353051618,0.1574622100093043,0.10858241062462144,0.3802627871695218,0.604733397615697,0.08659795688581923,0.1698962170627689
-0.10842665531024337,-0.11155307223453535,0.020331440263832264,-0.09329491924521523,-0.10756488123472127,-0.11356329107185435,-0.18468634890290248,-0.15665381549062177,-0.05004980323393166,-0.08370255799573287,0.007599417229123882,-0.011330110839450258,0.0,0.08721030825711777,0.2761042732534114,0.24112470467732472,0.34946761370411267,0.3677919353800439,0.16641384429101636,0.11475643886261698,0.40072250311879204,0.6495738722043508,0.09152123401397982,0.17920650758636994
-0.04915477633444408,-0.05288152985287084,0.019613322507303316,-0.05498620088228781,-0.07182500601334835,-0.09096949878821915,-0.1794573707076354,-0.1505099127694775,-0.0440287095356872,-0.07157552968200466,0.0005187574763661179,-0.012415907051123252,0.0,0.05811208142623147,0.21151268235612256,0.18247044508422428,0.2699244236563302,0.2867296579418572,0.12302524789992299,0.08229669638075023,0.3171050816828679,0.4970646953637665,0.06524130724545785,0.13881293944384948
0.017066687224070117,0.008928355511709096,0.005330226646012923,-0.03000562366026067,-0.03622198426791345,-0.07358085435514015,-0.18877469976221775,-0.15748805328677914,-0.0488225959194063,-0.06575484654130985,-0.016453837631266354,-0.017111652985656565,0.0,0.00914825518737157,0.12090489191882155,0.0920779464917128,0.1300958283328581,0.14367257529296484,0.061211389120163696,0.04328436808742687,0.17109116347761932,0.181803979721297,0.039201765304656695,0.07712023073431004
-0.12495381496047792,-0.12845602567782982,0.01979942657484827,-0.10754066119147761,-0.12362082603015818,-0.13023764483756778,-0.21115963638057633,-0.179278760572243,-0.05823538482050992,-0.0961172872119762,0.00755080483694659,-0.012962518867627934,0.0,0.09716082823217544,0.30727495348314066,0.2708984284320826,0.3909431231695121,0.4123811800269377,0.1928344895278206,0.13314576737344813,0.4434849223710328,0.7149535793322849,0.10620395682960994,0.19836684187574447
0.001979630295524736,-0.003967551706793373,0.007738726151000329,-0.03308090046858427,-0.04302980711818995,-0.07509027441200924,-0.18165936307816855,-0.15165549742816856,-0.04608650709072486,-0.06504235027761221,-0.01563670308881317,-0.011554722886124866,0.0,0.009800397197691858,0.10861043492563946,0.09057271205498224,0.12744996141609688,0.14070447667631233,0.07408441085784646,0.06443121582694579,0.16504156666931238,0.17696845015359763,0.06466234450555042,0.07039588694165844
-0.11611690862514636,-0.11945756839268937,0.021508859045929734,-0.09990871005908637,-0.11516466040797711,-0.12156535261420116,-0.19766906434782702,-0.1676746309030901,-0.053626470273914935,-0.08960106963837033,0.008124931146092631,-0.012139610272812773,0.0,0.09335154144118041,0.2948908994166048,0.25809972344042426,0.37505384216361687,0.39780415161391547,0.1781353826096203,0.12284115339742468,0.4272614097648524,0.6767412315146552,0.09796797156549604,0.19132200753787024
-0.03548488023642089,-0.03964453039823888,0.028883061494771697,-0.04630263138071024,-0.06388542619820956,-0.08632407037384908,-0.17839303506457835,-0.14910601749615734,-0.0413312116351216,-0.06929027410582482,-0.0023630151936254447,-0.01254491215218053,0.0,0.047455039786467666,0.1869328597671372,0.16140071976733128,0.2377021722237469,0.25635951166167326,0.11261341666689549,0.074493806459798,0.28177052813508063,0.40591260751328445,0.05893603668016807,0.1270567887328737
-0.11262292329916185,-0.11586490762037982,0.020926765359012705,-0.09690322838413394,-0.1117065512757823,-0.11792034423277092,-0.19174977924690972,-0.16265140591752364,-0.052006231931831695,-0.08691434339079412,0.007883767442871295,-0.011772874275945651,0.0,0.09055345595117445,0.2862135133985133,0.2503646825711752,0.36357153794117075,0.38549995147069605,0.17279530329571025,0.11915824113688638,0.4148682934389862,0.6562899677716361,0.09503103854268412,0.18571146693155985
-0.1109208718700773,-0.11411553482313096,0.02066956224618709,-0.09543946727051988,-0.1100249001560844,-0.11614995436508921,-0.18887785970259377,-0.16021336810961131,-0.05121427936679572,-0.08560933955390064,0.007767630374258136,-0.011593635560790782,0.0,0.089194809325436,0.2820657504030454,0.24660929957723546,0.3578983970612238,0.3789799907712681,0.17020206873303972,0.11736958329493206,0.409018669028808,0.6492231840750751,0.09360477914501146,0.1830376155920543
-0.025156703500257907,-0.023513824411306585,-0.0001333180306766627,-0.04678731648541005,-0.05700046665619518,-0.07960562304157166,-0.17436491197317497,-0.14659648049554339,-0.04811492762363519,-0.06721440145039898,-0.011335347076925574,-0.014104375005277628,0.0,0.024127017314885243,0.1421117068708758,0.11562679805452825,0.16343095395197973,0.17742915588296823,0.08155144011953734,0.06172387073816311,0.2049706718037417,0.2514996844400434,0.055946307777817804,0.08822316472545304
-0.036062017447898345,-0.03237267974425408,-0.012637566422089104,-0.06183498891100938,-0.06655881896206738,-0.08826003752799143,-0.18856729597027513,-0.1592142529115032,-0.05633524109424185,-0.07407980597592247,-0.013315851100598384,-0.01431754919693709,0.0,0.025848960909622423,0.14811420818372445,0.12492848284194913,0.18170622155067592,0.19484224718295762,0.09081135222995926,0.07507975962408552,0.2237048145686237,0.3124807433245749,0.07184759151075673,0.08721451213606086
-0.0891794600993574,-0.09153633780541319,0.001281869775255223,-0.09260700534165418,-0.10270171502294788,-0.1171475024297195,-0.21017330578040028,-0.17821697227645292,-0.06122987834038812,-0.09051589200493876,-0.005013575150783581,-0.01199291694680771,0.0,0.06000838206850146,0.2357788454158992,0.19931887425287453,0.27382798012725723,0.28930255197479277,0.14802554411030833,0.11859404863374275,0.32181461270291634,0.45867084960959376,0.10830764645914746,0.14694129089664024
-0.12655378726909278,-0.13061929805328626,0.008872333530200395,-0.11252882938926155,-0.1272654918382523,-0.1351873617331346,-0.2185905852163686,-0.18643617526812295,-0.06526077238788576,-0.1016546756077285,0.000811914311135891,-0.018520055576748684,0.0,0.08407261175957775,0.28666628051570814,0.24930152688169419,0.3663844536617658,0.3846732494408391,0.16928616196479665,0.11497302167948836,0.4199109735712752,0.7020533819305432,0.09103829081202847,0.18142596838364924
-0.15430042710721645,-0.1573411926574912,-0.023642370598921214,-0.13474092125414258,-0.14961397234212914,-0.1543740816221067,-0.23663319930120474,-0.2043561706042749,-0.08365603693246444,-0.11831399849798013,-0.014072278112364547,-0.0269911516188603,0.0,0.058743603413574194,0.2351611602376423,0.2094841038382866,0.3026317546727116,0.3176975223162447,0.14418735920528125,0.10273123292030939,0.3500120498934938,0.5658117026390823,0.08589050200852925,0.13711523568933032
-0.12439260564221857,-0.12774108918766908,0.014347525754015246,-0.10743978780721804,-0.12287653022308455,-0.12913548411176975,-0.20732691258606598,-0.1765307411321186,-0.05973217081543883,-0.0960722604572195,0.004278209983071305,-0.015516748962668187,0.0,0.0885283733868151,0.28983468918957767,0.2531083807456231,0.3700573023854945,0.38860088860388153,0.17341267541181965,0.11873267068965647,0.4233040806510531,0.7032741277547636,0.0943453578507825,0.18546828602296506
-0.13709506592412127,-0.13997744887905125,-0.01409796638734319,-0.11931757006413474,-0.13325926257220022,-0.1379407089748554,-0.21385291383575433,-0.1840471246300526,-0.07231591902650156,-0.10486492107865636,-0.008653282539291443,-0.021431390038953616,0.0,0.062074183540545384,0.2296432915664932,0.20617134344406451,0.28905187068483695,0.3037891391785354,0.14382479341118748,0.10376082265853165,0.33439561599388595,0.5132321785313696,0.08722944873822708,0.13730360474149325
-0.10183358289396789,-0.10477450779060736,0.01925795952107451,-0.08762394659654385,-0.10104227038373444,-0.1066901864025911,-0.17352774352596625,-0.14718357603565924,-0.04698992198977632,-0.07863635923215274,0.007145616182299722,-0.010637532452775688,0.0,0.08193454855002054,0.2598052247437184,0.22654081014214755,0.3277254340374591,0.3457865972619878,0.1563449088241573,0.10781199611852336,0.37751425458797333,0.6008969217384058,0.08598349581256926,0.16867555993548963
-0.11450308952130497,-0.11722674631019518,0.0001890309943453616,-0.09907123582756408,-0.11196464076675061,-0.11669140312858299,-0.1847303683110654,-0.15798061571352154,-0.05720489891929502,-0.0874175893124639,-0.0013273216651287759,-0.014021430909500854,0.0,0.06704530822095764,0.22767497773482398,0.20324702230597114,0.28550287902236854,0.30107976711114914,0.1443370005128154,0.105810449281541,0.33073086348330016,0.5008633320188878,0.08956034140366358,0.1414935029387808
-0.09989295752666234,-0.10375694674773918,0.0018230586149890263,-0.09165236344872724,-0.10240812499890146,-0.11012727573135692,-0.18077792824674782,-0.1541979554616601,-0.05491247723060003,-0.08323217194535171,-0.0020463829194490605,-0.013622207213700433,0.0,0.061819184124410856,0.21955822445229606,0.1914346890448707,0.2779508162372963,0.29441919455663973,0.13539734658321054,0.09928817371754112,0.3248017128846769,0.5038300309654753,0.08433627312422996,0.13707076544355376
-0.10507790825478461,-0.10887800540261884,-0.005270784968893442,-0.09650199793699618,-0.10709844896550702,-0.11455206128228008,-0.18549088695063323,-0.15881659204602797,-0.05944464271237689,-0.08733312326283699,-0.005846026971884927,-0.01652765546653047,0.0,0.055198871677120294,0.20857347552101368,0.18099359741576795,0.26439716682136805,0.2805639829789612,0.1269842027789116,0.09268324261718294,0.31072002952331657,0.4799681528543426,0.0787432761316006,0.12756005904516368
-0.11626601478635837,-0.11896117023135783,-0.0021033138784221674,-0.10039719596357609,-0.11327852908799349,-0.11782309994202489,-0.18676716596596998,-0.15967785374886473,-0.05785364760591314,-0.08798835383497425,-0.0026228927754978564,-0.01104092333608717,0.0,0.06394507334094951,0.22424268901755318,0.1981213824662897,0.2825737674698381,0.2984938361933514,0.14855013339353115,0.11830546141406145,0.3286563810968472,0.5042309607116645,0.10667308875672155,0.13849307404894823
-0.10158256771908877,-0.10572236142676514,0.010806023264760796,-0.0926192565156019,-0.10450821238513959,-0.11289229846192958,-0.18816309658613303,-0.1597438425172734,-0.05320527560177894,-0.08425009878055731,0.002613826077475243,-0.010477753719775863,0.0,0.0747876859633783,0.2498358274305252,0.2188353364339534,0.31431717982943524,0.33128985683453904,0.15715532204407215,0.11701268426398014,0.36318488184838693,0.5726218544652152,0.10018201181003829,0.15928104223003162
-0.11160895222847426,-0.1130801259605561,-0.017563734615326353,-0.09171194862415825,-0.103474413436221,-0.10567843447688151,0.0691017869380624,-0.008503372832724475,-0.0431211493992231,-0.06981035863053467,-0.005850585302348337,-0.015531114734141236,0.0,0.03862993690280946,0.17291119510404526,0.1473572261622785,0.22925929376807883,0.24396757160483504,0.09200977686726122,0.05850664667866955,0.2751147608876321,0.44970555993890593,0.04576835654408094,0.10075108767721062
-0.05240631158060635,-0.05834469671782936,-0.026359228489141903,-0.0654898999941991,-0.0671438157863984,-0.0835936405983794,0.14215103272679103,0.035401032726791036,-0.036716706121395874,-0.05429165028602213,-0.0119099752970004,-0.01481325195000126,0.0,0.010588571068449284,0.11368788916324388,0.09368934483306819,0.15983212016930923,0.17183065464029007,0.05086451488278489,0.029911949927215888,0.20244836691080373,0.3369581658794649,0.024722645830031885,0.060632008951062175
-0.0387098072854912,-0.044352969313694146,-0.03316354450037116,-0.062298645341497774,-0.06164182570746652,-0.08287901671634651,0.13601524896784542,0.02926524896784934,-0.04040880491456862,-0.05568125004972209,-0.01643669584847598,-0.015994709595700398,0.0,0.00015043414266966012,0.0962534739410442,0.07786379486145946,0.13824622588719931,0.149141029797729,0.0407972721857735,0.02577439508471935,0.17983698400472456,0.3003873218544834,0.024205211988613258,0.04722473316475396
-0.07404526883380452,-0.07874207618114079,-0.04749575895625891,-0.08114092408723532,-0.09377623772043345,-0.11302475419251436,0.017905777633817073,-0.04963112242539256,-0.06355750321433469,-0.08457119395013225,-0.029634840811756723,-0.0300231871737402,0.0,-0.01203577175082407,0.08488958879147894,0.06697169290030061,0.12858555866784852,0.14048080065570057,0.029932994060678716,0.012094009758627641,0.1699515378646684,0.2881964708971323,0.008960292289762707,0.03473631702343021
-0.016258720457105674,-0.02164256264832982,0.009427583932295248,-0.03183756445688589,-0.046167005528229735,-0.07089465528893989,0.06819854346569848,-0.004130991435709936,-0.025827280309953828,-0.048418210143374066,-0.004496347926020071,-0.009586799388564118,0.0,0.023560554513056855,0.1383401050955034,0.11557388405984435,0.18381224604653484,0.19844642187812023,0.07084706813489701,0.042529884865337916,0.22691120714898924,0.3496339276405101,0.03342589423336814,0.08950248961767428
0.01388372866693845,0.00976714224297632,0.010369464050603785,-0.010218102014880397,-0.021953298384543195,-0.049436760957498826,0.1511435000033947,0.050526097852240985,-0.013469267722113145,-0.03101490439123049,-0.005977529951058627,-0.0066037781386508706,0.0,0.004762579240276427,0.08881192152535775,0.07121811892048217,0.12099413330365427,0.13493714777916474,0.03961062540370115,0.019991964214131085,0.16008425342781865,0.2174400443616731,0.015520631780976318,0.05909453999623633
-0.006304276816473849,-0.011685178787273749,0.011086328948723478,-0.02432513584937757,-0.037845629714398456,-0.06308314379331509,0.08210545365145121,0.007095495468988888,-0.022608467583333017,-0.043310122725021764,-0.007968422836804616,-0.01000345841284093,0.0,0.00957572939754414,0.10193797756403367,0.08403185798531475,0.13824524724032106,0.1533602480682055,0.0508823576564596,0.02817024304360309,0.17775857430570718,0.2438214284071739,0.021805922903935526,0.06751945994785905
0.004072234251031359,-0.001238784005098291,0.019566322686790698,-0.015053400523226321,-0.028288710108981444,-0.05367308130810429,0.08460547700386668,0.012701462911322821,-0.01569810390860405,-0.03573786184643454,-0.004097506494197633,-0.005228611998675908,0.0,0.01353491523845262,0.10320778780432359,0.08603369314396156,0.13549395481847024,0.15087084810732165,0.05689800069896927,0.03617789058517583,0.17404917194024613,0.21991061960683117,0.03065314125638592,0.07152079825083597
-0.0218552516111122,-0.027899579108914982,0.018223919151055527,-0.04411740891246224,-0.05909212508639099,-0.08711825642064598,-0.18950769484716382,-0.15864549790286556,-0.04725658189651432,-0.07235445341616402,-0.010295450123700235,-0.014745926871693895,0.0,0.029209265577650547,0.15229333939499434,0.13103168443033303,0.19543529455537678,0.21250459020174794,0.094296229771572,0.06684431063897736,0.23691928330669101,0.32750707963565423,0.05744463685999416,0.10150206842978367
-0.012877131849814528,-0.01738655053339948,0.01709456584965406,-0.037699514238074126,-0.05170413487257582,-0.08003771505110215,-0.1817010985513194,-0.151763258364916,-0.04439714658333056,-0.06737014198860691,-0.009672655940730617,-0.013655042943592405,0.0,0.02714272588689726,0.1448166954077823,0.12379970539726173,0.18446071900811623,0.20108405380789138,0.08841355827262956,0.06285610788011951,0.22545684822817152,0.304762878361329,0.05432770412915128,0.09643005154196074
-0.04717943182539511,-0.05120618189765829,0.01666002128610736,-0.0558883825671186,-0.07324923270240902,-0.09445002265227967,-0.18661579486883134,-0.15701751431269104,-0.04846474141731083,-0.07598602198028183,-0.006100469073515549,-0.016308070729144933,0.0,0.04355318197882292,0.18391641972049605,0.15773515504825378,0.23568982204704766,0.2534148931388747,0.10679316884993242,0.06964769454550043,0.2804249475966061,0.41756871327654843,0.05468317600895406,0.1205524920023829
-0.060912414812406855,-0.06406422998613759,0.023239183002191362,-0.06347594458852517,-0.08025303668630171,-0.0976475708832903,-0.18657870498616633,-0.15664086479976283,-0.045777593416948086,-0.07574490802468287,0.0025575864838635392,-0.011987978206845473,0.0,0.06683181161411746,0.23290726335583387,0.20206192814483756,0.29683102712854936,0.3148846686154517,0.13824305665941583,0.09336149812708876,0.3452786049594924,0.5441500772571565,0.07420483489922114,0.15347596379012346
-0.16359131582007655,-0.16581523650069577,-0.04375100319739275,-0.1445820580013615,-0.15867744660988034,-0.1632571141046772,-0.24879167678809624,-0.2158260966253769,-0.09392171993359581,-0.12657782608473686,-0.024449468288010742,-0.02834339263606804,0.0,0.038191176823145045,0.19889311910342913,0.1756714875246769,0.26318933299540087,0.2773667463612793,0.13037208885468834,0.1066318516896121,0.30924729016675456,0.5102961856138526,0.0996620047726377,0.10696907451911661
-0.15605256196632375,-0.15794539050678844,-0.021695202411984266,-0.13896721160547582,-0.15486349626205415,-0.1620915743104954,-0.2582183922928208,-0.22181948705992605,-0.08668819298961898,-0.12380684256307534,-0.0132634715754786,-0.020739097768171833,0.0,0.065228921999085,0.2586140354964608,0.23013097998433635,0.3366917585769175,0.35194349828786264,0.17259297222990502,0.1398404514438183,0.38677085893790714,0.6526453165994835,0.12854783170890216,0.15242082282533195
-0.1751939354296212,-0.17851963918935854,-0.03084893733274935,-0.15251371192160562,-0.16904483232341092,-0.1739653580362254,-0.267412648179632,-0.23077793762787763,-0.09424168575516353,-0.13265985988122336,-0.017596082117651842,-0.02415933273327881,0.0,0.060895613659874386,0.25487574543488234,0.22615066224966546,0.3305328416270643,0.3456172855674619,0.17042116234173216,0.13935320661588319,0.3804231757153922,0.6389429287905004,0.12903064046920665,0.1466309289995272
-0.13546806027382313,-0.14118826140992208,-0.01377832159116045,-0.12786056139242094,-0.14038118001804736,-0.15178015612566328,-0.24968666149537594,-0.21365561250853385,-0.08057998811737153,-0.11594350804495938,-0.010335635404238309,-0.018732232415025564,0.0,0.06674346654487026,0.2591846266157797,0.2291079918560265,0.33383530664835237,0.34929013454567037,0.16993570783489595,0.1355874359912584,0.3840972312221884,0.6408613302336287,0.1233492264082051,0.1557745048996141
-0.16122662444078634,-0.164588039747584,-0.017371253402516867,-0.14012259012470565,-0.1564576689035521,-0.16183462569617027,-0.25136821896390765,-0.21622379788715326,-0.08461622373152776,-0.12272271297541029,-0.01118058264961079,-0.021969210779725995,0.0,0.06963163921867921,0.26764935436994775,0.23590937894098132,0.3447329814383522,0.36091717015569363,0.1721211022165427,0.1333379934403413,0.39589815835601505,0.6628314992207488,0.11849690261357086,0.15967127186835836
-0.13495218537009004,-0.1383381305645569,0.006927965675251676,-0.11639303818189448,-0.13229329426309747,-0.1383080713968592,-0.22120228893014152,-0.1885951328082117,-0.06551147701418926,-0.10282193548812893,0.0011774631891213235,-0.013249824667661485,0.0,0.08581224629845034,0.28843385343830635,0.2536510485720396,0.364110253000069,0.3814902898392538,0.1841423348488692,0.1391803560943625,0.4161412074562077,0.6798452253578411,0.12047236624753824,0.18178729826069567
-0.12182484804452812,-0.12503467821173692,0.011836212132497833,-0.1049799373497781,-0.11989942887513487,-0.12576745517538562,-0.20232640396766052,-0.17219048733695877,-0.05814063095396222,-0.09321238722900801,0.003692131809368893,-0.012239339745538043,0.0,0.08467486767167343,0.27714753254060165,0.2436737990370591,0.35217177731111726,0.36988410449299597,0.17347963826132623,0.12674838751505663,0.40344056159111324,0.657494235707646,0.10661096952146448,0.17663617700205148
-0.11979904362382861,-0.12295187903261547,0.011506371673162217,-0.10323745967988505,-0.11789527465656204,-0.12365560732300078,-0.19889778212427697,-0.1692806371576103,-0.057200443957695336,-0.09165573394152529,0.0035526957302950742,-0.012026536325702514,0.0,0.08305382414865538,0.27213944489353714,0.23919271402008532,0.34549121915804026,0.36312268759599264,0.17038583120254738,0.12461462014196367,0.3963095353408341,0.6425376304689849,0.10490942981117596,0.17340041088902383
-0.11368323700154066,-0.11695831127581029,0.02121435937499776,-0.09781665152851765,-0.11276828476764378,-0.11904850650056706,-0.1935948672708267,-0.1642135275962653,-0.05248666828152967,-0.08774568137584302,0.007962605550690038,-0.011881692514975697,0.0,0.0914211324657636,0.2891807089646991,0.25276525418426465,0.3667206454414057,0.3853961595316535,0.17445002272786905,0.12029873288726263,0.4194186026839935,0.6868587544568473,0.09594095642729407,0.18766351401595607
-0.11438306036396977,-0.11767782373708428,0.021328304263733673,-0.09841859837464062,-0.1134606289691554,-0.1197780539583043,-0.1947793003002032,-0.16521874859186989,-0.05281146016090199,-0.08828343434283778,0.008010774379183095,-0.011955206425442,0.0,0.09198112933285027,0.29091077564867696,0.2543132654097637,0.3690284746779389,0.38773192178949817,0.17551879246519317,0.1210358525432478,0.42188204817608876,0.6920255818473354,0.09652876106884449,0.1887813241550368
-0.1223404779922447,-0.12563045952655133,0.013986354242030178,-0.10567433819076578,-0.12084333405051634,-0.12699082777952497,-0.20384185020921944,-0.17357388262457035,-0.0587825105488158,-0.09449147937779859,0.004135584171157235,-0.015301783582245732,0.0,0.08688174511703495,0.28468013702042855,0.24855609249698896,0.3633716982602524,0.3816919958866778,0.1702703368892619,0.11656560845544583,0.4158879672745436,0.689647873952163,0.09261716170001895,0.18212967290505105
-0.1301520139141413,-0.13283033302885622,0.004106755841077768,-0.11444548079188403,-0.12970715085088774,-0.13658974567486398,-0.2188409036726214,-0.18705434999718282,-0.06730763533546147,-0.10320037200206218,-0.0013739868496495478,-0.020039146918275307,0.0,0.0795911809987149,0.2768134859610572,0.241043229108891,0.35654574068825523,0.37460332690632353,0.16299988623191336,0.11022690644732563,0.40941751056833364,0.6875662946617133,0.08707133708383748,0.17350043069194068
-0.18338446834369598,-0.1865813347723189,-0.04449385153590581,-0.16146017442810026,-0.17737606903975817,-0.18207876099685977,-0.2722374640862353,-0.2368949665651826,-0.10521692724590118,-0.14219561848404302,-0.0268661010439594,-0.041699999512871386,0.0,0.04447301236153424,0.23041624295970858,0.19774062566859785,0.30954738011451255,0.3260040773375832,0.12503554188710847,0.07859272544762569,0.36135056461625087,0.6376494285115214,0.05957537135799437,0.126268458362798
-0.16200918025446273,-0.16481403473455108,-0.05612626351983718,-0.1602900265752137,-0.17245214626069444,-0.18714204500523493,-0.304253011680936,-0.26340210248707635,-0.11535403554987804,-0.14979005073206417,-0.03466051384214458,-0.04297746956349972,0.0,0.030897206606699614,0.2134354211701803,0.18431209736550153,0.2930860677496878,0.30741147416317777,0.12081487208074589,0.08499403013380656,0.34390623869095516,0.6249250154308039,0.07283592183609873,0.11131384457189306
-0.17828426072489564,-0.18140144180301015,-0.06648894242414169,-0.1739129931754874,-0.1867598861034283,-0.2008690093973592,-0.3226855568511969,-0.2797972899025127,-0.12449310029191035,-0.16039158341164542,-0.039403727720990184,-0.04404204608044024,0.0,0.02702346010029115,0.21210903355405825,0.18471805328647004,0.29178623571523826,0.3052266506477702,0.12735645900366857,0.0978381923067062,0.342056322187622,0.6233738604528123,0.0895227101956716,0.10656412060879818
-0.08456916057548199,-0.08627582189219578,0.00021770188845053693,-0.09360172478273691,-0.11324299976973744,-0.13745192867614894,-0.2613272085551677,-0.2211837152376238,-0.07520360088608352,-0.11003488353947975,-0.010892240401764857,-0.022785065487177934,0.0,0.05963489673984321,0.25157859211691835,0.21896872234830667,0.33119586266570794,0.34738610324932956,0.14979367513769282,0.1059197481469592,0.38310487284047334,0.6629940480318951,0.08920181467465921,0.15635226039696845
-0.05162965157571676,-0.056722290377660405,0.046960144036266305,-0.05965783538144596,-0.08113011493717859,-0.10589807201044892,-0.21717935843318115,-0.1805069190336198,-0.04449583233343855,-0.0816220135666433,0.009799491412282153,-0.008531499155389866,0.0,0.08976622380020023,0.2940964827108084,0.25714998295849717,0.3755020725457496,0.3948608014122433,0.17878060938292037,0.12210371891467815,0.428808090509583,0.7082719678417179,0.09770320550790985,0.2004705930774397
-0.05255939701216278,-0.05731838514251078,0.030271863692632232,-0.06181266638638093,-0.0819077551234155,-0.10605101553119378,-0.21202133913297377,-0.177612630575079,-0.050731918279058014,-0.08409710339994214,-0.0013629608934811552,-0.014919886535832498,0.0,0.062165696843549785,0.233902621691702,0.20305975517891478,0.30102598326965807,0.31977225026383677,0.13997256121980503,0.09316980709730226,0.3497466194128559,0.5560618250259334,0.07378205779215731,0.1567585198706935
-0.1271298815218748,-0.1307280887709435,0.021410858671881843,-0.10940022569620224,-0.1258881437807111,-0.13272199422797049,-0.21542758531111467,-0.18283929362646553,-0.05904315224375624,-0.09789941325464854,0.008169701178495973,-0.013232666767434469,0.0,0.1001965837456085,0.31643284317480685,0.2783912080485733,0.40334389035081497,0.4258893729343051,0.1956836602863473,0.1350446423724459,0.457110065832931,0.738869372579845,0.10771079756137208,0.20466580839299062
-0.03959876198565573,-0.044151944731472735,0.03294782488877596,-0.05016899090497787,-0.0693756035577153,-0.0930969699731625,-0.1912688133886629,-0.1598312515487506,-0.0438540438790365,-0.07444314508583313,-0.001914120925685996,-0.013139941517679918,0.0,0.05249879249414519,0.20347266910368594,0.17612736830420378,0.25975931645963074,0.27870960353321145,0.12282567299458272,0.08144148405131194,0.30534058788017543,0.4553765694200763,0.06448530630570598,0.13887051334690817
-0.11759016181019627,-0.12097227495925258,0.02174888548227878,-0.10117591755118659,-0.11662218549449542,-0.12310121051261375,-0.20016257430628148,-0.1697908523834739,-0.05431019976812471,-0.09073315762703218,0.008226342883151588,-0.012294366793716692,0.0,0.09453046030106667,0.298533456528224,0.2613586365595504,0.37991177515237384,0.40271494292671095,0.18038538066604218,0.1243929532592448,0.4324484847017442,0.6876603073158635,0.09920543090253083,0.19367553947745064
-0.03646048608567035,-0.04074780660182649,0.029902229741923973,-0.04687640127724845,-0.06496210743300031,-0.08757501518139058,-0.18074049322860822,-0.15101959392378356,-0.041553448252096545,-0.07011607113020712,-0.001750931620541649,-0.01246315648041442,0.0,0.04971602185225332,0.19304826306000475,0.16662931789653296,0.2457359677381854,0.26421643900850333,0.11544844189221842,0.07649345107517908,0.290515551776077,0.42660159603285924,0.0605563407121934,0.13124151868771713
-0.12793731901986072,-0.13096632093218688,-0.0009074843812838826,-0.11123958722587174,-0.1254831692537386,-0.13084278794429358,-0.2052552714025148,-0.1759871182713744,-0.06554472877304154,-0.09895978987791762,-0.003562144685122872,-0.020477895900694654,0.0,0.07040352565585856,0.251119388366563,0.21824253810141164,0.3236081082902787,0.3439181718082981,0.14701467313946104,0.09897257490996011,0.37329715058946533,0.5967974345909406,0.07795395329142583,0.15564075378337755
-0.12336885363858326,-0.12633816558296856,0.006189212935739771,-0.10443284276855028,-0.12184135872129946,-0.12776811833487306,-0.20317802388431186,-0.17353258227510138,-0.06121063541091361,-0.09596818576960502,8.824815925464577e-05,-0.01779097798787487,0.0,0.07724064525481583,0.2642697709746333,0.23012260334707055,0.33893154540327636,0.3582565941969745,0.15620971310431467,0.10601192953403725,0.38974311734304584,0.6334144069852174,0.08387734946032152,0.16649773966163267
-0.16614067474937647,-0.16787909696059958,-0.05328678711503155,-0.1492391784388403,-0.16267730688213372,-0.16770679919883288,-0.25133501413710946,-0.21946357053403928,-0.10180677942621906,-0.13297592812396458,-0.03173308073720157,-0.042715034174645235,0.0,0.02439015604049163,0.1793632355314176,0.15107263526470974,0.24215007519047224,0.2575576809080709,0.09122698934701758,0.05431839571590463,0.28995936360375896,0.4944057704702127,0.03990391414903813,0.09122538635747504
-0.1162486071835284,-0.11255939735104668,-0.05814586902840057,-0.12641397701572035,-0.13569738874192208,-0.1527395478032736,-0.265213537348105,-0.2292013527985436,-0.10141194845531895,-0.1263238596466104,-0.03631393579701364,-0.038649492671876756,0.0,0.007852211364512458,0.14624423982272505,0.1239535539317921,0.20325644886157015,0.21598075398041833,0.0797655433793239,0.05843811858300219,0.24824165516745852,0.4280858515327741,0.05335789144939018,0.06881246319254487
-0.09515663976772136,-0.09176050501646847,-0.05470892907015315,-0.11522593236780038,-0.12218266691895166,-0.14350258514077696,-0.262022297936318,-0.22561396047140575,-0.09769436259173289,-0.12032920401844627,-0.03556024472315766,-0.03712390144617862,0.0,0.005244842311399678,0.13915612713219985,0.11721936663881165,0.19372560996837065,0.20611689705636818,0.07449489301382779,0.05462818424415458,0.23829347816171925,0.4097584779469927,0.050424502834027274,0.06571169377563307
-0.12673646463784355,-0.12233822860393306,-0.06152532044453984,-0.1323992480502008,-0.14291515294311213,-0.15804593715084514,-0.26922035945184325,-0.23301009843122922,-0.10409076113287058,-0.129993809730009,-0.03656102748245882,-0.03951408457860727,0.0,0.010255498679698995,0.14732262414596367,0.13037732821338383,0.20099050976885896,0.2123489418900777,0.08448890350394185,0.06177689531797704,0.24345398791753578,0.4009708866799056,0.05597172327694553,0.06820202733184316
-0.1738133119828565,-0.17380321887377023,-0.06853100406179002,-0.16011624967815677,-0.1735892213051872,-0.18069365421076194,-0.2777512268605081,-0.24228611059077126,-0.11311267410750273,-0.14429675643614506,-0.03826027305325159,-0.043118103849666294,0.0,0.01683282592005277,0.1662952526696019,0.1474627218613437,0.22739022635236283,0.2398083967763545,0.09772378766959341,0.07130974984422701,0.2714744387428359,0.4570381009246153,0.06333086624785444,0.07733295229052294
-0.10137432108187415,-0.10346198449297385,-0.006093985741799394,-0.10237716060253935,-0.1132232156076898,-0.12684279126118697,-0.22098957593194365,-0.18829752990913662,-0.06849234367579304,-0.09870212233869072,-0.00752898748934331,-0.018895175736644163,0.0,0.0603898849939365,0.23379094858567565,0.2048742422993278,0.2689248824088034,0.2824692242804061,0.14283966708121199,0.10441724102901671,0.31360662033924336,0.42600836496774097,0.08932168057573388,0.1429122032481505
-0.12384636580824736,-0.1258435275625816,-0.047972029611161,-0.12231633092562057,-0.1311071125188266,-0.14175256641837392,-0.2292063632654888,-0.19874031923654145,-0.08867819008281584,-0.11365994473468823,-0.028745113993375364,-0.03201354195300365,0.0,0.017026603401850898,0.14705535155435956,0.1270579965050557,0.18516068016335677,0.19764151190246645,0.0864275750515226,0.06556065305115971,0.226527577575138,0.32619989535547833,0.05970957578607591,0.07317057943861521
-0.010777344119915733,-0.015765432045706167,0.032659225574617964,-0.0414776166359225,-0.04434237582463592,-0.06979126865377573,-0.16708503982400402,-0.13780745446084613,-0.03298306098008043,-0.05510171428434872,0.010812023185934138,-0.004334386515097556,0.0,0.07400211448271149,0.23149672057766837,0.20671816284786163,0.2736427932562742,0.2876761276427422,0.1398964683601224,0.09569030070769928,0.3173290701212257,0.4386653312378922,0.07678318262231922,0.15616851323278552
