file,bytes,sha256
B1610_2023-01-11.json,58217753,2ee4f40c7cb0cdc25f007c1c626bde123411232b95a03942e067c7e3316ff694
B1610_2023-07-12.json,58409801,193a58c4ac40cd5c5ca8d5e42bd5c47ab8b7264e6ac33f34611bea9ef122ae56
BMU_REFERENCE_ALL_2026-09-20.json,2136117,2f99a0dc7cbfcf713bb0d58394925f548ea444dbf02212190957199a0f21c421
MELS_2023-01-11.json,23748443,3f73b00e8a9ba2f68261de772a6c93be1c010c0b20d7046503f01c8a495b8442
MELS_2023-07-12.json,24936004,18ebe1f1abb1b18c412324f84eda1c4b35f0f01ec1179245890c866455f33612
MILS_2023-01-11.json,22165456,1657abac7e048821611bb6b9cc1c38254f5b4497f7a6fc34db93389e852ff4d3
MILS_2023-07-12.json,22979698,98dec8b2b272ffbf952d73825cb0dcd17ffa8b342f03b24ac6bee6aa70d432cf
MNZT_2023-01-11.json,6680,1fbdd380da8fdf21133b0659e9a6fecb1d2637fbcfb5922d8a3ebd484d550c74
MNZT_2023-07-12.json,2828,d8cc5f7a40d07ad8fedfd9fdbf8efa006037556d4eb8f0a1fa35a9b9d18f0b3e
MZT_2023-01-11.json,4472,d01868f730f5159c4ce365d640d6bfcfa7c474dec60000ace9a5e54336cca993
MZT_2023-07-12.json,5804,eb94a04874c5d55c567a5612a1956a08ddf03046719155dd3fb3c1f6b834290e
PN_2023-01-11.json,17882389,2a2bb686b99757de9074457e9979a5fd926c30705303608280bc67e4b1e7aeb9
PN_2023-07-12.json,18771750,83e53c514514924192e7b064fb92fbbdab18cfb5f25baaf3b914fb75d683c806
RDRE_2023-01-11.json,2438,a6030cff95ff4d494ad09d364d13d40a038b7c8867285bb4fc0dd9f6b53169b6
RDRE_2023-07-12.json,4591,073a06e3dfa627eea6cbfa7681dc434d4ef3c8ded28d81b0f97fee1897d73dac
RURE_2023-01-11.json,18566,c198a9a20424a0f8ea03bb7560edbb0ecc417d46bccca45941b77c4dbb369cf7
RURE_2023-07-12.json,15533,6c6b55435c4c536250550cd716494316038740c5a7ad8fdff331cc8429b8bc7d
snapshots/dynamic_T_DRAXX-2_2023-01-11.json,1069,1a9ecf9308a087350a01e74dbee3d1852e55464a138c5f3c3068f482d007eaf8
snapshots/dynamic_T_DRAXX-2_2023-07-12.json,1069,813530061715a228ce38414c4579bd4cb8c8fa7c70f3ac0e4316f6405348f891
snapshots/dynamic_T_HEYM28_2023-01-11.json,253,8c1eff4a3ac95821361513bd9b9211fe88b77f59e84c06ff4cce35309fb3e49d
snapshots/dynamic_T_HEYM28_2023-07-12.json,250,0079ac4e6fa266fcc39a6708c9ebc3f4ac8bfb07620301cbdb4170eb656bb32f
snapshots/dynamic_T_HRTL-2_2023-01-11.json,253,8ea2c4e71315d78c67ec83e8aacd783f93bbbf0bd437f84a63030b661e67fe98
snapshots/dynamic_T_HRTL-2_2023-07-12.json,250,b35ef29abde5022741b6e852a6e69b2cf1537d43be829bf176d58d868a9da145
snapshots/dynamic_T_KEAD-2_2023-01-11.json,1062,bee6c1a71e2cb4c20ab1a4fa6c60fdce3d22c0609741c57893a2088441ad3eb1
snapshots/dynamic_T_KEAD-2_2023-07-12.json,1058,4ddbff19c09f7876366900d2e6156ab55670cd60de455dddf6db3272ce96ede5
snapshots/dynamic_T_LBAR-1_2023-01-11.json,1060,dec1339860d83abe497070cbd36f27bc72152bcc003fea3a9c557179fa41e913
snapshots/dynamic_T_LBAR-1_2023-07-12.json,1059,1eeadf4f61221ee511005eec495d851bbdeedac195673143d82087961d0d3c26
snapshots/dynamic_T_PEMB-11_2023-01-11.json,1071,1144d67343a6bf73ecbb17aceca04ee04da9d22837e4691d052dde1cfbea01eb
snapshots/dynamic_T_PEMB-11_2023-07-12.json,1071,2747da6619a22b9e03e52e669faddb84edcbf4477ca7d5fbe6da54181d038009
snapshots/dynamic_T_PEMB-41_2023-01-11.json,1071,745ce5a3e0e9e0d5ea522c92eef53883c81525378196a1bf24fd89025903c983
snapshots/dynamic_T_PEMB-41_2023-07-12.json,1071,c306bcce38e0b60f2cb7c7cb49d7d0902a2e747aa147110e1f14ad042bb6cd8a
snapshots/dynamic_T_SHBA-1_2023-01-11.json,1058,256a738db5773f1e1d57c8750efebaa542bb4edf71656df71795c9ade428e113
snapshots/dynamic_T_SHBA-1_2023-07-12.json,1058,c83d9e93fbfd239826d77cef54e188dff5cfdf3e299f546930ba140c939ca2aa
snapshots/dynamic_T_SPLN-1_2023-01-11.json,739,100b0b8f149c2479e27770d03e960c554b93e9a5e00d0354d263c4153cd8d54d
snapshots/dynamic_T_SPLN-1_2023-07-12.json,739,bf21fc07a0e004a063088d8a6f66bd41e5967b264b9ac9de24f21ff92d4604cb
snapshots/dynamic_T_STAY-1_2023-01-11.json,1057,73fbbf2e1df96167864938da0945d2216aebb592986f450f4ba3a87424a03446
snapshots/dynamic_T_STAY-1_2023-07-12.json,1059,495608d47d9e40610b52fc1c2b7d0c507be6cd40a215fb88633adedeae4da21b
snapshots/dynamic_T_STAY-3_2023-01-11.json,1057,9dcd4e588a5940ce6057e52dc889530b5e5b93bd2ba0fa7f648208384e6e6435
snapshots/dynamic_T_STAY-3_2023-07-12.json,1059,feb3f92875cae9d233f92e6d6b0d9276f4bda22954436b7dc915622b79fcc5c7
snapshots/dynamic_T_TORN-2_2023-01-11.json,253,2281972cc8a07ee7cbf5a70a2d3f6051bb595ebc5531c3472a8835248e77ed23
snapshots/dynamic_T_TORN-2_2023-07-12.json,253,2281972cc8a07ee7cbf5a70a2d3f6051bb595ebc5531c3472a8835248e77ed23
snapshots/rates_T_DRAXX-2_2023-01-11.json,507,5613daabb279807c410efef64c72cf1e3dd1253e88b7855075c59190ec910e3a
snapshots/rates_T_DRAXX-2_2023-07-12.json,507,8c385bbf67e65e95611876d0ba045eaca24d1455de3eb53c5198b43ded3e8b05
snapshots/rates_T_HEYM28_2023-01-11.json,65,a4eab621f3c594c4eafcc92ae54bd0ade11ef83a0380241f025e91e1e1a3422f
snapshots/rates_T_HEYM28_2023-07-12.json,65,a4eab621f3c594c4eafcc92ae54bd0ade11ef83a0380241f025e91e1e1a3422f
snapshots/rates_T_HRTL-2_2023-01-11.json,65,a4eab621f3c594c4eafcc92ae54bd0ade11ef83a0380241f025e91e1e1a3422f
snapshots/rates_T_HRTL-2_2023-07-12.json,65,a4eab621f3c594c4eafcc92ae54bd0ade11ef83a0380241f025e91e1e1a3422f
snapshots/rates_T_KEAD-2_2023-01-11.json,502,bbad8d4e400525e479259a37f3112cc6d5da3cb9745f8b7a601826705b5adfe5
snapshots/rates_T_KEAD-2_2023-07-12.json,501,3017db178d0cae8862a7ff0d6e96c0fc29a90cd4d71d1fb9fc75e58509db0227
snapshots/rates_T_LBAR-1_2023-01-11.json,502,ac52deb7edc79c58f1253d2038e4cf2442a228f4ecd642fa1a5be1ab93eb01af
snapshots/rates_T_LBAR-1_2023-07-12.json,502,021abdcab90aab5b8c19d229ccdfb1379860b45d38ff33f318697e4e03fca889
snapshots/rates_T_PEMB-11_2023-01-11.json,503,ba60a2080f476db9322937a5a354450ced99d3cceb23a17ce768fdb4f18afc40
snapshots/rates_T_PEMB-11_2023-07-12.json,506,44852127d52f8f9b6a208e3f3b4e890cc49091e4bdfbfff372f7baa9a22d3e4e
snapshots/rates_T_PEMB-41_2023-01-11.json,504,f8951f778205234ab3a340bdf54631f74989a30bdd3079d9ff0d9a9bf19f77ba
snapshots/rates_T_PEMB-41_2023-07-12.json,506,0db0482e387a7cceb938790797fa89854bc0b508b0177811793dd0926d2d388f
snapshots/rates_T_SHBA-1_2023-01-11.json,501,1154c8023ae2f845548b3c039ebcb41b2f01db86b994033626191fe8dda7d9a2
snapshots/rates_T_SHBA-1_2023-07-12.json,501,d055dac5d8f51adf2c19731540f49f6baeaed9587c15d1a949c8602e9257e3fe
snapshots/rates_T_SPLN-1_2023-01-11.json,501,7bb0a0e0897a8e240f8cc87eaa036829980b72df1e5a2697462ff1be7c2fe974
snapshots/rates_T_SPLN-1_2023-07-12.json,500,223f19c0918c8274002eae7611cac2a0edbd81b50fd8d2e77ec698e2693f2883
snapshots/rates_T_STAY-1_2023-01-11.json,499,8e7c1b429d409ea3bd02e6994183e3bec93685dde035e3da6473f43e127345b8
snapshots/rates_T_STAY-1_2023-07-12.json,502,0af2ccabf663afd77c994809d0f94ee08399d6df15eac9a98cd84a6eb59035bb
snapshots/rates_T_STAY-3_2023-01-11.json,499,41d14c1f51ecf1c22e8b79b56cfc4b15aa8ffb848abaa6317d432903dbe69346
snapshots/rates_T_STAY-3_2023-07-12.json,502,024378e03934081b3658064366989dee3d8dc8e5bfdbfb7c48f97d7780967228
snapshots/rates_T_TORN-2_2023-01-11.json,65,a4eab621f3c594c4eafcc92ae54bd0ade11ef83a0380241f025e91e1e1a3422f
snapshots/rates_T_TORN-2_2023-07-12.json,65,a4eab621f3c594c4eafcc92ae54bd0ade11ef83a0380241f025e91e1e1a3422f
