row,family,hour_0based,uid,multiplier
0,aggregate_balance,0,ALL,-1454.8436805026897
1,aggregate_balance,1,ALL,-1454.8436805026897
2,aggregate_balance,2,ALL,-1454.8436805026897
3,aggregate_balance,3,ALL,-1454.8436805026897
4,aggregate_balance,4,ALL,-1454.8436805026897
5,aggregate_balance,5,ALL,-1454.8436805026897
6,aggregate_balance,6,ALL,-1454.8436805026897
7,aggregate_balance,7,ALL,-1454.8436805026897
8,aggregate_balance,8,ALL,-1454.8436805026902
9,aggregate_balance,9,ALL,-802.6561805033119
10,aggregate_balance,10,ALL,-540.781180503561
11,aggregate_balance,11,ALL,-278.90618050381045
12,aggregate_balance,12,ALL,-278.90618050381045
13,aggregate_balance,13,ALL,-278.90618050381045
14,aggregate_balance,14,ALL,-278.90618050381045
15,aggregate_balance,15,ALL,-278.90618050381045
16,aggregate_balance,16,ALL,-278.90618050381045
17,aggregate_balance,17,ALL,-278.90618050381045
18,aggregate_balance,18,ALL,-278.90618050381045
19,aggregate_balance,19,ALL,-278.9061805038105
20,aggregate_balance,20,ALL,-278.90618050381045
21,aggregate_balance,21,ALL,-278.90618050381045
22,aggregate_balance,22,ALL,-278.90618050381045
23,aggregate_balance,23,ALL,-540.781180503561
24,aggregate_balance,24,ALL,-1454.8436805026893
25,aggregate_balance,25,ALL,-1454.8436805026897
26,aggregate_balance,26,ALL,-1454.8436805026897
27,aggregate_balance,27,ALL,-1454.8436805026897
28,aggregate_balance,28,ALL,-1454.8436805026897
29,aggregate_balance,29,ALL,-1454.8436805026897
30,aggregate_balance,30,ALL,-1454.8436805026893
31,aggregate_balance,31,ALL,-1454.8436805026897
32,aggregate_balance,32,ALL,-802.6561805033119
33,aggregate_balance,33,ALL,-540.781180503561
34,aggregate_balance,34,ALL,-278.90618050381045
35,aggregate_balance,35,ALL,-278.90618050381045
36,aggregate_balance,36,ALL,-278.90618050381045
37,aggregate_balance,37,ALL,-278.90618050381045
38,aggregate_balance,38,ALL,-278.90618050381045
39,aggregate_balance,39,ALL,-278.90618050381045
40,aggregate_balance,40,ALL,-278.90618050381045
41,aggregate_balance,41,ALL,-278.90618050381045
42,aggregate_balance,42,ALL,-278.90618050381045
43,aggregate_balance,43,ALL,-278.90618050381045
44,aggregate_balance,44,ALL,-278.90618050381045
45,aggregate_balance,45,ALL,-278.90618050381045
46,aggregate_balance,46,ALL,-278.90618050381056
47,aggregate_balance,47,ALL,-861.3279103794146
49,aggregate_balance,49,ALL,-1454.8436805026897
50,aggregate_balance,50,ALL,-1454.8436805026897
51,aggregate_balance,51,ALL,-541.781180503561
52,aggregate_balance,52,ALL,-1454.8436805026897
53,aggregate_balance,53,ALL,333.11256022948413
54,aggregate_balance,54,ALL,-1454.8436805026897
55,aggregate_balance,55,ALL,-802.6561805033119
56,aggregate_balance,56,ALL,333.1125602294842
57,aggregate_balance,57,ALL,-278.90618050381045
58,aggregate_balance,58,ALL,-1454.8436805026897
59,aggregate_balance,59,ALL,-76.99006208295077
60,aggregate_balance,60,ALL,-802.6561805033119
61,aggregate_balance,61,ALL,-1454.8436805026897
62,aggregate_balance,62,ALL,77.47539844321795
63,aggregate_balance,63,ALL,-72.16275945137568
64,aggregate_balance,64,ALL,-278.90618050381045
65,aggregate_balance,65,ALL,-278.90618050381045
66,aggregate_balance,66,ALL,-802.6561805033119
67,aggregate_balance,67,ALL,-278.90618050381045
68,aggregate_balance,68,ALL,-931.0936805031884
69,aggregate_balance,69,ALL,-1454.8436805026897
70,aggregate_balance,70,ALL,284.21881949565307
71,aggregate_balance,71,ALL,-278.90618050381045
72,aggregate_balance,72,ALL,-802.6561805033119
73,aggregate_balance,73,ALL,-28.09632134911959
74,aggregate_balance,74,ALL,-1454.8436805026897
75,aggregate_balance,75,ALL,284.21881949565307
76,aggregate_balance,76,ALL,-540.781180503561
77,aggregate_balance,77,ALL,-1454.8436805026897
78,aggregate_balance,78,ALL,-1454.8436805026897
79,aggregate_balance,79,ALL,409.62374907299863
80,aggregate_balance,80,ALL,-278.90618050381045
81,aggregate_balance,81,ALL,-1454.8436805026897
82,aggregate_balance,82,ALL,-1454.8436805026897
83,aggregate_balance,83,ALL,-1454.8436805026897
84,aggregate_balance,84,ALL,284.21881949565307
85,aggregate_balance,85,ALL,-1454.8436805026897
86,aggregate_balance,86,ALL,284.21881949565307
87,aggregate_balance,87,ALL,-278.90618050381096
88,aggregate_balance,88,ALL,-1454.8436805026897
89,aggregate_balance,89,ALL,-278.90618050381045
90,aggregate_balance,90,ALL,-1454.8436805026897
91,aggregate_balance,91,ALL,284.21881949565284
92,aggregate_balance,92,ALL,-802.6561805033119
93,aggregate_balance,93,ALL,-1454.8436805026897
94,aggregate_balance,94,ALL,-179.96703576706295
95,aggregate_balance,95,ALL,-1454.8436805026897
96,aggregate_balance,96,ALL,-278.90618050381045
97,aggregate_balance,97,ALL,333.11256022948413
98,aggregate_balance,98,ALL,-1454.84368050269
99,aggregate_balance,99,ALL,-802.6561805033119
100,aggregate_balance,100,ALL,284.21881949565307
101,aggregate_balance,101,ALL,-175.92920681969832
102,aggregate_balance,102,ALL,-924.0266332895716
103,aggregate_balance,103,ALL,-1454.8436805026897
104,aggregate_balance,104,ALL,128.96388528527348
105,aggregate_balance,105,ALL,-802.6561805033119
106,aggregate_balance,106,ALL,-1454.8436805026897
107,aggregate_balance,107,ALL,-1454.8436805026897
108,aggregate_balance,108,ALL,-802.6561805033119
109,aggregate_balance,109,ALL,333.11256022948413
110,aggregate_balance,110,ALL,-278.90618050381045
111,aggregate_balance,111,ALL,-278.90618050381045
112,aggregate_balance,112,ALL,-1454.8436805026897
113,aggregate_balance,113,ALL,284.2188194956527
114,aggregate_balance,114,ALL,-1454.8436805026897
115,aggregate_balance,115,ALL,-802.6561805033119
116,aggregate_balance,116,ALL,-278.9061805038108
117,aggregate_balance,117,ALL,-540.781180503561
118,aggregate_balance,118,ALL,-278.90618050381045
119,aggregate_balance,119,ALL,-153.50125092646496
120,aggregate_balance,120,ALL,-802.6561805033119
121,aggregate_balance,121,ALL,-1454.8436805026897
122,aggregate_balance,122,ALL,-1454.8436805026897
123,aggregate_balance,123,ALL,-1454.8436805026897
124,aggregate_balance,124,ALL,-1454.8436805026897
125,aggregate_balance,125,ALL,-1454.8436805026897
126,aggregate_balance,126,ALL,-1454.8436805026897
127,aggregate_balance,127,ALL,-1454.8436805026897
128,aggregate_balance,128,ALL,-1454.8436805026897
129,aggregate_balance,129,ALL,-802.6561805033119
130,aggregate_balance,130,ALL,-540.781180503561
131,aggregate_balance,131,ALL,-278.90618050381045
132,aggregate_balance,132,ALL,-278.90618050381045
133,aggregate_balance,133,ALL,-278.90618050381045
134,aggregate_balance,134,ALL,-278.90618050381045
135,aggregate_balance,135,ALL,-278.90618050381045
136,aggregate_balance,136,ALL,-278.90618050381045
137,aggregate_balance,137,ALL,-278.90618050381045
138,aggregate_balance,138,ALL,-278.90618050381045
139,aggregate_balance,139,ALL,-278.90618050381045
140,aggregate_balance,140,ALL,-278.90618050381045
141,aggregate_balance,141,ALL,-278.90618050381045
142,aggregate_balance,142,ALL,-278.90618050381045
143,aggregate_balance,143,ALL,-540.781180503561
144,aggregate_balance,144,ALL,-540.781180503561
145,aggregate_balance,145,ALL,-802.6561805033119
146,aggregate_balance,146,ALL,-802.6561805033119
147,aggregate_balance,147,ALL,-1454.8436805026897
148,aggregate_balance,148,ALL,-1454.8436805026897
149,aggregate_balance,149,ALL,-1454.8436805026897
150,aggregate_balance,150,ALL,-1454.8436805026897
151,aggregate_balance,151,ALL,-1454.8436805026897
152,aggregate_balance,152,ALL,-1454.8436805026897
153,aggregate_balance,153,ALL,-802.6561805033119
154,aggregate_balance,154,ALL,-540.781180503561
155,aggregate_balance,155,ALL,-278.90618050381045
156,aggregate_balance,156,ALL,-540.7811805035635
157,aggregate_balance,157,ALL,-278.90618050381045
158,aggregate_balance,158,ALL,-278.90618050381045
159,aggregate_balance,159,ALL,-278.90618050381045
160,aggregate_balance,160,ALL,-278.90618050381045
161,aggregate_balance,161,ALL,-153.50125092646405
162,aggregate_balance,162,ALL,-278.90618050381045
163,aggregate_balance,163,ALL,-278.90618050381045
164,aggregate_balance,164,ALL,-540.7811805035635
165,aggregate_balance,165,ALL,-802.6561805033119
166,aggregate_balance,166,ALL,-802.6561805033119
167,aggregate_balance,167,ALL,-1454.8436805026897
1540,thermal_upper,62,101_CT_2,-77.47539844321795
1542,transition,62,101_CT_2,-1549.507968864359
1642,thermal_upper,79,101_CT_2,-409.62374907299863
1714,thermal_upper,91,101_CT_2,-284.21881949565284
1722,transition,92,101_CT_2,5684.376389913057
1750,thermal_upper,97,101_CT_2,-333.1125602294842
1757,thermal_lower,98,101_CT_2,-1454.84368050269
1758,transition,98,101_CT_2,6662.251204589683
1764,transition,99,101_CT_2,-4976.498239431835
1768,thermal_upper,100,101_CT_2,-248.82491197159175
1770,transition,100,101_CT_2,-4976.498239431835
1822,thermal_upper,109,101_CT_2,-333.11256022948413
1846,thermal_upper,113,101_CT_2,-284.2188194956527
2238,thermal_upper,11,101_STEAM_3,-261.87499999975057
2262,thermal_upper,15,101_STEAM_3,-261.87499999975057
2286,thermal_upper,19,101_STEAM_3,-261.8749999997505
2382,thermal_upper,35,101_STEAM_3,-261.87499999975057
2388,thermal_upper,36,101_STEAM_3,-261.87499999975057
2412,thermal_upper,40,101_STEAM_3,-261.87499999975057
2468,transition,49,101_STEAM_3,-2.7284841053187847e-12
2474,transition,50,101_STEAM_3,-2.7284841053187847e-12
2479,thermal_lower,51,101_STEAM_3,-1.0
2480,transition,51,101_STEAM_3,-2.7284841053187847e-12
2485,thermal_lower,52,101_STEAM_3,-914.0624999991286
2486,transition,52,101_STEAM_3,-30.00000000000271
2490,thermal_upper,53,101_STEAM_3,-825.394736841319
2492,transition,53,101_STEAM_3,-27451.87499997386
2497,thermal_lower,54,101_STEAM_3,-914.0624999991287
2498,transition,54,101_STEAM_3,35278.124999966385
2503,thermal_lower,55,101_STEAM_3,-261.8749999997509
2504,transition,55,101_STEAM_3,7856.249999992528
2508,thermal_upper,56,101_STEAM_3,-464.18585526271556
2513,minimum_down,56,101_STEAM_3,-35278.124999966385
2521,thermal_lower,58,101_STEAM_3,-914.0624999991286
2524,minimum_up,58,101_STEAM_3,-2.7284841053187847e-12
2526,thermal_upper,59,101_STEAM_3,-463.79111842061025
2528,transition,59,101_STEAM_3,-27421.874999973854
2530,minimum_up,59,101_STEAM_3,-29.999999999999982
2533,thermal_lower,60,101_STEAM_3,-261.8749999997509
2534,transition,60,101_STEAM_3,7856.249999992524
2536,minimum_up,60,101_STEAM_3,-27421.874999973857
2539,thermal_lower,61,101_STEAM_3,-914.0624999991286
2540,transition,61,101_STEAM_3,27421.874999973857
2544,thermal_upper,62,101_STEAM_3,-360.8141447364981
2549,minimum_down,62,101_STEAM_3,-27421.874999973857
2569,thermal_lower,66,101_STEAM_3,-261.8749999997509
2574,thermal_upper,67,101_STEAM_3,-261.87499999975057
2576,transition,67,101_STEAM_3,-7856.249999992528
2581,thermal_lower,68,101_STEAM_3,-390.31249999962733
2582,transition,68,101_STEAM_3,12046.249999988515
2587,thermal_lower,69,101_STEAM_3,-273.10416666640737
2588,transition,69,101_STEAM_3,336.8749999996944
2592,thermal_upper,70,101_STEAM_3,-261.8749999997505
2594,transition,70,101_STEAM_3,-7856.249999992528
2597,minimum_down,70,101_STEAM_3,-12046.249999988515
2605,thermal_lower,72,101_STEAM_3,-261.8749999997509
2608,minimum_up,72,101_STEAM_3,-7856.249999992528
2635,thermal_lower,77,101_STEAM_3,-914.0624999991287
2642,transition,78,101_STEAM_3,-27421.87499997386
2646,thermal_upper,79,101_STEAM_3,-360.8141447364982
2648,transition,79,101_STEAM_3,-27421.87499997386
2665,thermal_lower,82,101_STEAM_3,-914.0624999991287
2668,minimum_up,82,101_STEAM_3,-27421.87499997386
2671,thermal_lower,83,101_STEAM_3,-914.0624999991287
2676,thermal_upper,84,101_STEAM_3,-360.8141447364982
2678,transition,84,101_STEAM_3,-27421.87499997386
2683,thermal_lower,85,101_STEAM_3,-914.0624999991287
2688,thermal_upper,86,101_STEAM_3,-360.8141447364982
2690,transition,86,101_STEAM_3,-27421.87499997386
2701,thermal_lower,88,101_STEAM_3,-914.0624999991287
2704,minimum_up,88,101_STEAM_3,-27421.87499997386
2725,thermal_lower,92,101_STEAM_3,-261.8749999997509
2726,transition,92,101_STEAM_3,-1.0913936421275139e-11
2731,thermal_lower,93,101_STEAM_3,-914.0624999991284
2732,transition,93,101_STEAM_3,-1.0913936421275139e-11
2736,thermal_upper,94,101_STEAM_3,-360.81414473649806
2738,transition,94,101_STEAM_3,-27421.874999973865
2743,thermal_lower,95,101_STEAM_3,-914.0624999991287
2748,thermal_upper,96,101_STEAM_3,-360.8141447364982
2750,transition,96,101_STEAM_3,-27421.87499997386
2761,thermal_lower,98,101_STEAM_3,-914.0624999991288
2764,minimum_up,98,101_STEAM_3,-27421.874999973865
2791,thermal_lower,103,101_STEAM_3,-914.0624999991287
2796,thermal_upper,104,101_STEAM_3,-103.3717105262175
2798,transition,104,101_STEAM_3,-27421.87499997386
2804,transition,105,101_STEAM_3,-19565.624999981334
2806,minimum_up,105,101_STEAM_3,-19565.624999981334
2821,thermal_lower,108,101_STEAM_3,-261.8749999997509
2826,thermal_upper,109,101_STEAM_3,-103.37171052621746
2828,transition,109,101_STEAM_3,-7856.249999992528
2838,thermal_upper,111,101_STEAM_3,-257.44243421028074
2842,minimum_up,111,101_STEAM_3,-7856.249999992528
2845,thermal_lower,112,101_STEAM_3,-914.0624999991287
2846,transition,112,101_STEAM_3,27421.87499997386
2850,thermal_upper,113,101_STEAM_3,-824.9999999992137
2855,minimum_down,113,101_STEAM_3,-27421.87499997386
2857,thermal_lower,114,101_STEAM_3,-914.0624999991287
2858,transition,114,101_STEAM_3,35278.124999966385
2863,thermal_lower,115,101_STEAM_3,-261.8749999997509
2864,transition,115,101_STEAM_3,7856.249999992528
2868,thermal_upper,116,101_STEAM_3,-261.87499999975023
2873,minimum_down,116,101_STEAM_3,-19902.499999981017
2879,minimum_down,117,101_STEAM_3,-15375.624999985368
2880,thermal_upper,118,101_STEAM_3,-202.31085526296536
2882,transition,118,101_STEAM_3,-15375.624999985368
2899,thermal_lower,121,101_STEAM_3,-512.5208333328455
2902,minimum_up,121,101_STEAM_3,-15375.624999985368
2964,thermal_upper,132,101_STEAM_3,-261.87499999975057
3156,thermal_upper,164,101_STEAM_3,-2.8699319881224996e-14
3158,transition,164,101_STEAM_3,-2.1811483109731e-12
3237,thermal_lower,10,101_STEAM_4,-261.87499999975057
3244,transition,11,101_STEAM_4,-7856.249999992517
3250,transition,12,101_STEAM_4,-7856.249999992517
3256,transition,13,101_STEAM_4,-7856.249999992517
3258,minimum_up,13,101_STEAM_4,-7856.249999992517
3290,thermal_upper,19,101_STEAM_4,-1.163207564439019e-15
3292,transition,19,101_STEAM_4,-8.840377489736545e-14
3306,minimum_up,21,101_STEAM_4,-8.840377489736545e-14
3453,thermal_lower,46,101_STEAM_4,-1.1368683772161603e-13
3459,thermal_lower,47,101_STEAM_4,-582.4217298756041
3460,transition,47,101_STEAM_4,-3.410605131648481e-12
3464,thermal_upper,48,101_STEAM_4,-278.90618050381045
3466,transition,48,101_STEAM_4,-17472.651896268126
3472,transition,49,101_STEAM_4,3724.2178220214664
3478,transition,50,101_STEAM_4,3724.2178220214664
3484,transition,51,101_STEAM_4,3724.2178220214664
3489,thermal_lower,52,101_STEAM_4,-582.4217298756042
3490,transition,52,101_STEAM_4,3724.2178220214664
3493,minimum_down,52,101_STEAM_4,-3724.2178220214664
3494,thermal_upper,53,101_STEAM_4,-229.9033144245806
3496,transition,53,101_STEAM_4,-17472.651896268126
3501,thermal_lower,54,101_STEAM_4,-582.4217298756042
3504,minimum_up,54,101_STEAM_4,-17472.651896268126
3525,thermal_lower,58,101_STEAM_4,-511.5208333328445
3530,thermal_upper,59,101_STEAM_4,-201.91611842085968
3532,transition,59,101_STEAM_4,-15345.624999985335
3548,thermal_upper,62,101_STEAM_4,-356.3815789470284
3554,thermal_upper,63,101_STEAM_4,-206.74342105243477
3562,transition,64,101_STEAM_4,15712.499999985044
3568,transition,65,101_STEAM_4,15712.499999985044
3573,thermal_lower,66,101_STEAM_4,-523.7499999995015
3574,transition,66,101_STEAM_4,15712.499999985044
3578,thermal_upper,67,101_STEAM_4,-206.74342105243477
3583,minimum_down,67,101_STEAM_4,-15712.499999985044
3591,thermal_lower,69,101_STEAM_4,-1175.9374999988793
3596,thermal_upper,70,101_STEAM_4,-464.18585526271545
3598,transition,70,101_STEAM_4,-35278.12499996638
3609,thermal_lower,72,101_STEAM_4,-523.7499999995015
3614,thermal_upper,73,101_STEAM_4,-250.80985915469086
3616,transition,73,101_STEAM_4,-15712.499999985044
3621,thermal_lower,74,101_STEAM_4,-914.0624999991287
3622,transition,74,101_STEAM_4,3349.0492957714596
3624,minimum_up,74,101_STEAM_4,-24072.8257042024
3631,minimum_down,75,101_STEAM_4,-3349.0492957714596
3633,thermal_lower,76,101_STEAM_4,-261.87499999975057
3634,transition,76,101_STEAM_4,-3349.0492957714596
3640,transition,77,101_STEAM_4,-11205.299295763976
3642,minimum_up,77,101_STEAM_4,-11205.299295763976
3687,thermal_lower,85,101_STEAM_4,-1175.9374999988793
3692,thermal_upper,86,101_STEAM_4,-563.1249999994635
3694,transition,86,101_STEAM_4,-35278.1249999664
3699,thermal_lower,87,101_STEAM_4,-5.115907697472721e-13
3700,transition,87,101_STEAM_4,7519.374999992826
3706,transition,88,101_STEAM_4,7519.37499999281
3715,minimum_down,89,101_STEAM_4,-7519.374999992826
3717,thermal_lower,90,101_STEAM_4,-1175.9374999988793
3718,transition,90,101_STEAM_4,-7519.374999992826
3722,thermal_upper,91,101_STEAM_4,-563.1249999994633
3724,transition,91,101_STEAM_4,-42797.49999995921
3729,thermal_lower,92,101_STEAM_4,-523.7499999995015
3732,minimum_up,92,101_STEAM_4,-15712.499999985046
3735,thermal_lower,93,101_STEAM_4,-902.833333332472
3738,minimum_up,93,101_STEAM_4,-19565.62499998135
3740,thermal_upper,94,101_STEAM_4,-98.9391447367475
3742,transition,94,101_STEAM_4,-7519.3749999928095
3765,thermal_lower,98,101_STEAM_4,-250.64583333309363
3768,minimum_up,98,101_STEAM_4,-7519.3749999928095
3800,thermal_upper,104,101_STEAM_4,-407.8700657890839
3849,thermal_lower,112,101_STEAM_4,-1175.9374999988793
3854,thermal_upper,113,101_STEAM_4,-563.1249999994632
3856,transition,113,101_STEAM_4,-35278.12499996638
3862,transition,114,101_STEAM_4,2.5920599000528455e-11
3868,transition,115,101_STEAM_4,2.5920599000528455e-11
3874,transition,116,101_STEAM_4,2.5920599000528455e-11
3879,thermal_lower,117,101_STEAM_4,-261.87499999975057
3883,minimum_down,117,101_STEAM_4,-2.5920599000528455e-11
3886,transition,118,101_STEAM_4,-9530.77464787826
3890,thermal_upper,119,101_STEAM_4,-125.40492957734551
3892,transition,119,101_STEAM_4,-9530.77464787826
3909,thermal_lower,122,101_STEAM_4,-317.69248826260866
3912,minimum_up,122,101_STEAM_4,-9530.77464787826
4113,thermal_lower,156,101_STEAM_4,-261.87499999975296
4120,transition,157,101_STEAM_4,-7856.249999992589
4126,transition,158,101_STEAM_4,-9530.774647878327
4132,transition,159,101_STEAM_4,-9530.774647878327
4138,transition,160,101_STEAM_4,-9530.774647878327
4142,thermal_upper,161,101_STEAM_4,-125.4049295773464
4144,transition,161,101_STEAM_4,-9530.774647878327
4161,thermal_lower,164,101_STEAM_4,-261.874999999753
4164,minimum_up,164,101_STEAM_4,-7856.249999992591
4170,minimum_up,165,101_STEAM_4,-1674.5246478857362
4762,thermal_upper,97,102_CT_1,-48.893740733831066
4764,transition,97,102_CT_1,-977.8748146766213
5520,thermal_upper,56,102_CT_2,-5.684341886080802e-14
6800,thermal_upper,102,102_STEAM_3,-530.8170472131181
7246,thermal_upper,9,102_STEAM_4,-652.1874999993778
7248,transition,9,102_STEAM_4,-3.456079866737127e-11
7822,thermal_upper,105,102_STEAM_4,-652.1874999993778
8182,thermal_upper,165,102_STEAM_4,-652.1874999993778
8395,thermal_lower,33,107_CC_1,-8.559950134333442e-14
8402,transition,34,107_CC_1,-1.4551915228366852e-11
8408,transition,35,107_CC_1,-1.4551915228366852e-11
8414,transition,36,107_CC_1,-1.4551915228366852e-11
8420,transition,37,107_CC_1,-1.4551915228366852e-11
8426,transition,38,107_CC_1,-1.4551915228366852e-11
8430,thermal_upper,39,107_CC_1,-4.099131050244184e-14
8432,transition,39,107_CC_1,-1.4551915228366852e-11
8446,minimum_up,41,107_CC_1,-1.4551915228366852e-11
8473,thermal_lower,46,107_CC_1,-8.559950134333442e-14
8479,thermal_lower,47,107_CC_1,-582.4217298756041
8480,transition,47,107_CC_1,-1.4551915228366852e-11
8484,thermal_upper,48,107_CC_1,-278.90618050381045
8486,transition,48,107_CC_1,-99011.69407885271
8497,thermal_lower,50,107_CC_1,-421.6483649376776
8500,minimum_up,50,107_CC_1,-71680.2220394052
8503,thermal_lower,51,107_CC_1,-262.87499999975057
8506,minimum_up,51,107_CC_1,-27331.472039447515
8509,thermal_lower,52,107_CC_1,-1175.9374999988793
8510,transition,52,107_CC_1,-17357.27796051008
8514,thermal_upper,53,107_CC_1,-612.0187407332946
8516,transition,53,107_CC_1,-217266.65296031957
8521,thermal_lower,54,107_CC_1,-754.289135061202
8527,thermal_lower,55,107_CC_1,-523.7499999995015
8528,transition,55,107_CC_1,-128229.15296040435
8532,thermal_upper,56,107_CC_1,-612.0187407332946
8534,transition,56,107_CC_1,-217266.6529603196
8545,thermal_lower,58,107_CC_1,-1175.9374999988793
8548,minimum_up,58,107_CC_1,-128229.15296040432
8550,thermal_upper,59,107_CC_1,-201.91611842085968
8552,transition,59,107_CC_1,-71680.22203940518
8557,thermal_lower,60,107_CC_1,-523.7499999995015
8560,minimum_up,60,107_CC_1,-89037.49999991525
8563,thermal_lower,61,107_CC_1,-1175.9374999988793
8566,minimum_up,61,107_CC_1,-2.9103830456733704e-11
8568,thermal_upper,62,107_CC_1,-356.3815789470284
8570,transition,62,107_CC_1,-199909.37499980963
8574,thermal_upper,63,107_CC_1,-206.74342105243477
8576,transition,63,107_CC_1,-73393.91447361455
8582,transition,64,107_CC_1,-2.0372681319713593e-10
8588,transition,65,107_CC_1,-2.0372681319713593e-10
8593,thermal_lower,66,107_CC_1,-523.7499999995015
8594,transition,66,107_CC_1,-2.0372681319713593e-10
8596,minimum_up,66,107_CC_1,-89037.49999991525
8600,transition,67,107_CC_1,-2.0372681319713593e-10
8605,thermal_lower,68,107_CC_1,-652.1874999993779
8608,minimum_up,68,107_CC_1,-110871.87499989438
8611,thermal_lower,69,107_CC_1,-1175.9374999988793
8612,transition,69,107_CC_1,1.4551915228366852e-10
8616,thermal_upper,70,107_CC_1,-563.1249999994635
8618,transition,70,107_CC_1,-199909.37499980934
8624,transition,71,107_CC_1,-8.731149137020111e-11
8629,thermal_lower,72,107_CC_1,-523.7499999995015
8630,transition,72,107_CC_1,-8.731149137020111e-11
8634,thermal_upper,73,107_CC_1,-250.80985915469086
8636,transition,73,107_CC_1,-89037.49999991534
8641,thermal_lower,74,107_CC_1,-1175.9374999988793
8642,transition,74,107_CC_1,-8.731149137020111e-11
8646,thermal_upper,75,107_CC_1,-563.1249999994636
8648,transition,75,107_CC_1,-199909.37499980957
8653,thermal_lower,76,107_CC_1,-261.87499999975057
8654,transition,76,107_CC_1,1.477928890381008e-12
8656,minimum_up,76,107_CC_1,-44518.749999957596
8659,thermal_lower,77,107_CC_1,-1175.9374999988793
8660,transition,77,107_CC_1,1.477928890381008e-12
8662,minimum_up,77,107_CC_1,-155390.62499985175
8665,thermal_lower,78,107_CC_1,-1175.9374999988793
8666,transition,78,107_CC_1,-44518.74999995774
8669,minimum_down,78,107_CC_1,-1.477928890381008e-12
8670,thermal_upper,79,107_CC_1,-688.5299295768091
8672,transition,79,107_CC_1,-244428.12499976723
8683,thermal_lower,81,107_CC_1,-261.8749999997521
8686,minimum_up,81,107_CC_1,-44518.74999995786
8689,thermal_lower,82,107_CC_1,-1175.9374999988793
8692,minimum_up,82,107_CC_1,-199909.37499980937
8695,thermal_lower,83,107_CC_1,-1175.9374999988793
8696,transition,83,107_CC_1,-1.1641532182693481e-10
8700,thermal_upper,84,107_CC_1,-563.1249999994635
8702,transition,84,107_CC_1,-199909.3749998096
8707,thermal_lower,85,107_CC_1,-1175.9374999988793
8708,transition,85,107_CC_1,-5.820766091346741e-11
8712,thermal_upper,86,107_CC_1,-563.1249999994635
8714,transition,86,107_CC_1,-199909.37499980954
8719,thermal_lower,87,107_CC_1,-5.135970080600065e-13
8722,minimum_up,87,107_CC_1,-8.731149137020111e-11
8725,thermal_lower,88,107_CC_1,-1175.9374999988793
8728,minimum_up,88,107_CC_1,-199909.37499980952
8732,transition,89,107_CC_1,2.9103830456733704e-11
8737,thermal_lower,90,107_CC_1,-1175.9374999988793
8738,transition,90,107_CC_1,2.9103830456733704e-11
8742,thermal_upper,91,107_CC_1,-563.1249999994633
8744,transition,91,107_CC_1,-199909.37499980946
8749,thermal_lower,92,107_CC_1,-523.7499999995015
8752,minimum_up,92,107_CC_1,-89037.49999991525
8755,thermal_lower,93,107_CC_1,-652.1874999993777
8758,minimum_up,93,107_CC_1,-58391.20065783875
8760,thermal_upper,94,107_CC_1,-98.9391447367475
8762,transition,94,107_CC_1,-52480.674342055456
8767,thermal_lower,95,107_CC_1,-1175.9374999988793
8768,transition,95,107_CC_1,-17357.277960510095
8774,transition,96,107_CC_1,-217266.6529603196
8778,thermal_upper,97,107_CC_1,-612.0187407332946
8780,transition,97,107_CC_1,-217266.6529603196
8785,thermal_lower,98,107_CC_1,-1175.9374999988795
8788,minimum_up,98,107_CC_1,-52480.674342055456
8791,thermal_lower,99,107_CC_1,-523.7499999995015
8792,transition,99,107_CC_1,-147428.70065775406
8796,thermal_upper,100,107_CC_1,-563.1249999994635
8798,transition,100,107_CC_1,-236466.2006576693
8802,thermal_upper,101,107_CC_1,-102.97697368411202
8804,transition,101,107_CC_1,-36556.825657859765
8809,thermal_lower,102,107_CC_1,-645.1204527857614
8815,thermal_lower,103,107_CC_1,-1175.9374999988793
8816,transition,103,107_CC_1,-109670.47697357944
8818,minimum_up,103,107_CC_1,-164785.97861826414
8820,thermal_upper,104,107_CC_1,-407.8700657890839
8822,transition,104,107_CC_1,-144793.8733551248
8827,thermal_lower,105,107_CC_1,-430.0803018571744
8830,minimum_up,105,107_CC_1,-73113.65131571965
8839,thermal_lower,107,107_CC_1,-1175.9374999988793
8842,minimum_up,107,107_CC_1,-71680.22203940514
8845,thermal_lower,108,107_CC_1,-523.7499999995015
8846,transition,108,107_CC_1,-128229.15296040435
8850,thermal_upper,109,107_CC_1,-612.0187407332946
8852,transition,109,107_CC_1,-217266.6529603196
8858,transition,110,107_CC_1,-6.656325224766067e-12
8864,transition,111,107_CC_1,-6.826879881154432e-12
8866,minimum_up,111,107_CC_1,-1.2960503084375307e-12
8869,thermal_lower,112,107_CC_1,-1175.9374999988793
8870,transition,112,107_CC_1,-5.5308295727169015e-12
8874,thermal_upper,113,107_CC_1,-563.1249999994632
8876,transition,113,107_CC_1,-199909.3749998095
8881,thermal_lower,114,107_CC_1,-1175.9374999988793
8882,transition,114,107_CC_1,-5.820766091346741e-11
8884,minimum_up,114,107_CC_1,-199909.37499980954
8887,thermal_lower,115,107_CC_1,-102.10163506182381
8890,minimum_up,115,107_CC_1,-17357.27796051005
8894,transition,116,107_CC_1,1.967661453751325e-12
8899,thermal_lower,117,107_CC_1,-261.87499999975057
8900,transition,117,107_CC_1,-1.3096723705530167e-10
8906,transition,118,107_CC_1,-44518.74999995773
8910,thermal_upper,119,107_CC_1,-125.40492957734571
8912,transition,119,107_CC_1,-44518.74999995773
8941,thermal_lower,124,107_CC_1,-1.0134747628134881e-14
8944,minimum_up,124,107_CC_1,-1.32934898509053e-10
8947,thermal_lower,125,107_CC_1,-261.87499999975057
8950,minimum_up,125,107_CC_1,-44518.749999957596
8990,transition,132,107_CC_1,-1.6038400176187208e-12
8996,transition,133,107_CC_1,-1.6038400176187208e-12
9002,transition,134,107_CC_1,-1.6038400176187208e-12
9006,thermal_upper,135,107_CC_1,-4.517859204559777e-15
9008,transition,135,107_CC_1,-1.6038400176187208e-12
9034,minimum_up,139,107_CC_1,-1.6038400176187208e-12
9133,thermal_lower,156,107_CC_1,-261.874999999753
9140,transition,157,107_CC_1,-44518.74999995801
9146,transition,158,107_CC_1,-44518.74999995801
9152,transition,159,107_CC_1,-44518.749999958
9158,transition,160,107_CC_1,-44518.749999958
9162,thermal_upper,161,107_CC_1,-125.4049295773464
9164,transition,161,107_CC_1,-44518.749999958
9170,transition,162,107_CC_1,-3.637978807091713e-11
9174,thermal_upper,163,107_CC_1,-1.0247827625610459e-13
9176,transition,163,107_CC_1,-3.637978807091713e-11
9181,thermal_lower,164,107_CC_1,-261.874999999753
9184,minimum_up,164,107_CC_1,-44518.74999995801
9531,thermal_lower,55,113_CT_1,-1.4210854715202004e-13
9536,thermal_upper,56,113_CT_1,-5.684341886080802e-14
9538,transition,56,113_CT_1,-3.126388037344441e-12
9543,thermal_lower,57,113_CT_1,-1.4210854715202004e-13
9550,transition,58,113_CT_1,-3.126388037344441e-12
9552,minimum_up,58,113_CT_1,-3.126388037344441e-12
10535,thermal_lower,55,113_CT_2,-1.4210854715202004e-13
10540,thermal_upper,56,113_CT_2,-5.684341886080802e-14
10542,transition,56,113_CT_2,-3.126388037344441e-12
10553,thermal_lower,58,113_CT_2,-1.4210854715202004e-13
10556,minimum_up,58,113_CT_2,-3.126388037344441e-12
12686,thermal_upper,79,113_CT_4,-76.5111888435145
13542,transition,54,115_STEAM_1,2.8667414328560675e-13
13548,transition,55,115_STEAM_1,2.4858422598640253e-13
13552,thermal_upper,56,115_STEAM_1,-5.684341886080802e-14
13554,transition,56,115_STEAM_1,-7.814848418881083e-13
13560,transition,57,115_STEAM_1,-9.936381555841219e-14
13566,transition,58,115_STEAM_1,-9.936381555841219e-14
13568,minimum_up,58,115_STEAM_1,-3.8089917299204214e-14
13690,thermal_upper,79,115_STEAM_1,-76.5111888435145
13698,transition,80,115_STEAM_1,918.134266122174
15274,transition,8,115_STEAM_3,9.254581493564326e-14
15284,thermal_upper,10,115_STEAM_3,-4.541502811126858e-13
15289,minimum_down,10,115_STEAM_3,-7.03932935724663e-11
16300,thermal_upper,12,116_STEAM_1,-523.7499999995015
16306,thermal_upper,13,116_STEAM_1,-523.7499999995015
16336,thermal_upper,18,116_STEAM_1,-523.7499999995015
16366,thermal_upper,23,116_STEAM_1,-260.8749999997509
16373,thermal_lower,24,116_STEAM_1,-652.1874999993773
16374,transition,24,116_STEAM_1,40435.624999961394
16450,thermal_upper,37,116_STEAM_1,-523.7499999995015
16468,thermal_upper,40,116_STEAM_1,-523.7499999995015
16516,thermal_upper,48,116_STEAM_1,-521.7499999995023
16523,thermal_lower,49,116_STEAM_1,-652.1874999993778
16524,transition,49,116_STEAM_1,80871.24999992285
16529,thermal_lower,50,116_STEAM_1,-652.1874999993778
16530,transition,50,116_STEAM_1,40435.62499996142
16534,thermal_upper,51,116_STEAM_1,-260.8749999997511
16541,thermal_lower,52,116_STEAM_1,-652.1874999993777
16542,transition,52,116_STEAM_1,40435.624999961416
16546,thermal_upper,53,116_STEAM_1,-521.7499999995023
16553,thermal_lower,54,116_STEAM_1,-652.1874999993778
16554,transition,54,116_STEAM_1,80871.24999992285
16560,transition,55,116_STEAM_1,40435.62499996142
16564,thermal_upper,56,116_STEAM_1,-260.87499999975114
16566,transition,56,116_STEAM_1,40435.62499996142
16569,minimum_down,56,116_STEAM_1,-80871.24999992285
16570,thermal_upper,57,116_STEAM_1,-260.87499999975114
16577,thermal_lower,58,116_STEAM_1,-652.1874999993779
16578,transition,58,116_STEAM_1,40435.62499996143
16582,thermal_upper,59,116_STEAM_1,-260.87499999975114
16590,transition,60,116_STEAM_1,40435.62499996143
16595,thermal_lower,61,116_STEAM_1,-652.1874999993779
16596,transition,61,116_STEAM_1,40435.62499996143
16606,thermal_upper,63,116_STEAM_1,-260.87499999975114
16611,minimum_down,63,116_STEAM_1,-40435.62499996143
16618,thermal_upper,65,116_STEAM_1,-523.7499999995015
16630,thermal_upper,67,116_STEAM_1,-312.2499999997017
16637,thermal_lower,68,116_STEAM_1,-128.43749999987642
16638,transition,68,116_STEAM_1,48398.74999995376
16643,thermal_lower,69,116_STEAM_1,-652.1874999993778
16644,transition,69,116_STEAM_1,40435.62499996142
16648,thermal_upper,70,116_STEAM_1,-312.2499999997017
16653,minimum_down,70,116_STEAM_1,-48398.74999995376
16666,thermal_upper,73,116_STEAM_1,-259.8749999997513
16673,thermal_lower,74,116_STEAM_1,-652.1874999993778
16674,transition,74,116_STEAM_1,40280.62499996145
16678,thermal_upper,75,116_STEAM_1,-1086.874999998965
16684,thermal_upper,76,116_STEAM_1,-261.8749999997509
16686,transition,76,116_STEAM_1,40280.62499996145
16691,thermal_lower,77,116_STEAM_1,-652.1874999993778
16692,transition,77,116_STEAM_1,80871.24999992285
16697,thermal_lower,78,116_STEAM_1,-652.1874999993778
16698,transition,78,116_STEAM_1,40435.62499996142
16702,thermal_upper,79,116_STEAM_1,-518.7499999995032
16707,minimum_down,79,116_STEAM_1,-40280.62499996145
16708,thermal_upper,80,116_STEAM_1,-523.7499999995015
16710,transition,80,116_STEAM_1,40125.62499996154
16715,thermal_lower,81,116_STEAM_1,-652.1874999993778
16716,transition,81,116_STEAM_1,121306.87499988427
16721,thermal_lower,82,116_STEAM_1,-652.1874999993778
16722,transition,82,116_STEAM_1,80871.24999992285
16727,thermal_lower,83,116_STEAM_1,-652.1874999993778
16728,transition,83,116_STEAM_1,40435.62499996142
16732,thermal_upper,84,116_STEAM_1,-522.749999999502
16737,minimum_down,84,116_STEAM_1,-40590.624999961394
16739,thermal_lower,85,116_STEAM_1,-652.1874999993778
16740,transition,85,116_STEAM_1,40435.62499996142
16744,thermal_upper,86,116_STEAM_1,-257.8749999997526
16750,thermal_upper,87,116_STEAM_1,-523.7499999995009
16752,transition,87,116_STEAM_1,39970.624999961656
16755,minimum_down,87,116_STEAM_1,-80716.24999992287
16757,thermal_lower,88,116_STEAM_1,-652.1874999993778
16758,transition,88,116_STEAM_1,40435.62499996142
16762,thermal_upper,89,116_STEAM_1,-260.87499999975114
16769,thermal_lower,90,116_STEAM_1,-652.1874999993778
16770,transition,90,116_STEAM_1,40435.62499996142
16774,thermal_upper,91,116_STEAM_1,-521.7499999995023
16779,minimum_down,91,116_STEAM_1,-40435.62499996142
16782,transition,92,116_STEAM_1,40435.62499996142
16787,thermal_lower,93,116_STEAM_1,-652.1874999993778
16788,transition,93,116_STEAM_1,40435.62499996142
16792,thermal_upper,94,116_STEAM_1,-260.87499999975114
16799,thermal_lower,95,116_STEAM_1,-652.1874999993778
16800,transition,95,116_STEAM_1,40435.62499996142
16804,thermal_upper,96,116_STEAM_1,-260.87499999975114
16809,minimum_down,96,116_STEAM_1,-40435.62499996142
16810,thermal_upper,97,116_STEAM_1,-260.8749999997512
16817,thermal_lower,98,116_STEAM_1,-652.187499999378
16818,transition,98,116_STEAM_1,40435.62499996144
16834,thermal_upper,101,116_STEAM_1,-260.87499999975114
16842,transition,102,116_STEAM_1,40435.62499996142
16847,thermal_lower,103,116_STEAM_1,-652.1874999993778
16848,transition,103,116_STEAM_1,40435.62499996142
16852,thermal_upper,104,116_STEAM_1,-653.1874999993775
16857,minimum_down,104,116_STEAM_1,-40435.62499996142
16860,transition,105,116_STEAM_1,60808.43749994208
16865,thermal_lower,106,116_STEAM_1,-652.1874999993778
16866,transition,106,116_STEAM_1,60808.43749994208
16871,thermal_lower,107,116_STEAM_1,-652.1874999993778
16872,transition,107,116_STEAM_1,20372.812499980657
16878,transition,108,116_STEAM_1,-20062.812499980777
16882,thermal_upper,109,116_STEAM_1,-129.43749999987597
16884,transition,109,116_STEAM_1,-20062.812499980777
16894,thermal_upper,111,116_STEAM_1,-523.7499999995015
16899,minimum_down,111,116_STEAM_1,-60808.43749994208
16901,thermal_lower,112,116_STEAM_1,-652.1874999993778
16902,transition,112,116_STEAM_1,20372.812499980646
16906,thermal_upper,113,116_STEAM_1,-260.87499999975114
16908,transition,113,116_STEAM_1,-20062.812499980777
16913,thermal_lower,114,116_STEAM_1,-652.1874999993778
16914,transition,114,116_STEAM_1,20372.812499980646
16916,minimum_up,114,116_STEAM_1,-20062.812499980777
16942,thermal_upper,119,116_STEAM_1,-131.43749999987514
16947,minimum_down,119,116_STEAM_1,-20372.812499980646
17038,thermal_upper,135,116_STEAM_1,-523.7499999995015
17050,thermal_upper,137,116_STEAM_1,-523.7499999995015
17206,thermal_upper,163,116_STEAM_1,-523.7499999995015
17456,transition,37,118_CC_1,7.275957614183426e-12
17462,transition,38,118_CC_1,7.275957614183426e-12
17468,transition,39,118_CC_1,7.275957614183426e-12
17515,thermal_lower,47,118_CC_1,-582.4217298756041
17520,thermal_upper,48,118_CC_1,-278.90618050381045
17522,transition,48,118_CC_1,-99011.6940788527
17528,transition,49,118_CC_1,-2.984194274471009e-13
17539,thermal_lower,51,118_CC_1,-262.87499999975057
17540,transition,51,118_CC_1,-2.984194274471009e-13
17542,minimum_up,51,118_CC_1,-27331.472039447515
17545,thermal_lower,52,118_CC_1,-1175.9374999988793
17546,transition,52,118_CC_1,-17357.27796051008
17550,thermal_upper,53,118_CC_1,-612.0187407332946
17552,transition,53,118_CC_1,-217266.65296031957
17557,thermal_lower,54,118_CC_1,-1175.9374999988793
17560,minimum_up,54,118_CC_1,-71680.22203940518
17563,thermal_lower,55,118_CC_1,-523.7499999995015
17564,transition,55,118_CC_1,-128229.1529604043
17568,thermal_upper,56,118_CC_1,-612.0187407332946
17570,transition,56,118_CC_1,-217266.65296031957
17581,thermal_lower,58,118_CC_1,-1175.9374999988793
17584,minimum_up,58,118_CC_1,-128229.15296040429
17586,thermal_upper,59,118_CC_1,-201.91611842085973
17588,transition,59,118_CC_1,-71680.2220394052
17593,thermal_lower,60,118_CC_1,-523.7499999995015
17596,minimum_up,60,118_CC_1,-17357.27796051008
17599,thermal_lower,61,118_CC_1,-1175.9374999988793
17600,transition,61,118_CC_1,-71680.22203940517
17602,minimum_up,61,118_CC_1,-71680.2220394052
17604,thermal_upper,62,118_CC_1,-356.3815789470284
17606,transition,62,118_CC_1,-199909.37499980943
17610,thermal_upper,63,118_CC_1,-206.7434210524348
17612,transition,63,118_CC_1,-73393.91447361435
17624,transition,65,118_CC_1,2.5927042418343703e-13
17629,thermal_lower,66,118_CC_1,-523.7499999995015
17632,minimum_up,66,118_CC_1,-89037.49999991525
17641,thermal_lower,68,118_CC_1,-652.1874999993779
17644,minimum_up,68,118_CC_1,-110871.87499989418
17647,thermal_lower,69,118_CC_1,-1175.9374999988793
17648,transition,69,118_CC_1,-5.820766091346741e-11
17652,thermal_upper,70,118_CC_1,-563.1249999994635
17654,transition,70,118_CC_1,-199909.37499980954
17665,thermal_lower,72,118_CC_1,-523.7499999995015
17670,thermal_upper,73,118_CC_1,-250.80985915469086
17672,transition,73,118_CC_1,-89037.49999991525
17677,thermal_lower,74,118_CC_1,-1175.9374999988797
17682,thermal_upper,75,118_CC_1,-563.1249999994635
17684,transition,75,118_CC_1,-199909.37499980954
17689,thermal_lower,76,118_CC_1,-261.87499999975176
17692,minimum_up,76,118_CC_1,-44518.7499999578
17695,thermal_lower,77,118_CC_1,-1175.9374999988793
17698,minimum_up,77,118_CC_1,-155390.62499985175
17701,thermal_lower,78,118_CC_1,-1175.9374999988793
17702,transition,78,118_CC_1,-44518.74999995774
17706,thermal_upper,79,118_CC_1,-688.5299295768091
17708,transition,79,118_CC_1,-244428.12499976723
17719,thermal_lower,81,118_CC_1,-261.8749999997521
17722,minimum_up,81,118_CC_1,-44518.74999995786
17725,thermal_lower,82,118_CC_1,-1175.9374999988793
17728,minimum_up,82,118_CC_1,-199909.37499980937
17731,thermal_lower,83,118_CC_1,-1175.9374999988793
17732,transition,83,118_CC_1,-1.1641532182693481e-10
17736,thermal_upper,84,118_CC_1,-563.1249999994635
17738,transition,84,118_CC_1,-199909.3749998096
17743,thermal_lower,85,118_CC_1,-1175.9374999988793
17744,transition,85,118_CC_1,-5.820766091346741e-11
17746,minimum_up,85,118_CC_1,-8.292377018966143e-12
17748,thermal_upper,86,118_CC_1,-563.1249999994635
17750,transition,86,118_CC_1,-199909.37499980954
17755,thermal_lower,87,118_CC_1,-5.115907697472721e-13
17761,thermal_lower,88,118_CC_1,-1175.9374999988795
17762,transition,88,118_CC_1,-8.697043085703626e-11
17764,minimum_up,88,118_CC_1,-199909.3749998096
17773,thermal_lower,90,118_CC_1,-1175.937499998879
17778,thermal_upper,91,118_CC_1,-563.1249999994633
17780,transition,91,118_CC_1,-199909.37499980946
17785,thermal_lower,92,118_CC_1,-523.7499999995015
17788,minimum_up,92,118_CC_1,-89037.49999991525
17791,thermal_lower,93,118_CC_1,-437.14734907079037
17794,minimum_up,93,118_CC_1,-21834.37499997893
17796,thermal_upper,94,118_CC_1,-98.9391447367475
17798,transition,94,118_CC_1,-52480.67434205544
17803,thermal_lower,95,118_CC_1,-1175.9374999988793
17804,transition,95,118_CC_1,-17357.27796051008
17810,transition,96,118_CC_1,-217266.65296031957
17814,thermal_upper,97,118_CC_1,-612.0187407332946
17816,transition,97,118_CC_1,-217266.65296031957
17821,thermal_lower,98,118_CC_1,-1175.9374999988795
17824,minimum_up,98,118_CC_1,-89037.49999991528
17827,thermal_lower,99,118_CC_1,-523.7499999995015
17828,transition,99,118_CC_1,-110871.87499989424
17832,thermal_upper,100,118_CC_1,-563.1249999994634
17834,transition,100,118_CC_1,-199909.3749998095
17838,thermal_upper,101,118_CC_1,-102.97697368411214
17845,thermal_lower,102,118_CC_1,-430.08030185717416
17846,transition,102,118_CC_1,36556.82565785981
17848,minimum_up,102,118_CC_1,-36556.825657859794
17851,thermal_lower,103,118_CC_1,-1175.9374999988793
17854,minimum_up,103,118_CC_1,-91672.3273025445
17856,thermal_upper,104,118_CC_1,-407.8700657890839
17858,transition,104,118_CC_1,-108237.04769726499
17863,thermal_lower,105,118_CC_1,-215.04015092858708
17864,transition,105,118_CC_1,36556.82565785981
17873,minimum_down,106,118_CC_1,-36556.82565785981
17875,thermal_lower,107,118_CC_1,-1175.9374999988793
17876,transition,107,118_CC_1,-36556.82565785981
17878,minimum_up,107,118_CC_1,-108237.04769726499
17881,thermal_lower,108,118_CC_1,-523.7499999995015
17882,transition,108,118_CC_1,-128229.15296040429
17886,thermal_upper,109,118_CC_1,-612.0187407332945
17888,transition,109,118_CC_1,-217266.65296031954
17905,thermal_lower,112,118_CC_1,-1175.9374999988793
17908,minimum_up,112,118_CC_1,-5.820766091346741e-11
17910,thermal_upper,113,118_CC_1,-563.1249999994632
17912,transition,113,118_CC_1,-199909.37499980943
17917,thermal_lower,114,118_CC_1,-754.2891350612014
17920,minimum_up,114,118_CC_1,-128229.15296040423
17923,thermal_lower,115,118_CC_1,-523.7499999995015
17926,minimum_up,115,118_CC_1,-89037.49999991525
17929,thermal_lower,116,118_CC_1,-2.9959825470167047e-13
17935,thermal_lower,117,118_CC_1,-261.87499999975057
17936,transition,117,118_CC_1,-5.093170329928398e-11
17942,transition,118,118_CC_1,-44518.74999995765
17946,thermal_upper,119,118_CC_1,-125.40492957734548
17948,transition,119,118_CC_1,-44518.74999995765
17971,thermal_lower,123,118_CC_1,-261.87499999975086
17974,minimum_up,123,118_CC_1,-44518.74999995765
18044,transition,135,118_CC_1,2.1923029409205353e-13
18050,transition,136,118_CC_1,2.1923029409205353e-13
18056,transition,137,118_CC_1,2.1923029409205353e-13
18086,transition,142,118_CC_1,-7.300079405407113e-13
18088,minimum_up,142,118_CC_1,-4.4486255113044676e-13
18169,thermal_lower,156,118_CC_1,-261.8749999997527
18176,transition,157,118_CC_1,-44518.74999995795
18182,transition,158,118_CC_1,-44518.74999995795
18188,transition,159,118_CC_1,-44518.74999995795
18194,transition,160,118_CC_1,-44518.74999995795
18198,thermal_upper,161,118_CC_1,-125.4049295773464
18200,transition,161,118_CC_1,-44518.74999995795
18206,transition,162,118_CC_1,1.4551915228366852e-11
18217,thermal_lower,164,118_CC_1,-261.8749999997527
18220,minimum_up,164,118_CC_1,-44518.74999995795
18254,thermal_upper,3,123_STEAM_2,-1.8776664810795938e-13
18262,transition,4,123_STEAM_2,2.9103830456733704e-11
18268,transition,5,123_STEAM_2,2.9103830456733704e-11
19244,thermal_upper,0,123_STEAM_3,-3.343590733158726e-16
19248,transition,1,123_STEAM_3,1.170256756605554e-13
19254,transition,2,123_STEAM_3,1.170256756605554e-13
19292,minimum_up,8,123_STEAM_3,-1.5900614158681492e-10
19300,thermal_upper,10,123_STEAM_3,-914.0624999991287
19384,thermal_upper,24,123_STEAM_3,-4.547473508864641e-13
19386,transition,24,123_STEAM_3,-1.5543122344752192e-13
19392,transition,25,123_STEAM_3,1.5900614158681492e-10
19398,transition,26,123_STEAM_3,1.5900614158681492e-10
19404,transition,27,123_STEAM_3,1.5900614158681492e-10
19410,transition,28,123_STEAM_3,1.5900614158681492e-10
19416,transition,29,123_STEAM_3,1.5900614158681492e-10
19420,thermal_upper,30,123_STEAM_3,-4.536536226039191e-13
19425,minimum_down,30,123_STEAM_3,-1.587787679113717e-10
20116,thermal_upper,146,123_STEAM_3,-652.1874999993778
21561,thermal_lower,52,123_CT_4,-122.23435183457767
21566,thermal_upper,53,123_CT_4,-48.893740733831066
21568,transition,53,123_CT_4,-2689.1557403607085
21579,thermal_lower,55,123_CT_4,-244.46870366915547
21582,minimum_up,55,123_CT_4,-2689.1557403607085
21584,thermal_upper,56,123_CT_4,-48.89374073383112
21586,transition,56,123_CT_4,-2689.1557403607117
21591,thermal_lower,57,123_CT_4,-122.23435183457781
21594,minimum_up,57,123_CT_4,-2689.1557403607117
21722,thermal_upper,79,123_CT_4,-125.40492957734557
21830,thermal_upper,97,123_CT_4,-48.893740733831066
21838,transition,98,123_CT_4,2689.1557403607085
21891,thermal_lower,107,123_CT_4,-122.23435183457765
21898,transition,108,123_CT_4,-2689.1557403607085
21902,thermal_upper,109,123_CT_4,-48.893740733831066
21904,transition,109,123_CT_4,-2689.1557403607085
21909,thermal_lower,110,123_CT_4,-122.23435183457767
21912,minimum_up,110,123_CT_4,-2689.1557403607085
22578,transition,54,123_CT_5,4.554174879760555e-13
22584,transition,55,123_CT_5,-3.126388037344441e-12
22588,thermal_upper,56,123_CT_5,-5.684341886080802e-14
22590,transition,56,123_CT_5,-3.126388037344441e-12
22604,minimum_up,58,123_CT_5,-3.126388037344441e-12
22608,transition,59,123_CT_5,-5.525648342422197e-14
23268,thermal_upper,2,121_NUCLEAR_1,-6.059515579753725e-16
23274,thermal_upper,3,121_NUCLEAR_1,-5.881879895813154e-16
23276,transition,3,121_NUCLEAR_1,2.42380623190149e-13
23282,transition,4,121_NUCLEAR_1,4.776558190226752e-13
23288,transition,5,121_NUCLEAR_1,5.57265122193121e-13
23294,transition,6,121_NUCLEAR_1,6.368744253635671e-13
23300,transition,7,121_NUCLEAR_1,7.164837285340131e-13
23414,transition,26,121_NUCLEAR_1,-2.7584623548559496e-13
23420,transition,27,121_NUCLEAR_1,4.776558190226752e-13
23426,transition,28,121_NUCLEAR_1,3.1843721268178335e-13
23708,transition,75,121_NUCLEAR_1,1.8389749032372998e-13
24264,target_mean,-1,101_CT_1,-55962.910118553336
24266,target_mean,-1,101_STEAM_3,90851.23832459826
24267,target_mean,-1,101_STEAM_4,46856.23832464016
24268,target_mean,-1,102_CT_1,-47748.761675269714
24269,target_mean,-1,102_CT_2,-55962.910118553336
24270,target_mean,-1,102_STEAM_3,244413.73832445187
24271,target_mean,-1,102_STEAM_4,244413.73832445187
24272,target_mean,-1,107_CC_1,46856.23832464016
24273,target_mean,-1,113_CT_1,-55962.910118553336
24274,target_mean,-1,113_CT_2,-55962.910118553336
24275,target_mean,-1,113_CT_3,-55962.910118553336
24276,target_mean,-1,113_CT_4,-55962.910118553336
24277,target_mean,-1,115_STEAM_1,-55962.910118553336
24278,target_mean,-1,115_STEAM_2,-55962.91011855334
24279,target_mean,-1,115_STEAM_3,244413.73832445187
24280,target_mean,-1,116_STEAM_1,134846.2383245564
24281,target_mean,-1,118_CC_1,46856.23832464016
24282,target_mean,-1,123_STEAM_2,244413.7383244519
24283,target_mean,-1,123_STEAM_3,244413.73832445187
24284,target_mean,-1,123_CT_1,-68816.78984426377
24285,target_mean,-1,123_CT_4,-47748.76167526972
24286,target_mean,-1,123_CT_5,-55962.910118553336
24287,target_mean,-1,121_NUCLEAR_1,244413.73832445187
24294,target_mean,-1,113_PV_1,244413.73832445187
24295,target_mean,-1,102_PV_1,244413.73832445187
24296,target_mean,-1,101_PV_1,244413.73832445187
24297,target_mean,-1,102_PV_2,244413.73832445187
24298,target_mean,-1,104_PV_1,244413.73832445187
24299,target_mean,-1,101_PV_2,244413.73832445187
24300,target_mean,-1,101_PV_3,244413.73832445187
24301,target_mean,-1,101_PV_4,244413.73832445187
24302,target_mean,-1,103_PV_1,244413.73832445187
24303,target_mean,-1,119_PV_1,244413.73832445187
24304,target_mean,-1,122_WIND_1,244413.73832445187
