settlementPeriod,T_ABRBO-1,T_ACHRW-1,T_AFTOW-1,T_AKGLW-2,T_AKGLW-3,T_ANSUW-1,T_ARCHW-1,T_BDCHW-1,T_BEATO-1,T_BEATO-2,T_BEATO-3,T_BEATO-4,T_BEINW-1,T_BHLAW-1,T_BLKWW-1,T_BLLA-1,T_BLLA-2,T_BOWLW-1,T_BPGRD-1,T_BRBEO-1,T_CARR-1,T_CARR-2,T_CASKD-1,T_CDCL-1,T_CGTHW-1,T_CLDCW-1,T_CLDNW-1,T_CLDSW-1,T_CNQPS-1,T_CNQPS-2,T_CNQPS-3,T_CNQPS-4,T_COSO-1,T_COUWW-1,T_CREAW-1,T_CRGHD-1,T_CRGHW-1,T_CRYRW-2,T_CRYRW-3,T_DALQW-1,T_DAMC-1,T_DDGNO-1,T_DDGNO-2,T_DDGNO-3,T_DDGNO-4,T_DIDCB5,T_DIDCB6,T_DINO-1,T_DINO-2,T_DINO-3,T_DINO-4,T_DINO-5,T_DINO-6,T_DNLWW-1,T_DOREW-1,T_DOREW-2,T_DOUGW-1,T_DRAXX-1,T_DRAXX-10G,T_DRAXX-12G,T_DRAXX-2,T_DRAXX-3,T_DRAXX-4,T_DRAXX-5,T_DRAXX-6,T_DRAXX-9G,T_DRSLW-1,T_DUNGW-1,T_EAAO-1,T_EAAO-2,T_EDINW-1,T_EECL-1,T_ERRO-1,T_ERRO-2,T_ERRO-3,T_EWHLW-1,T_FALGW-1,T_FASN-1,T_FASN-2,T_FFES-1,T_FFES-2,T_FFES-3,T_FFES-4,T_FINL-1,T_FOYE-1,T_FOYE-2,T_FOYED-1,T_FSDLW-1,T_GANW-11,T_GANW-13,T_GANW-22,T_GANW-24,T_GLNDO-1,T_GLWSW-1,T_GNAPW-1,T_GNFSW-1,T_GNFSW-2,T_GORDW-1,T_GORDW-2,T_GRAI-6,T_GRAI-7,T_GRAI-8,T_GRAI1G,T_GRAI4G,T_GRGBW-1,T_GRGBW-2,T_GRGBW-3,T_GRIFW-1,T_GRIFW-2,T_GYMR-15,T_GYMR-17,T_GYMR-26,T_GYMR-28,T_GYMRD-16,T_GYMRD-2,T_GYMRD-E10,T_GYMRD-E11,T_GYMRD-W10,T_GYMRD-W11,T_HADHW-1,T_HALSW-1,T_HEYM11,T_HEYM12,T_HEYM2-D,T_HEYM27,T_HEYM28,T_HMGTO-1,T_HMGTO-2,T_HOWAO-1,T_HOWAO-2,T_HOWAO-3,T_HOWBO-1,T_HOWBO-2,T_HOWBO-3,T_HRSTW-1,T_HRTL-1,T_HRTL-2,T_HUMR-1,T_HUMRD-1,T_INDQ-1,T_JGPR-1,T_KEAD-1,T_KEAD-2,T_KEADGT-3,T_KENNW-1,T_KILBW-1,T_KILLPG-1,T_KILLPG-2,T_KLGLW-1,T_KPMRW-1,T_KTHLW-1,T_KYPEW-1,T_LAGA-1,T_LARYW-1,T_LARYW-2,T_LARYW-3,T_LARYW-4,T_LBAR-1,T_LBAR-1G,T_LNCSW-1,T_LNCSW-2,T_MEDP-1,T_MIDMW-1,T_MILWW-1,T_MKHLW-1,T_MOWEO-1,T_MOWEO-2,T_MOWEO-3,T_MRWD-1,T_MYGPW-1,T_NANT-1,T_OMNDW-1,T_PEHE-1,T_PEMB-11,T_PEMB-21,T_PEMB-31,T_PEMB-41,T_PEMB-51,T_PNYCB-1,T_PNYCW-1,T_RCBKO-1,T_RCBKO-2,T_RMPNO-1,T_RMPNO-2,T_ROCK-1,T_RREW-1,T_RRWW-1,T_RYHPS-1,T_SAKNW-1,T_SANQW-1,T_SCCL-1,T_SCCL-2,T_SCCL-3,T_SCCL-4,T_SEAB-1,T_SEAB-2,T_SEEL-1,T_SGRWO-1,T_SGRWO-2,T_SGRWO-3,T_SGRWO-4,T_SGRWO-5,T_SGRWO-6,T_SHBA-1,T_SHBA-2,T_SHRSW-1,T_SHRSW-2,T_SIZB-1,T_SIZB-2,T_SLOY-2,T_SLOY-3,T_SOKYW-1,T_SPLN-1,T_STAY-1,T_STAY-2,T_STAY-3,T_STAY-4,T_STLGW-1,T_STLGW-2,T_STLGW-3,T_STRNW-1,T_SUTB-1,T_SVRP-10,T_SVRP-20,T_TDBNW-1,T_THNTO-1,T_THNTO-2,T_TKNEW-1,T_TKNWW-1,T_TORN-1,T_TORN-2,T_TORN-D,T_TSREP-1,T_TWSHW-1,T_USKM-13,T_WBUGT-1,T_WBUGT-4,T_WBUPS-1,T_WBUPS-2,T_WBUPS-3,T_WBUPS-4,T_WBURB-1,T_WBURB-2,T_WBURB-3,T_WBURB-41,T_WBURB-43,T_WDNSO-1,T_WDNSO-2,T_WDRGW-1,T_WHIHW-1,T_WHILW-1,T_WHILW-2,T_WILCT-1,T_WISTW-2,T_WLNYO-2,T_WLNYO-3,T_WLNYO-4,T_WLNYW-1,T_WTMSO-1
1,4.78,30.648,32.68,53.3,72.158,11.094,3.104,-0.118,2.878,1.92,3.452,2.158,-0.126,-0.18,52.738,94.236,50.446,68.432,-58.982,223.67,-2,-2,24.26,-3.24,0.972,177.82,170.218,125.36,-8.316,-6.426,-4.158,0,-1.974,20.182,-0.138,-0.008,37.668,131.77,13.61,29.556,-1.31,105.436,86.118,98.436,93.6,-2.8,-0.8,-1.4,-280.2,-291.6,0,-284.2,-281.9,19.498,-0.008,-0.366,41.886,0,0,0,309.4,0,0,0,0,0,57.952,0.04,337.82,338.308,0.214,258.48,0,0,0,23.346,124.04,18.992,-0.002,-73.112,-72.968,-1.62,-0.02,16.342,-153.9,0,-0.652,19.412,85.766,85.72,85.94,86.56,-0.042,53.992,-0.026,99.74,57.12,2.666,0.778,-2,0,266.7,0,0,147.514,127.788,149.766,-0.582,-0.178,141.92,141.82,141.86,138.36,-0.002,0,0,-0.014,0,-0.004,97.24,0.162,505.552,400.664,-57.256,650.52,635.368,106.934,109.756,398.374,393.64,396.132,340.472,435.812,414.816,113.5,588.088,585.184,152.462,-52.146,-2.18,4.174,-4.04,-0.776,-0.16,41.62,0,-0.828,-0.628,191.094,87.03,2.88,-0.036,-0.8,144.2,132.64,138.12,155.9,-2.72,-0.08,127.22,136.946,-3.68,49.942,0.12,36.838,13.238,9.5,19.278,238.2,24.612,0,96.11,0,-2,-0.6,-0.6,-0.5,223,0.01,195.7,267.698,251.448,193.478,197.646,-2.4,78.572,90.752,-1.616,56.448,30.076,336.3,-2.6,-0.6,-33.7,491.4,-1.62,-0.246,0,0,45.786,0,18.602,46.222,-3.06,-1.544,127.83,140.746,603.8,600.24,0,0,-0.356,-2.5,-0.8,-0.7,-1.6,-0.8,0.014,2.378,5.524,-0.014,-0.4,-0.6,-0.4,26.124,142.2,142.2,392.712,398.416,636.184,456.176,-49.792,-1.896,36.528,0,0,0,0,0,0,0,217.67,317.26,184.968,-0.81,0.072,184.028,186.528,34.54,26.616,295.226,161.62,34.2,58.086,173.492,299.788,326.994,162.88,203.002
2,2.53,28.108,32.13,53.72,72.358,12.894,2.822,-0.156,3.728,3.868,7.34,8.486,1.336,1.372,52.806,101.906,46.424,68.428,-59.25,219.89,-1.8,-2.2,26.02,-3.06,-0.146,178.06,171.18,125.7,-8.064,-6.426,-4.032,0,-1.982,20.158,-0.104,-0.008,43.242,133.12,13.62,28.352,-1.31,105.49,85.836,98.08,93.602,-2.8,-0.8,-1.5,-247.7,-216.1,0,-283.1,-280.5,23.888,-0.352,-0.388,41.142,0,0,0,305.84,0,0,0,0,0,58.074,-0.688,337.814,338.206,1.02,247.824,0,0,0,26.888,131.44,-0.008,-0.002,-73.032,-72.91,-1.6,-0.04,16.338,-154,0,-0.652,17.658,85.684,85.58,85.94,86.54,-0.042,55.122,-0.026,99.72,57.04,2.79,0.074,-2.1,0,313.7,0,0,147.592,127.646,149.844,-0.212,0.856,141.98,141.88,141.64,138.4,-0.002,0,0,-0.012,0,-0.004,93.94,0.072,505.808,400.432,-57.296,651.28,633.76,106.874,109.696,398.314,393.68,396.092,340.29,435.96,415.032,102.588,588.296,585.824,170.45,-52.324,-2.26,2.776,-3.94,-0.774,-0.16,42.1,0,-0.836,-0.632,192.328,87.134,3.844,-0.038,-1,143.42,131.24,140.18,154.16,-2.64,-0.06,128.018,137.018,-3.65,49.888,0.44,31.082,15.298,9.9,21.558,238,22.492,0,96.1,0,-2,-0.7,-0.7,-0.6,222.8,-0.48,192.7,250.898,247.866,194.186,197.304,-2.2,78.57,90.746,-1.506,56.246,30.08,342,-2.5,-0.5,-33.62,474.2,-1.62,-0.244,0,0,48.606,0,19.588,46.132,-3.052,-1.544,109.974,137.21,603.76,600.04,0,0,-0.356,-2.6,-0.8,-0.8,-1.6,-0.8,-0.706,-0.156,0.14,-0.014,-0.6,-0.7,-0.4,24.752,142.2,142.2,394.232,406.376,636.408,455.744,-49.864,-1.896,36.664,0,0,0,0,0,0,0,341.694,342.58,185.12,-0.074,0.04,190.468,192.328,34.512,26.62,297.936,160.796,33.3,57.438,173.514,299.926,326.774,162.92,203.022
3,0.77,29.474,30.906,52.62,75.05,12.76,2.524,-0.172,3.808,4.926,9.15,12.974,0.134,2.902,50.316,102.55,48.466,67.84,-58.5,213.61,-2,-2.2,24.48,-3.06,-0.106,175.56,170.158,125.12,-8.19,-6.678,-4.158,0,-1.898,19.782,0.188,-0.008,44.692,133.278,13.522,22.63,-1.33,105.372,86.06,98.39,93.502,-2.9,-0.9,-1.5,-275.2,-291.3,0,-279.3,-276.5,25.264,-0.49,-0.384,39.062,0,0,0,320.76,0,0,0,0,0,57.474,-0.624,337.9,338.266,1.68,335.664,0,0,0,29.052,142.68,-0.008,-0.002,-72.552,-72.41,-1.6,-61.14,16.364,-153.1,0,-0.654,16.904,85.684,85.5,85.88,86.44,-0.042,55.152,-0.026,99.78,57.08,3.45,-0.002,-2,0,371,0,0,147.452,127.69,149.806,0.59,6.052,141.98,141.9,141.8,138.42,-0.002,0,0,-0.012,0,-0.006,88.3,0.406,505.52,400.984,-57.168,652.968,635.832,106.914,109.756,398.294,393.5,396.212,340.512,435.904,415.178,90.212,588.224,585.92,224.04,-52.376,-2.27,4.534,-4.14,-0.792,-0.16,36.89,0,-0.828,-0.63,161.474,87.242,4.364,-0.036,-1,144.12,132.54,140.54,154.7,-2.32,-0.08,127.962,137.006,-3.616,49.81,0.14,24.144,5.358,6.4,14.438,289.4,19.932,0,96.1,0,-2.2,-0.6,-0.6,-0.6,222.6,-1.86,189.32,270.458,265.628,194.188,197.702,-2.4,78.446,90.702,-1.516,56.414,30.076,351.8,-2.5,-0.6,-33.74,474.4,-1.614,-0.252,0,0,48.71,0,19.606,49.138,-3.066,-1.902,131.474,141.76,603.88,600.3,0,0,-0.334,-2.5,-0.7,-0.8,-1.5,-0.8,-0.742,-0.75,-0.708,-0.014,-0.4,-0.6,-0.4,16.936,142.3,142.3,396.432,390.616,636.136,457.176,-49.616,-1.916,36.88,0,0,0,0,0,0,0,378.428,408.56,185.106,0.212,-0.566,190.288,191.468,34.462,26.662,298.3,162.404,35.11,55.296,173.496,299.864,326.694,162.9,203.142
4,-0.292,26.58,29.878,41.44,74.81,10.404,1.78,-0.088,2.718,4.996,8.996,16.806,0.596,5.192,40.292,98.43,49.654,68.368,-57.758,222.71,-1.8,-2,24.38,-3.06,-0.074,175.16,171.256,126.08,-8.064,-7.056,-4.032,0,-2.014,19.08,0.512,-0.01,39.818,130.81,13.25,18.434,-1.31,105.48,86.13,98.42,93.596,-2.8,-0.8,-1.4,-275.6,-227.5,0,-279.8,-277.1,24.592,-0.328,-0.142,38.93,0,0,0,307.14,0,0,0,0,0,47.412,0.006,337.736,338.366,1.36,281.662,0,0,0,29.458,143.6,-0.008,-0.002,-72.71,-72.608,-1.6,-73.42,16.244,-153.7,0,-0.658,12.334,85.726,85.72,85.98,86.54,-0.042,55.15,-0.026,99.7,57.1,3.344,0.004,-2,0,324.1,0,0,147.71,127.704,149.772,27.782,36.798,142,141.9,141.78,138.38,-0.002,0,0,-0.012,0,-0.004,64.04,0.894,507.176,400.856,-57.44,652.256,637.048,106.914,109.776,398.454,393.82,396.152,340.364,435.958,415.222,81.186,588.496,586.16,153.68,-52.56,-2.31,6.29,-4.04,-0.866,-0.16,28.85,0,-0.828,-0.624,157.414,87.196,4.238,-0.036,-0.8,144.62,133.22,139.68,153.9,-2.32,-0.08,128.008,136.966,-3.646,49.442,0.06,17.51,1.102,5.534,5.038,239.2,17.218,0,96.1,0,-1.9,-0.6,-0.7,-0.5,222.6,0.01,192.38,275.998,269.728,194.222,195.678,-2.2,78.574,90.748,-1.53,56.142,30.084,337.9,-2.6,-0.6,-33.66,474.4,-1.622,-0.258,0,0,48.67,0,19.584,49.16,-3.072,-2.092,131.496,141.742,604.24,600.26,0,0,-0.34,-2.6,-0.8,-0.8,-1.6,-0.8,-0.586,-0.136,-0.29,-0.014,-0.6,-0.7,-0.4,24.188,142.2,142.2,397.012,392.416,635.456,458.88,-49.72,-1.926,36.914,0,0,0,0,0,0,0,342.974,402.62,184.928,-0.014,-0.828,187.828,188.208,33.62,26.458,294.414,160.418,34.58,52.252,173.438,299.868,326.794,162.94,203.082
5,-0.14,15.458,28.286,46.1,74.878,7.36,2.86,0.276,3.458,7.706,12.55,19.396,10.606,1.284,32.516,101.366,49.626,68.41,-57.682,222.77,-2,-2.2,24.92,-3.24,0.234,174.36,167.842,124.08,-8.19,-6.426,-4.158,0,-1.874,18.618,0.96,-0.008,28.998,131.358,13.602,24.672,-1.32,105.442,86.132,98.42,93.514,-2.9,-0.8,-1.5,-274.6,-216.6,0,-278.7,-275.7,24.86,1.318,0.502,39.122,0,0,0,305.08,0,0,0,0,0,41.528,0.828,337.832,338.266,0.64,357.12,0,0,0,29.416,143.56,-0.008,-0.002,-72.63,-72.508,-1.58,-73.32,16.344,-153.7,0,-0.67,9.696,85.606,85.66,85.92,86.46,-0.042,55.118,-0.024,99.7,57.08,7.05,0.006,-2,0,314,0,0,147.434,127.754,149.854,43.172,47.658,141.94,141.9,141.82,138.46,-0.002,0,0,-0.012,0,-0.006,69.42,1.826,506.968,401.064,-57.552,654.608,638.024,106.874,109.756,398.414,393.56,396.212,339.98,435.812,415.176,66.378,588.32,585.56,240.208,-52.928,-2.33,5.956,-4.14,-0.866,-0.16,26.42,0.086,-0.826,-0.622,168.222,86.908,4.406,-0.038,-1,144.24,132.92,138.48,152.94,-2.34,-0.06,127.884,136.972,-3.358,49.988,6.12,23.098,-0.47,4.514,1.326,295.8,16.656,0,96.08,0,-1.9,-0.6,-0.6,-0.6,222.6,0.01,194.97,276.018,270.008,194.21,191.652,-2.4,78.574,90.69,-1.494,54.614,30.07,352.2,-2.5,-0.5,-33.98,474.2,-1.624,-0.262,0,0,48.702,0,19.608,49.142,-3.06,-2.008,131.458,141.74,604.64,599.84,0,0,-0.356,-2.6,-0.8,-0.8,-1.6,-0.8,4.666,4.904,1.792,-0.012,-0.4,-0.6,-0.4,25.79,142.2,142.2,397.152,397.276,636.84,458.096,-49.808,-1.926,35.144,0,0,0,0,0,0,0,327.952,401.06,184.932,-0.072,0.048,187.208,187.708,33.12,26.624,278.294,160.226,36.58,53.866,173.536,299.906,326.734,162.86,203.142
6,2.984,12.488,30.186,42.46,74.668,5.038,2.602,0.672,6.368,13.006,15.7,29.3,20.346,8.798,39.604,76.004,49.056,65.42,-57.91,221.61,-1.8,-3.8,24.6,-3.06,3.448,170.68,168.282,117.4,-8.064,-6.3,-4.032,0,-1.788,18.934,1.438,-0.008,18.906,131.358,13.522,30.956,-1.3,105.442,86.128,98.422,88.754,-2.9,-0.9,-1.4,-271.9,-289.1,0,-276,-273,24.898,7.86,4.348,41.098,0,0,0,314.74,0,0,0,0,0,46.866,7.73,337.902,338.306,0.32,263.376,0,0,0,29.772,143.62,-0.008,-0.002,-72.31,-72.188,-1.58,-72.96,16.352,-153.3,0,-1.316,9.946,85.824,85.56,85.9,86.52,-0.042,55.078,-0.024,99.58,57.02,11.384,0.008,-1.9,0,290.7,0,0,147.734,127.706,149.696,83.944,83.068,141.98,141.96,141.7,138.42,-0.002,0,0,-0.012,0,-0.004,82.28,2.23,506.24,400.736,-57.488,653.192,638.056,106.914,109.736,398.354,393.68,396.052,337.032,436.016,415.196,66.388,588.176,586.592,179.464,-52.912,-2.34,5.264,-4.03,-0.774,-0.17,37.21,0.274,-0.824,-0.624,175.83,86.268,4.384,-0.036,-0.8,142.38,131.02,138.74,152.58,-2.32,-0.08,127.97,137.002,-3.4,50.05,18.84,25.678,6.998,7.92,8.498,238.4,18.162,0,96.11,0,-1.8,-0.6,-0.7,-0.6,222.8,0.02,193.68,277.118,270.206,194.164,191.044,-2.2,76.574,87.26,-1.55,55.576,30.09,343.8,-2.6,-0.6,-33.94,474.2,-1.62,-0.254,0,0,48.696,0,19.59,49.16,-3.054,-1.838,131.478,141.716,604.24,600.26,0,0,-0.356,-2.5,-0.8,-0.7,-1.6,-0.8,16.24,14.656,11.4,-0.012,-0.4,-0.7,-0.4,25.414,142.2,142.2,398.472,397.456,635.824,459.112,-49.68,-1.916,36.74,0,0,0,0,0,0,0,156.372,380.46,185.048,-0.652,-0.688,190.148,188.948,33.46,26.638,273.34,157.38,36.29,56.992,173.364,299.846,326.914,162.98,203.042
7,13.18,7.512,30.094,44.22,68.684,4.688,2.884,1.388,8.478,20.882,25.852,46.926,29.346,15.274,47.518,63.11,41.468,68.062,-57.824,222.77,-1.8,-2.4,24.04,-3.24,6.404,163.94,169.254,114.92,-8.316,-6.426,-4.158,0,-1.978,20.082,1.226,-0.008,20.244,131.466,13.554,30.662,-1.32,105.474,86.144,98.428,93.65,-2.9,-0.8,-1.4,-271.8,-289.1,0,-275.9,-272.8,20.382,31.26,17.15,41.612,0,0,0,307.54,0,0,0,0,0,39.264,18.67,337.676,338.286,0.092,241.776,0,0,0,29.774,143.1,-0.008,-0.002,-72.39,-72.288,-1.6,-73.06,16.34,-152.9,-64.2,-1.18,10.294,85.548,85.58,85.96,86.54,-0.042,55.102,-0.022,97.84,56.3,9.886,0.008,-2,0,229.9,0,0,147.426,127.746,149.79,72.194,71.198,142,141.96,141.8,138.38,-0.002,0,0,-0.012,0,-0.006,70.74,2.652,506.576,401.08,-57.712,658.088,637.624,106.894,109.756,398.334,393.56,396.132,340.544,435.922,415.134,79.52,588.112,587.048,150.478,-53.048,-2.37,4.278,-4.14,-0.782,-0.16,32.82,1.178,-0.826,-0.624,177.094,86.818,3.304,-0.038,-1,140.82,129.96,137.98,151.78,-2.34,-0.06,128.02,134.9,-3.472,50.198,16,28.438,12.078,28.14,19.478,237.8,22.852,0,96.09,0,-1.9,-0.6,-0.6,-0.5,222.6,0,190.49,278.918,271.088,194.22,192.516,-2.4,77.698,90.746,-1.488,56.206,30.074,336.2,-2.5,-0.6,-33.88,474.4,-1.622,-0.25,0,0,48.708,0,19.598,49.152,-3.054,-1.64,131.482,141.75,604.2,600.24,0,0,-0.354,-2.6,-0.8,-0.8,-1.6,-0.8,37.154,27.596,23.444,-0.014,-0.6,-0.6,-0.4,26.122,142.2,142.2,397.092,397.316,636.584,459.456,-49.832,-1.916,36.476,0,0,0,0,0,0,0,148.852,224.16,184.918,-0.872,-0.898,185.468,188.048,33.452,26.616,278.068,162.212,35.27,55.708,170.838,299.866,326.634,162.88,199.942
8,22.3,8.138,28.378,51.82,3.73,4.17,3.524,2.584,32.128,42.578,44.916,55.16,25.962,17.142,52.202,91.948,49.958,68.418,-58.024,222.79,-2,-2.2,24.26,-3.06,14.986,171.38,122.24,76.42,-8.694,-6.426,-4.158,0,-1.794,20.114,0.738,-0.008,13.358,130.966,13.614,30.972,-1.32,105.422,86.102,98.434,93.458,-2.9,-0.8,-1.5,-272.4,-289.8,0,-276.5,-273.3,21.752,51.56,33.39,39.388,0,0,0,162.398,0,0,0,0,0,41.766,35.19,337.84,338.306,0.026,241.776,0,0,0,27.038,142.42,-0.008,-0.002,-72.59,-72.508,-1.6,-73.24,16.31,-152.6,-153.7,-1.18,6.096,85.664,85.7,83.06,86.34,-0.042,55.114,-0.024,95.52,55.1,8.424,0.006,-2.1,0,229.9,0,0,147.716,127.73,149.82,10.326,26.946,141.96,141.8,141.78,138.36,-0.002,0,0,-0.014,0,-0.006,49.14,0.332,506.08,401.008,-57.904,657,639.488,106.914,109.796,398.454,393.6,396.212,340.646,435.718,415.054,79.712,588.216,586.984,150.634,-54.192,-2.39,4.378,-4.14,-0.814,-0.16,-0.15,1.726,-0.824,-0.622,183.454,86.858,3.412,-0.036,-1,140.88,129.78,137.38,150.42,-2.32,-0.08,127.726,123.944,-3.518,50.016,10.44,27.592,31.618,46.78,33.138,237.4,21.158,0,96.11,0,-1.8,-1,-0.7,-0.6,222,-0.04,186.89,278.918,271.148,194.28,194.326,-2.2,78.572,90.746,-1.522,52.286,30.074,336.2,-2.6,-0.6,-33.64,474,-1.622,-0.25,0,0,48.7,0,19.618,49.174,-3.072,-1.674,131.492,141.726,603.82,599.78,0,0,-0.356,-2.7,-0.8,-0.8,-1.6,-0.8,42.508,33.136,29.656,-0.012,-0.4,-0.7,-0.4,26.138,142.2,142.2,397.19,397.556,636.664,459.992,-50.12,-1.928,36.582,0,0,0,0,0,0,0,139.576,208.24,183.876,-1.196,-0.236,185.068,187.268,32.774,26.586,272.968,161.506,34.83,54.704,167.192,299.746,326.754,162.88,202.962
9,19.76,5.752,29.954,53.3,55.252,3.96,3.522,4.238,46.072,64.228,76.948,83.37,16.064,16.306,49.454,90.692,50.482,68.412,-58.15,222.75,-2,-4.2,24.82,-3.24,13.1,167.94,169.18,110.02,-8.19,-6.552,-4.032,0,-1.984,20.058,1.078,-0.008,10.782,131.45,13.61,29.884,-1.31,105.444,86.124,98.406,93.544,-2.9,-0.9,-1.4,-269.4,-237.4,0,-273.4,-270,23.396,63.76,44.416,39.642,0,0,0,0,0,0,0,0,0,45.97,46.51,337.764,338.286,0.12,241.776,0,0,0,28.56,143.62,-0.008,-0.002,-72.172,-72.09,-1.6,-72.82,16.338,-151.9,-153,-1.2,17.384,85.886,85.56,83,86.7,-0.042,55.11,-0.024,95.74,56.66,12.362,9.908,-2,0,242.8,0,0,147.34,127.718,149.8,34.65,24.376,141.98,141.92,141.8,138.36,-0.002,0,0,-0.012,0,-0.004,75.92,10.108,505.624,400.656,-57.712,658.064,637.008,106.914,109.736,398.314,393.62,396.072,340.626,435.996,415.26,90.206,588.704,586.312,150.476,-54.806,-2.38,5.31,-4.04,-0.788,-0.16,21.37,0.744,-0.83,-0.632,184.024,86.22,3.894,-0.036,-1,142.32,130.18,137.78,151.76,-2.32,-0.08,127.674,97.982,-3.462,49.136,7.28,31.74,88.178,94.576,89.238,239.4,20.818,0,96.09,0,-4.3,-2,-0.6,-0.6,225.2,-0.19,188.78,278.798,271.148,194.21,194.326,-2.4,78.572,90.744,-1.51,47.062,29.994,336.3,-2.6,-0.5,-33.5,478,-1.62,-0.248,0,0,48.688,0,19.618,49.162,-3.056,-1.67,131.454,141.722,604.48,600.52,0,0,-0.336,-2.7,-0.8,-0.8,-1.6,-0.8,24.644,23.058,16.194,-0.012,-0.6,-0.7,-0.4,26.122,142.2,142.2,397.132,396.936,635.952,460.256,-49.936,-1.906,36.404,0,0,0,0,0,0,0,147.854,218.56,184.948,-0.094,0.012,186.468,187.788,34.314,26.592,275.526,165.252,35.92,57.314,172.156,299.966,326.294,162.92,203.102
10,38.98,2.038,31.48,44.88,45.758,1.478,2.822,4.288,79.356,101.142,90.312,119.118,10.184,8.144,50.346,77.76,48.792,68.464,-58.602,222.75,-1.8,18.4,26.24,-3.06,9.962,152.84,102.324,99.34,-8.064,-6.3,-4.158,0,-1.888,20.106,1.392,-0.008,3.554,131.302,13.618,29.15,-1.32,105.448,86.12,98.42,93.532,-3.4,-0.8,-1.4,-269.4,-287.5,0,-273.4,-270,23.204,75.4,61.016,41.02,0,0,0,0,0,0,0,0,0,45.436,32.01,337.838,338.286,0.12,241.776,0,0,0,28.894,143.62,-0.006,-0.002,-72.294,-72.21,-1.58,-72.92,16.32,-152.5,-153.4,-1.228,19.216,85.686,85.58,86,86.44,-0.042,55.142,-0.024,96.02,55.5,22.094,8.566,-2,0,228.6,0,0,147.694,127.71,149.8,43.166,30.592,141.82,141.84,141.66,138.44,-0.002,0,0,-0.012,0,-0.006,83.98,3.652,506.112,401.16,-57.848,656.376,638.936,106.894,109.776,398.294,393.68,396.172,340.378,435.832,415.088,100.658,588.76,586.832,150.47,-54.688,-2.39,5.106,-4.14,-0.8,-0.16,27.19,2.704,-0.83,-0.63,185.888,85.582,3.7,-0.038,-0.8,141.24,128.86,135.34,149.46,-2.24,-0.06,127.41,10.252,-3.476,48.126,3.18,30.392,141.838,160.612,152.818,238.2,22.118,0,96.06,0,-7.7,-0.6,-0.7,-0.6,222.8,-0.04,190.4,278.918,271.126,194.262,194.32,-2.2,81.102,90.746,-1.498,50.864,30.068,336.2,-2.5,-0.6,-33.72,474.4,-1.62,-0.252,0,0,48.724,0,19.606,49.17,-3.074,-1.67,131.492,141.732,604.04,600.1,0,0,-0.29,-2.6,-0.8,-0.8,-1.6,-0.8,20.06,16.312,13.11,-0.012,-0.4,-0.6,-0.4,26.002,142.2,142.2,396.972,388.396,636.272,460.808,-50.112,-1.916,36.468,0,0,0,0,0,0,0,139.926,209.86,176.3,-1.086,-0.2,190.988,190.608,34.408,26.588,277.13,164.666,34.72,56.838,166.776,299.766,325.794,162.58,203.242
11,50.96,1.024,32.188,42.12,3.794,0.852,2.268,3.91,95.788,108.058,132.804,137.572,7.968,1.31,44.838,86.81,49.372,68.446,-58.48,222.03,-1.8,136.8,26.12,-3.06,5.778,163.64,85.542,115.86,-8.19,-6.426,-4.032,0,-1.882,20.134,2.166,-0.008,1.384,131.49,13.61,29.186,-1.35,105.44,86.152,98.418,93.486,-3.4,-0.9,-1.4,-267.5,-285.8,0,-271.5,-267.9,18.788,77.22,60.514,39.252,0,0,0,0,0,0,0,0,0,44.476,29.25,337.768,338.246,-0.036,241.774,0,0,0,27.608,142.48,-0.006,-0.002,-72.072,-72.01,-1.58,-53,16.322,-152.3,-153.2,-1.248,18.954,85.284,85.34,85.34,86.22,-0.042,55.156,-0.026,96.56,55.78,21.36,0.006,-2,0,228.5,0,0,147.36,127.59,149.81,48.376,31.112,141.82,141.78,141.72,138.34,-0.002,0,0,-0.012,0,-0.004,71.68,0.476,505.144,400.376,-57.704,658.416,632.864,106.894,109.716,398.474,393.52,396.132,340.68,435.918,415.11,96.372,588.768,586.712,150.224,-54.822,-2.36,5.11,-4.14,-0.776,-0.16,-0.15,2.508,-0.83,-0.632,177.708,86.35,2.42,-0.036,-1,140.26,127.66,136.34,150.42,-2.36,-0.04,127.43,45.95,-3.42,49.682,3.84,28.332,216.858,226.14,191.218,237.8,21.916,0,96.04,0,5.8,-0.7,-1,-0.9,222.8,-0.01,190.97,278.838,271.168,194.172,194.238,-2.4,81.62,90.75,-1.57,53.07,30.066,336.2,-2.6,-0.6,-33.66,474.6,-1.626,-0.252,0,0,48.69,0,19.606,49.112,-3.058,-1.666,131.48,141.736,604.24,600.14,0,0,-0.286,-2.6,-0.8,-0.8,-1.5,-0.8,15.324,12.072,8.698,-0.012,-0.6,-0.7,-0.4,25.906,141.9,141.9,397.152,388.176,636.736,458.472,-50.032,-1.936,36.842,0,0,0,0,0,0,0,142.038,212.18,178.256,-0.258,-1.096,190.988,190.548,34.504,26.594,285.586,164.82,35.19,57.874,167.91,298.326,324.074,162.9,202.982
12,68.04,0.738,32.12,46.5,15.516,0.748,2.066,4.134,99.698,102.11,129.676,132.166,10.428,4.918,39.684,93.79,49.092,68.402,-58.292,222.75,-2,175.6,27,-3.06,2.94,164.88,148.252,96.48,-8.064,-6.552,-4.158,0,-1.994,20.068,1.406,-0.008,0.338,131.102,13.618,29.13,-1.34,105.476,86.122,98.438,93.598,-2.9,-0.8,-1.5,-264.5,-195.3,0,-268.7,-236.5,20.502,77.82,54.084,35.006,0,0,0,0,0,0,0,0,0,49.5,17.33,337.824,338.366,0.1,241.774,0,0,0,27.254,139.74,-0.006,-0.002,-28.67,-28.848,-1.62,-0.02,16.336,-151.6,-152.6,-1.24,19.658,85.648,85.78,85.88,86.02,-0.042,54.798,-0.026,97.14,56.7,23.61,25.82,-2,0,233.1,0,0,147.604,127.72,149.71,49.26,31.432,141.88,141.84,141.8,138.4,-0.002,0,0,-0.012,0,-0.006,77.32,3.64,504.408,400.264,-57.48,655.72,633,106.894,109.776,398.334,393.64,396.212,340.308,435.906,415.34,91.47,588.544,586.184,150.462,-54.772,-2.34,4.966,-3.94,-0.774,-0.16,-0.15,4.476,-0.828,-0.628,182.224,86.872,3.034,-0.038,-1,140.36,128.14,139.74,153.48,-2.34,-0.06,127.486,110.296,-3.442,49.566,8.54,23.292,202.618,201.02,185.818,287.4,21.27,0,96.12,0,13.8,-0.6,-2.4,-2.4,226.6,-0.39,147.27,278.918,271.188,194.288,194.388,-2.2,80.02,90.746,-1.518,53.03,30.088,336.3,-2.6,-0.5,-33.68,553,-1.618,-0.254,0,0,48.724,0,19.6,49.164,-3.058,-1.67,131.474,141.678,603.92,600.18,0,0,-0.342,-2.5,-0.8,-0.8,-1.6,-0.8,10.642,11.32,6.302,-0.014,-0.4,-0.7,-0.4,26.014,142.3,142.3,396.932,388.376,636,458.16,-49.768,-1.966,36.444,0,0,0,0,0,0,0,166.97,277.2,240.378,-0.05,-0.898,188.568,189.088,34.532,26.61,290.31,162.106,33.83,56.54,172.08,296.246,326.694,162.92,203.202
13,83.62,0.232,30.822,51.1,3.912,0.178,2.522,5.048,89.736,91.39,124.892,132.66,8.378,6.636,49.578,88.576,48.454,68.21,-58.704,222.75,-1.8,183.4,27,-3.06,3.024,164.18,96.864,36.78,-8.19,-6.804,-4.032,0,-1.878,20.07,1.504,-0.01,-0.3,131.406,13.614,29.814,-1.32,105.436,86.116,98.414,93.504,-2.9,-0.9,-1.6,-110.8,-273.7,0,-201.1,-262.4,21.268,74.96,54.52,34.408,0,0,0,0,-0.048,0,0,0,0,45.966,25.43,337.846,338.246,-0.044,241.776,0,0,0,25.944,137.86,-0.006,-0.002,-0.042,-0.042,-1.58,-0.04,16.344,-151.1,-152.1,-1.224,19.79,85.784,85.54,85.98,86.46,-0.042,55.058,-0.026,98.98,56.94,36.034,30.628,-2,0,238,0,0,147.492,127.694,149.742,36.542,32.684,142.08,141.9,141.76,138.36,-0.002,0,0,-0.012,0,-0.004,78.62,-0.23,503.648,399.896,-57.288,653.256,629.896,106.974,109.776,398.334,393.58,396.152,340.614,435.796,415.234,73.686,588.304,586.792,150.264,-54.588,-2.32,4.868,-4.24,-0.78,-0.16,-0.15,10.348,-0.826,-0.618,180.566,86.428,3.178,-0.038,-0.8,140.94,128.7,141.26,155.48,-2.24,-0.06,128.008,136.634,-3.672,49.946,9.04,22.516,138.918,142.18,40.598,244.4,15.36,0,96.11,0,15.6,-0.6,2.9,-2.3,232,-0.08,17.26,278.898,268.886,194.268,194.248,-2.4,75.286,88.6,-1.532,51.948,30.05,336.3,-2.5,-0.6,-33.76,500.6,-1.62,-0.252,0,0,48.008,0,19.61,49.138,-3.068,-1.656,131.496,141.754,604.36,600.3,0,0,-0.272,-2.6,-0.8,-0.8,-1.6,-0.9,17.128,13.074,8.7,-0.012,-0.4,-0.6,-0.4,26.004,112,112,397.052,388.276,636.08,456.624,-49.672,-1.976,36.254,0,0,0,0,0,0,0,155.258,227.66,195.958,0.062,0.702,184.708,187.548,34.514,26.64,291.14,163.78,35.47,57.658,172.942,297.466,326.694,162.84,203.002
14,79.12,6.974,31.414,53.42,50.19,2.366,3.3,11.214,95.682,108.974,149.17,152.006,7.014,6.488,49.07,77.15,47.406,65.414,-58.466,222.71,-2,186.8,26.56,-3.06,3.394,144.84,151.546,93.2,-8.064,-7.434,-4.158,0,-2.048,19.976,0.834,-0.008,-0.268,131.204,13.616,28.684,-1.32,105.434,86.13,98.412,93.502,-2.8,-0.8,-1.6,43.7,-92.3,0,-37.5,-121.6,22.382,45.59,26.568,34.196,0,0,0,0,159.26,0,0,0,0,52.888,29.39,337.76,338.306,-0.068,241.92,0,0,0,28.14,140.8,1.05,-0.002,-0.022,-0.022,-1.58,-0.02,16.354,-66.3,-153,-1.192,19.534,85.684,85.54,85.78,86.38,-0.042,55.07,-0.026,99.6,56.96,40.712,20.832,-2,0,241.1,0,0,147.692,127.726,149.808,19.386,30.836,142.02,141.9,141.78,138.34,-0.002,0,0,-0.012,0,-0.006,74.2,9.67,502.624,400.048,-57.144,653.128,632.32,106.874,109.736,398.374,393.58,396.092,340.416,435.89,410.062,78.646,588.544,586.44,150.456,-54.562,-2.19,4.524,-4.14,-0.772,-0.16,13.05,10.128,-0.838,-0.63,179.126,86.642,3.368,-0.036,-1,141.58,129.72,141.32,155.66,-2.34,-0.06,127.992,136.802,-3.67,37.304,12.2,23.736,191.218,228.58,106.698,238,17.966,0,95.87,0,16.2,-1.5,100.4,-2.3,235.8,0.03,189.99,278.938,270.126,194.22,194.392,-2.4,78.042,90.514,-1.56,51.506,30.096,336.3,-2.6,-0.6,-33.88,500,-1.616,-0.252,0,0,48.124,0,19.618,49.158,-3.066,-1.634,131.45,141.686,603.24,600.1,0,0,-0.312,-2.4,-0.8,-0.8,-1.6,-0.8,16.06,14.074,8.944,-0.012,-0.6,-0.7,-0.4,26.046,138.4,138.4,397.112,388.656,635.304,448.016,-49.48,-1.986,35.426,0,0,0,0,0,0,0,158.708,230.7,194.7,0.132,0.3,183.908,185.868,34.594,26.578,286.12,162.13,35.7,56.758,173.132,299.826,326.234,162.68,203.142
15,82.4,11.056,32.304,54.56,75.504,4.976,3.376,8.818,94.99,106.966,148.534,147.766,8.516,5.652,50.362,77.044,48.072,67.702,-58.374,222.77,-1.8,238,26.02,-3.06,3.72,60.84,59.976,14.98,-8.19,6.3,-4.032,0,-2.204,19.828,0.592,-0.008,-0.276,131.212,13.608,27.254,-1.31,105.468,86.114,98.436,93.64,-2.9,-0.8,-1.6,-4.2,-5,0,-5.9,-124.5,20.678,-0.558,-0.416,34.19,0,0,0,0,438.14,-0.002,0,0,0,59.052,22.35,337.88,338.306,-0.006,241.774,0,0,0,28.522,139.34,21.04,-0.002,-0.042,-0.042,-1.62,-0.04,16.328,0,-154.4,-0.692,19.844,85.608,85.54,86.08,86.68,-0.042,55.086,-0.026,98.46,56.54,31.156,2.004,-1.9,0,234.5,0,0,147.522,127.692,149.804,16.542,26.632,141.9,141.94,141.68,138.42,-0.002,0,0,-0.012,0,-0.004,73.66,7.21,503.816,400.352,-57.408,650.88,633.44,106.854,109.776,398.274,393.54,396.112,340.792,435.968,410.178,76.19,588.464,586.576,197.438,-54.396,-2.19,4.326,-4.14,-0.776,-0.16,-0.15,14.624,-0.834,-0.624,176.654,86.984,3.016,-0.038,-1,143.08,131.54,140.8,155.14,-2.34,-0.06,127.996,135.022,-3.856,-0.346,13.92,26.186,216.198,249.72,150.258,238.2,16.78,0,96.1,0,16.2,-2.4,219.6,-3.5,226.6,-1.46,97.94,278.838,271.108,194.256,197.488,-2.2,81.62,90.746,-1.456,54.846,30.078,336.3,-2.5,-0.6,-34,485.2,-1.612,-0.254,0,0,48.518,0,19.606,49.146,-3.036,-1.642,131.468,141.736,603.36,600.04,0,0,-0.358,-2.6,-0.8,-0.8,-1.6,-0.7,10.252,10.788,6.372,-0.012,-0.4,-0.6,-0.4,25.712,139.5,139.5,396.932,390.176,636.216,407.32,-49.136,-1.986,36.89,0,0,0,0,0,0,0,150.154,221.44,186.13,-0.074,0.07,179.688,183.388,35.1,26.62,286.32,164.456,34.2,56.59,171.414,299.888,326.274,162.92,203.062
16,78.16,16.02,33.114,49.28,74.994,4.642,3.558,7.7,97.792,112.28,133.72,123.772,11.884,1.566,46.074,90.968,49.006,70.266,-58.482,222.77,-2,397.4,26.46,-3.06,4.942,159.02,115.892,79.36,-8.064,152.082,-4.158,0,-1.994,20.136,0.494,-0.008,-0.112,131.084,13.616,28.918,-1.32,105.44,86.132,98.434,93.432,-2.9,-0.7,-1.4,-4.3,-5.1,0,-5.9,-24.8,20.382,33.39,37.566,37.86,0,0,0,0,615.16,216.344,0,0,0,61.132,16.15,336.084,338.246,0.42,241.776,0,0,0,28.858,142.04,21.032,18.622,-0.022,-0.042,-1.56,-0.02,16.352,0,-154.1,-0.688,19.636,85.684,85.56,85.8,86.48,-0.042,55.076,-0.024,98.64,56.76,19.096,17.028,-2,0,237.1,0,0,147.64,127.71,149.764,10.892,21.04,141.98,141.92,141.8,138.48,-0.002,0,0,-0.014,0,-0.004,80.76,15.668,503.816,400.608,-57.376,650.136,632.432,106.914,109.696,398.434,393.6,396.092,340.388,435.958,415.172,75.474,587.256,586.784,201.452,-51.81,-2.21,4.522,-4.04,-0.75,-0.16,32.12,14.618,-0.846,-0.632,183.21,87.074,2.864,-0.036,-1,141.2,132.04,139.9,154.98,-3.26,-0.04,127.992,134.494,-3.832,38.47,10.68,31.06,216.218,240.76,220.178,237.6,18.622,0,96.09,0,66.2,-5,219.2,51,240.6,0.01,188.84,278.938,271.228,194.214,197.628,-2.4,81.58,90.748,-1.596,58.27,30.074,336.4,-2.6,-0.5,-33.96,491,-1.614,-0.252,0,0,48.704,0,19.624,49.08,-3.004,-1.636,131.456,141.7,603.36,600,0,0,-0.31,-2.5,-0.8,-0.8,-1.5,-0.9,8.596,9.832,6.27,-0.014,-0.4,-0.7,-0.4,25.746,137.5,137.5,397.852,390.156,635.832,406.504,-49.088,-1.986,36.254,0,0,0,0,0,0,0,251.396,226.2,190.526,0.024,0.174,189.208,191.428,38.124,26.638,289.032,169.184,32.19,56.154,172.938,299.806,324.814,162.84,203.122
17,75.24,24.484,32.788,51.82,70.496,3.384,3.534,7.116,98.458,112.702,131.594,118.722,13.36,1.864,49.12,77.328,47.966,71.29,-58.618,222.79,-1.8,182.8,27,-3.06,3.586,172.18,174.648,122.1,-8.064,228.186,-4.032,0,-2.088,20.138,0.738,-0.008,2.25,131.878,12.922,29.554,-1.3,105.464,86.126,98.406,93.642,-2.9,-0.8,-1.6,19.2,-5,0,-91.3,-113.6,19.904,54.58,39.58,38.344,0,0,0,0,497.28,408.774,0,0,0,60.076,11.084,195.622,228.868,0.36,241.774,0,0,0,29.282,141.6,10.124,10.028,-0.042,-0.022,-1.6,-0.04,16.332,0,-154.7,-0.688,19.93,85.666,85.62,86,86.5,-0.042,55.08,-0.024,97.28,55.84,22.356,11.244,-2,0,232.4,0,0,147.538,127.69,149.878,10.004,17.98,142.04,141.82,141.76,138.34,-0.002,0,0,-0.012,0,-0.004,88.36,18.828,504.44,400.32,-57.64,652.264,634.544,106.934,109.816,398.294,393.7,396.132,340.258,435.778,415.37,75.992,587.208,586.352,309.372,-52.05,-2.21,3.998,-4.14,-0.756,-0.16,39.35,17.312,-0.842,-0.628,114.502,34.834,3.21,-0.038,-0.8,139.54,131.66,137.54,153.8,-3.24,-0.06,127.89,134.656,-4.022,49.764,9.8,34.256,205.718,244,214.998,142,20.744,0,96.12,0,100.8,29.4,219.4,217.2,222,0.02,11.62,278.838,271.166,194.246,197.692,-2.4,81.498,90.746,-1.578,58.188,30.078,336.3,-2.5,-0.6,-34.08,236.532,-1.636,-0.254,0,0,48.476,0,19.106,46.518,-3.008,-1.634,131.452,141.688,603.22,600.14,0,0,-0.31,-2.6,-0.7,-0.8,-1.6,-0.8,6.428,7.932,5.206,-0.014,-0.6,-0.6,-0.4,25.394,125,125,406.352,389.896,636.184,404.832,-49.344,-2.044,36.468,0,0,0,0,0,0,0,153.414,217.14,30.016,-0.214,-0.056,187.548,189.048,38.088,26.61,286.43,174.262,34.04,56.152,170.76,224.706,179.694,162.9,202.982
18,80.44,21.008,32.244,54.5,70.604,4.054,3.612,7.628,79.402,87.378,122.882,124.596,10.47,1.922,46.166,68.568,45.142,71.408,-58.986,222.75,-2,173.2,25.8,-3.06,4.752,173.72,171.218,123.88,-8.442,226.044,-4.158,0,-1.992,20.168,0.358,-0.008,0.498,133.042,11.338,29.386,-1.31,105.452,86.144,98.412,93.556,-2.9,-0.8,-1.6,-4.2,-5.1,0,-6,-5,23.224,50.62,36.278,37.93,0,0,0,0,490.94,509.71,0,0,0,55.036,8.026,282.028,337.568,0.056,241.63,0,0,0,32.396,143.28,20.188,20.952,-0.022,-0.042,-1.6,-0.02,16.33,0,-154.8,-0.688,19.866,85.606,85.52,86,86.52,3.474,55.11,-0.024,90.34,55.8,27.168,14.7,-2,0,232.2,0,0,147.48,127.702,149.748,18.178,24.784,141.92,141.94,141.76,138.44,-0.002,0,0,-0.012,0,-0.004,83.8,18.746,503.624,399.912,-57.72,652.44,634.936,106.854,109.676,398.314,393.48,396.152,340.494,435.874,415.196,80.512,587.968,585.616,354.514,-53.696,-2.19,3.77,-4.13,-0.722,-0.17,39.14,13.522,-0.834,-0.634,182.276,86.51,3.61,-0.038,-1,136.94,128.46,133.82,149.84,-2.64,-0.06,127.772,134.564,-4.026,50.188,5.06,30.002,195.038,232.46,194.918,-3.6,22.632,0,96.1,0,212,100.2,219.4,219.4,221,-1.48,0.79,278.938,271.086,194.258,197.73,-2.4,78.66,90.746,-1.556,57.268,30.066,336.3,-2.5,-0.6,-34.1,-6.918,-1.634,-0.244,0,0,45.298,0,17.662,35.028,-3.01,-1.63,131.44,141.712,603.46,599.94,0,0,-0.308,-2.7,-0.8,-0.8,-1.6,-0.8,7.59,6.918,7.406,-0.014,-0.4,-0.7,-0.4,25.882,142.1,142.1,406.512,393.016,636.008,406.616,-49.288,-2.076,33.484,0,0,0,0,0,0,0,145.352,216.06,-9.824,-0.192,-0.076,187.028,188.948,38.082,26.252,286.094,172.82,34.22,56.378,169.912,299.886,275.394,162.9,203.162
19,76.72,17.816,32.68,53.48,71.172,3.242,3.624,5.09,65.024,70.826,113.894,118.826,6.754,-0.704,43.9,72.284,40.604,70.578,-59.132,222.73,-1.8,174,24.16,-3.06,2.974,174.94,166.458,123.98,-8.946,226.548,-4.158,0,-1.884,20.104,0.29,-0.008,2.03,132.252,11.328,30.072,-1.33,105.442,86.086,98.444,93.49,-2.8,-0.8,-1.5,-4.3,-1.4,0,-6,-86.7,23.096,45.38,36.698,38.226,0,0,0,0,390.66,455.704,0,0,0,58.482,8.764,337.846,338.286,0.34,241.774,21.72,22.332,0,33.836,142.54,12.334,12.734,-0.042,-0.022,-1.58,-0.04,16.324,0,-154.7,-0.688,19.994,85.606,85.58,85.88,86.5,98.306,55.104,-0.024,97.96,56.14,24.606,14.312,-2,0,231.2,0,0,147.452,127.706,149.828,15.676,30.528,142.02,141.94,141.72,138.34,-0.002,0,0,-0.012,0,-0.006,79.62,14.088,504.248,400.304,-57.768,650.904,632.936,106.854,109.796,398.374,393.62,396.092,340.638,435.972,415.222,79.406,587.496,585.208,249.798,-54.586,-2.16,5.244,-4.14,-0.73,-0.16,41.47,11.59,-0.83,-0.632,178.342,87.08,3.18,-0.038,-1,136.86,128.24,135,149.34,-2.74,-0.06,127.682,134.534,-4.12,50.074,2.06,30.576,166.458,210.06,168.398,-4.4,22.78,0,96.08,0,220,244.4,219.8,219.6,221.8,0.02,60.82,278.838,271.248,194.216,197.728,-2.4,77.24,90.584,-1.526,58.3,30.084,336.4,-2.8,-0.6,-36.26,-4.756,-1.658,-0.25,0,0,38.6,0,13.454,28.914,-2.988,-1.638,131.468,141.7,603.44,599.96,0,0,-0.304,-2.7,-0.8,-0.8,-1.6,-0.8,6.086,6.412,6.184,-0.014,-0.4,-0.7,-0.4,26.056,142.2,142.2,405.532,394.516,636.56,405.04,-49.272,-2.076,31.11,0,0,0,0,0,0,0,146.21,113.32,-9.34,-0.17,-0.06,190.548,190.568,38.102,26.608,273.164,159.84,33.47,56.056,170.574,299.846,325.794,162.84,203.142
20,56.84,15.94,32.754,51.56,71.294,0.984,3.43,4.386,51.714,50.156,94.368,92.498,1.728,-0.89,44.564,72.286,43.284,70.752,-58.934,221.43,-1.8,173.4,23.62,-3.06,1.604,165.58,154.62,123.82,-8.946,226.548,-4.032,0,-2.09,20.172,0.274,-0.008,4.094,131.316,9.344,29.496,-1.33,105.458,86.15,98.396,93.594,-2.9,-0.8,-1.6,-4.2,-0.5,0,-6,-0.3,22.258,41.82,35.13,35.766,0,0,0,0,350.2,443.69,0,0,0,61.62,8.744,337.928,338.286,0.94,241.774,22.556,22.974,0,33.242,134.94,20.238,20.952,-0.042,-0.042,-1.64,-0.02,16.322,0,-24.5,-0.462,20.004,85.666,85.58,85.88,86.52,13.046,55.004,-0.024,97.46,56.48,18.864,14.276,-2,0,229.4,0,0,147.582,127.702,149.79,12.626,29.338,142,141.88,141.84,138.46,-0.002,0,0,-0.012,0,-0.006,84.02,11.316,504.04,400.44,-57.768,651.088,637.48,106.914,109.776,398.294,393.58,396.292,340.604,435.882,415.1,72.716,587.68,586.096,200.224,-54.208,-2.15,5.432,-4.14,-0.744,-0.16,40.94,12.038,-0.828,-0.624,185.922,87.168,3.06,-0.036,-1.2,139.12,131.96,137.74,152.8,-2.34,-0.06,128.008,135.55,-4.116,50.32,1.92,32.566,141.658,200.54,165.338,-4.6,19.06,0,96.07,0,234.6,332,240,222.6,239.2,-0.01,195.55,278.878,271.308,194.29,197.664,-2.4,80.494,90.746,-1.576,58.888,30.074,336.3,-3.1,-0.6,-37.02,-4.1,-1.652,-0.256,0,0,29.226,0,9.77,20.006,-2.99,-1.636,131.458,141.718,603.32,600.38,0,0,-0.308,-2.5,-0.8,-0.8,-1.5,-0.8,3.438,3.842,3.746,-0.014,-0.4,-0.6,-0.4,25.88,142.3,142.3,406.19,390.176,635.952,403.472,-52.24,-2.082,36.618,0,0,0,0,0,0,0,145.726,0,-4.846,-0.126,-0.054,190.808,190.488,38.064,26.364,275.82,160.056,34.89,55.656,171.754,299.866,326.474,162.68,203.142
21,62.12,6.034,32.82,54.64,71.366,1.306,3.496,2.696,48.836,43.52,72,54.278,3.05,-0.808,48.082,72.706,44.3,71.41,-58.826,214.67,-2,173.4,21.54,-3.06,1.322,169.82,161.492,124.04,-8.946,225.162,-4.158,0,-1.976,20.202,0.216,-0.008,7.192,121.226,9.054,18.398,-1.35,105.438,86.096,98.428,91.042,-2.9,-0.8,-1.5,-4.3,-0.5,0,-6.1,-0.2,20.97,43.12,35.62,39.966,0,0,0,0,386.9,446.96,0,0,0,61.142,8.062,337.656,338.186,0.74,241.774,0,0,0,32.904,138.68,20.206,20.96,-0.022,-0.022,-1.6,-0.04,16.316,2.1,0,-0.186,19.976,85.666,85.48,86,86.52,10.886,55.084,-0.024,93.86,55.42,13.546,9.202,-2,0,228.8,0,0,147.502,127.702,149.824,15.014,28.23,141.94,141.84,141.74,138.38,-0.002,0,0,-0.012,0,-0.006,87.72,6.836,504.408,400.496,-57.864,652.872,638.824,106.934,109.736,398.354,393.54,396.032,340.496,435.942,415.188,74.2,587.48,585.264,200.638,-50.798,-2.15,3.774,-4.04,-0.722,-0.16,39.13,22.596,-0.824,-0.622,186.606,87.284,2.682,-0.038,-1,140.8,133.58,140.48,155.96,-2.36,-0.04,128.018,128.426,-4.158,50.102,0.58,34.66,120.838,193.22,157.298,-4.4,16.858,0,96.09,0,324.4,322.6,253.6,237.8,396.6,0.01,193.23,278.898,271.286,194.2,197.386,-2.4,78.528,90.748,-1.496,59.624,30.096,336.4,-3.2,-0.6,-36.98,-3.518,-1.632,-0.258,0,0,18.144,0,7.322,17.324,-2.98,-1.638,131.47,141.734,603.72,599.8,0,0,-0.304,-2.7,-0.8,-0.8,-1.6,-0.8,2.572,2.532,1.996,-0.014,-0.4,-0.7,-0.4,26.078,142.3,142.3,405.352,390.116,636.072,401.888,-54.672,-2.094,36.128,0,0,0,0,0,0,0,144.35,0,-4.612,-0.17,-0.088,188.048,190.628,37.94,26.256,284.19,161.83,34.99,55.162,170.22,299.426,326.854,162.8,203.182
22,64.92,5.426,32.486,55,71.304,3.096,3.508,7.02,34.102,36.366,50.49,46.68,11.458,0.532,49.538,63.602,42.57,68.54,-58.746,214.61,-1.8,178.2,24.82,-3.06,1.808,169.44,159.146,123.82,-8.064,225.792,-4.032,0,-2.044,20.188,0.052,-0.008,10.254,115.148,9.032,12.394,-1.64,105.438,86.126,98.406,92.436,-4.1,-0.7,-1.5,-4.2,-0.5,0,-6,-0.3,19.346,47.88,36.184,37.824,0,0,0,0,419.4,415.876,0,0,0,62.124,8.524,337.982,338.406,0.58,241.776,0,0,0,33.91,134.12,20.214,20.964,-0.042,-0.042,-1.6,-0.02,16.324,148.6,0,-0.634,19.696,85.606,85.64,85.86,86.4,16.252,55.11,-0.024,93.9,55.94,17.28,10.176,-2,0,229.2,0,0,147.526,127.708,149.802,19.378,29.804,142,141.96,141.82,138.4,-0.002,0,0,-0.012,0,-0.006,87.28,8.452,504.416,400.12,-57.864,651.632,638.2,106.874,109.776,398.294,393.62,396.152,340.412,435.758,415.188,80.24,587.488,585.264,155.656,-50.512,-2.14,3.992,-4.04,-0.748,-0.16,37.56,22.532,-0.824,-0.624,183.328,87.052,2.434,-0.036,-1,140.5,133.36,141.28,156.6,-2.24,-0.06,127.968,119.332,-4.124,49.922,5.18,35.192,122.238,169,142.318,-4.6,17.056,0,94.62,0,292,329.4,259.8,274.2,376.4,0.01,193.72,278.778,271.186,194.23,197.8,-2.2,79.57,90.746,-1.77,59.754,30.074,336.3,-3.1,-0.6,-36.7,-3.276,-1.628,-0.254,0,0,15.398,0,6.178,15.78,-2.974,-1.628,131.452,141.68,603.2,600.42,0,0,-0.306,-2.5,-0.8,-0.8,-1.6,-0.8,5.716,4.658,3.368,-0.014,-0.4,-0.7,-0.4,25.994,142.3,142.3,405.132,390.076,636.072,405.648,-55.72,-2.086,35.896,0,0,0,0,0,0,0,145.434,0,-4.536,-0.134,-0.064,190.928,190.468,37.72,26.502,279.99,143.454,35.14,54.314,171.086,299.386,325.514,160.96,203.182
23,69.22,8.52,33.104,54.74,71.232,4.24,3.432,5.572,49.374,63.838,53.086,57.488,16.276,3.726,46.172,73.944,47.132,71.274,-59.556,219.11,-1.8,191.2,24.7,-3.06,4.174,168.48,163.356,124.04,-7.938,220.626,-4.158,0,-2.074,12.94,0.142,-0.008,10.044,124.014,9.026,12.456,-2.11,105.418,86.134,98.45,93.638,-3,-0.8,-1.5,-4.3,-0.4,0,-6,-0.2,22.916,58.14,36.24,37.362,0,0,0,0,497.2,462.876,0,0,0,61.552,11.204,337.78,338.306,1.38,241.774,0,0,0,33.786,130.94,20.196,20.944,-0.022,-0.042,-1.6,-0.04,16.312,3.3,0,-0.204,15.856,85.664,85.58,85.92,86.6,42.324,55.084,-0.024,95.48,55.4,15.214,3.816,-2,0,228.4,0,0,147.502,127.504,149.776,21.132,26.208,141.84,141.76,141.68,138.36,-0.002,0,0,-0.012,0,-0.004,87.54,9.09,504.952,400.464,-58.08,655.824,638.16,106.894,109.736,398.434,393.58,396.092,340.642,436.144,415.022,94.646,587.52,585.984,150.232,-50.314,-2.15,2.68,-4.14,-0.776,-0.16,37.92,18.514,-0.83,-0.622,170.296,87.014,3.054,-0.038,-1,139.76,132.08,141.34,156.52,-2.34,-0.06,127.994,132.418,-4.13,49.252,7.14,35.696,139.438,124.7,127.758,-4.6,19.844,0,96.04,0,371.2,379.6,316.6,384.6,385.4,-0.01,194.74,278.058,270.408,194.302,197.674,-2.4,80.338,90.714,-1.764,58.454,30.072,336.3,-3.1,-0.6,-36.7,-3.062,-1.63,-0.244,0,0,14.392,0,6.478,16.058,-2.96,-1.626,131.448,141.728,603.14,599.8,0,0,-0.304,-2.6,-0.8,-0.8,-1.6,-0.8,9.544,6.116,5.252,-0.014,-0.2,-0.7,-0.4,25.928,142.3,142.3,406.312,390.296,636.432,405.208,-55.712,-2.046,36.042,0,0,0,0,0,0,0,140.466,0,-4.574,-0.366,-0.226,188.608,186.408,37.884,26.376,279.408,156.428,34.31,54.99,169.554,299.826,326.754,162.96,203.162
24,63.66,7.438,33.46,54.46,71.324,4.404,3.352,10.372,81.716,99.978,85.716,97.518,16.738,7.216,42.506,78.876,51.94,71.32,-59.456,221.45,-2,177,26.24,-3.06,5.718,163.78,165.592,121.32,-8.064,232.722,-4.032,0,-1.874,9.542,0.96,-0.008,13.008,126.368,9.052,12.454,-2.15,105.44,86.12,98.382,93.42,-2.9,-0.7,-1.6,2.5,-0.5,0,-5.9,-0.3,23.444,55.5,35.286,39.614,0,0,0,0,408.76,420.286,0,0,0,62.292,14.344,337.828,338.226,2.42,241.918,0,0,0,33.95,136.44,20.25,20.982,-0.042,-0.022,-1.56,-0.02,16.332,0,0,-0.146,7.022,85.764,85.58,85.96,86.44,10.856,55.03,-0.024,99.18,56.9,7.182,4.926,-2,0,235.6,0,0,147.486,127.636,149.812,33.258,26.586,141.98,141.08,141.7,138.38,-0.002,0,0,-0.012,0,-0.004,85.12,8.94,504.72,400.36,-57.816,653.92,636.496,106.854,109.736,398.234,393.56,396.112,340.324,435.792,414.858,87.854,587.936,585.92,150.472,-51.136,-2.14,4.022,-4.04,-0.782,-0.16,36.99,23.814,-0.822,-0.63,163.316,86.504,3.432,-0.038,-1,141.14,133.66,141.34,156.52,-2.26,-0.04,128.016,136.716,-4.112,48.682,8.42,34.58,223.858,147.38,152.138,-4.4,21.564,0,96.09,0,309.4,303.4,261.6,306,422.4,0,195.55,278.238,270.228,194.216,197.702,-2.4,76.248,90.128,-1.666,58.362,30.094,336.4,-3.1,-0.6,-37.08,-3.022,-1.612,-0.244,0,0,17.48,0,6.44,13.174,-2.982,-1.624,131.46,141.716,603.58,600.48,0,0,-0.306,-2.5,-0.8,-0.8,-1.6,-0.8,12.746,10.026,7.008,-0.014,-0.4,-0.7,-0.4,25.528,142.2,142.2,405.55,389.916,635.576,405.328,-55.352,-1.956,35.144,0,0,0,0,0,0,0,152.476,0,-4.49,-0.036,-0.01,189.748,189.748,38.07,26.264,289.256,159.826,34.87,54.858,173.4,299.846,326.794,162.82,203.102
25,71.48,9.84,32.73,52.32,72.288,3.878,2.942,16.674,90.086,90.468,116.704,109.512,20.624,13.872,40.024,79.162,49.4,70.696,-59.416,221.49,-1.8,177.2,25.14,-2.88,5.85,160.68,162.172,118.94,-7.938,233.982,-4.158,0,-1.962,7.75,1.202,-0.008,9.1,123.15,9.03,12.39,-2.15,105.472,86.11,98.444,90.898,-2.9,-0.8,-1.5,66.6,-0.5,0,-2.6,-0.2,25.216,54.78,38.752,41.482,0,0,0,0,378.16,455.93,0,0,0,56.398,18.384,337.764,338.346,1.84,241.774,0,0,0,33.456,136.78,20.25,20.988,-0.022,-0.042,-1.6,-0.04,16.342,0,0,-0.142,5.804,85.668,85.66,82.3,86.6,1.904,55.04,-0.024,99.46,56.8,10.552,15.178,-2,0,236.6,0,0,147.506,127.6,149.75,37.982,34.054,142.06,141.9,141.82,138.5,-0.002,0,0,-0.012,0,-0.004,58.26,11.164,504.28,400.024,-57.784,655.504,637.312,106.914,109.716,398.354,393.54,396.212,340.476,435.9,414.912,82.202,587.744,585.472,196.452,-51.694,-2.13,4.366,-4.14,-0.746,-0.16,36.5,19.99,-0.824,-0.63,168.33,75.958,3.592,-0.036,-1,141.78,134.02,140.02,156.52,-2.34,-0.06,127.986,136.304,-4.098,49.676,12.82,27.056,224.938,155.8,161.378,-4.4,22.408,0,95.88,0,342.6,301.4,339.4,318.2,260.8,0.03,198.36,278.958,269.986,194.294,197.608,-2.4,70.062,83.162,-1.574,57.68,30.06,336.4,-3.1,-0.6,-37.12,-3.016,-1.614,-0.25,0,0,14.648,0,4.75,7.992,-2.992,-1.618,131.488,141.686,603.22,599.88,0,0,-0.31,-2.5,-0.8,-0.8,-1.5,-0.8,17.178,13.348,10.746,-0.014,-0.4,-0.7,-0.4,25.96,141.9,141.9,396.572,389.956,635.216,407.912,-55.24,-1.956,34.06,0,0,0,0,0,0,0,154.456,0,-4.596,-0.056,-0.004,190.908,190.588,38.068,26.584,257.108,147.898,34.71,54.492,173.394,299.868,326.374,162.5,203.082
26,66.16,12.076,31.498,51.34,74.672,3.612,3.08,14.09,81.598,75.416,113.116,103.566,20.196,15.17,35.994,70.906,48.526,69.268,-59.328,217.89,-1.8,212,24.16,-3.06,8.834,158.02,154.612,121.5,-7.938,236.376,-4.032,0,-1.88,5.108,1.692,-0.008,4.838,122.596,9.004,12.304,-2.18,105.434,86.14,98.41,90.99,-2.8,-0.7,-1.6,4.4,-0.5,0,-1.3,-0.3,23.58,54.84,46.356,42.212,0,0,0,0,332.02,432.394,0,0,0,54.796,22.208,337.768,338.266,0.84,241.774,0,0,0,34.262,139.18,20.268,20.984,-0.042,-0.022,-1.6,-0.02,16.346,0,0,-0.15,7.388,85.724,85.5,83.84,86.44,-0.042,55.052,-0.024,99.76,57.06,20.12,19.49,-2,0,239.3,0,0,146.044,127.634,148.904,42.998,53.85,141.92,141.92,141.74,138.3,-0.002,0,0,-0.012,0,-0.006,58.06,10.888,504.96,400.616,-57.768,653.928,636.752,106.894,109.816,398.294,393.6,396.052,340.498,435.782,415.21,78.998,587.784,586.568,200.23,-52.066,-2.15,4.172,-4.04,-0.74,-0.16,36.57,35.602,-0.82,-0.624,161.482,56.964,3.372,-0.038,-1,141.86,133.98,141.3,156.48,-2.34,-0.06,127.824,137.026,-4.13,46.366,11.44,23.838,232.778,192.12,194.918,-4.8,20.534,0,93.91,0,356.4,306.4,380.2,417.4,258.2,0,195.72,278.898,270.468,194.252,197.76,-2.4,77.452,88.946,-1.538,52.532,30.094,336.3,-3.1,-0.5,-37.14,-3.02,-1.614,-0.25,0,0,13.11,0,4.964,9.488,-3.018,-1.616,131.446,141.704,603.22,600.28,0,0,-0.33,-2.6,-0.8,-0.7,-1.6,-0.8,18.698,18.86,14.292,-0.014,-0.4,-0.7,-0.3,26.034,141.1,141.1,405.61,390.216,635.072,407.36,-55.104,-1.956,35.022,0,0,0,0,0,0,0,156.904,0,-4.506,-0.064,0.006,190.988,190.508,37.504,26.578,150.564,98.676,33.84,48.952,173.14,299.846,326.274,160.9,203.202
27,51.96,6.372,25.554,51.92,68.452,2.158,2.986,11.696,79.918,89.56,94.606,94.05,15.252,15.442,39.216,46.786,42.884,71.36,-59.262,225.71,-2,206.6,23.4,-3.6,6.666,160.98,144.488,103.84,-8.064,233.604,-4.158,0,-2.058,5.28,2.006,-0.008,3.448,117.274,8.466,12.332,-2.18,105.448,86.128,98.428,90.844,-2.9,-0.8,-1.5,82.8,-0.5,0,-1.3,-0.2,18.328,63.42,46.756,38.018,0,0,0,0,439.12,484.796,0,0,0,35.55,24.448,337.86,338.226,0.56,241.918,1.594,1.798,1.288,31.548,129.02,20.256,20.994,-0.042,-0.042,-1.58,-0.04,16.338,134.2,0,-0.616,5.434,85.666,85.54,85.9,86.48,1.09,50.744,-0.024,99.44,56.88,21.894,10.296,-2,0,236.3,0,0,146.85,127.63,149.584,36.498,38.008,141.94,141.86,141.74,138.48,-0.002,0,0,-0.012,0,-0.004,55.56,14.178,504.72,401.376,-57.816,655.496,634.384,106.894,109.736,398.354,393.46,396.112,340.242,435.938,415.218,64.022,587.976,586.96,200.664,-51.706,-2.15,4.262,-4.14,-0.746,-0.16,35.89,25.266,-0.816,-0.62,167.008,55.312,2.69,-0.038,-1,141.8,134,141.3,156.58,-2.24,-0.06,127.986,136.74,-4.12,34.59,10.5,31.946,241.038,196.16,193.978,-4.6,17.196,0,95.71,0,425,427.2,422.2,415.8,422,-0.02,198.39,278.418,270.868,194.234,197.62,-2.2,78.53,89.924,-1.662,46.302,29.58,336.4,-3.1,-0.6,-37.14,-3.152,-1.598,-0.25,0,0,11.766,0,4.604,9.458,-3.03,-1.618,131.482,141.684,603.6,600.08,0,0,-0.354,-2.5,-0.9,-0.8,-1.6,-0.8,15.432,14.544,14.314,-0.014,-0.4,-0.7,-0.4,25.722,140.2,140.2,406.352,390.116,633.744,405.336,-55.12,-1.956,31.028,0,0,0,0,0,0,0,153.998,0,-5.386,-0.078,-0.014,188.708,190.208,32.136,25.42,68.956,35.94,34.55,38.228,173.516,299.826,326.854,162.42,203.062
28,48.02,5.918,24.664,37.68,34.568,2.2,3.89,20.296,76.986,79.526,97.304,96.514,16.256,17.54,46.312,29.688,31.484,70.904,-58.644,229.81,-1.8,177.4,25.04,-4.32,7.61,147.78,125.184,97.2,-7.938,235.746,-4.032,0,-1.876,4.342,1.862,-0.01,2.726,43.398,5.602,12.096,-2.18,105.438,86.094,98.416,90.912,-2.9,-0.8,-1.5,84.2,-0.5,0,-1.3,-0.3,17.316,65.8,46.342,25.898,0,0,0,0,421.26,425.808,0,0,0,33.216,24.03,337.868,338.346,0.48,249.262,24.07,24.052,24.04,28.292,130.44,20.268,20.996,-0.022,-0.022,-1.64,-0.02,16.34,148.6,0,-0.626,5.188,85.664,85.6,85.52,86.48,10.888,45.164,-0.024,99.5,56.96,16.866,3.826,-2.1,0,251.3,0,0,146.172,127.532,148.622,35.52,26.544,142.04,141.92,141.74,138.4,-0.002,0,0,-0.012,0,-0.006,54.2,20.024,504.792,401.064,-57.704,654.384,632.784,106.894,109.716,398.334,393.6,396.232,387.412,436.006,415.18,36.518,587.856,586.304,200.444,-51.568,-2.17,3.902,-4.14,-0.744,-0.16,35.36,21.2,-0.812,-0.616,169.692,64.1,2.246,-0.036,-1,141.7,133.92,137.7,156.44,-2.34,-0.06,127.99,136.742,-4.128,16.188,14.64,28.962,236.258,175.2,174.098,-4.8,11.066,12.964,96.05,0,421.4,416.4,417.8,361.6,421.8,-0.02,196.99,277.618,270.728,194.198,197.676,-2.4,79.568,90.24,-1.684,51.804,28.958,336.4,-3.1,-0.6,-37.36,-3.078,-1.61,-0.25,0,0,13.848,0,5.868,12.726,-3.028,-1.616,131.458,141.734,603.76,600.52,0,0,0.126,-2.7,-0.9,-0.7,-1.5,-0.9,12.134,14.864,11.948,-0.014,-0.4,-0.7,-0.4,25.414,138.8,138.8,406.052,392.016,630.856,403.168,-53.168,-1.956,26.896,0,0,0,0,0,0,0,156.434,0,-9.69,-0.074,-0.01,190.988,190.008,23.698,25.232,52.796,22.576,34.87,31.176,173.42,299.788,326.294,160.22,203.102
29,49.2,3.95,23.996,44.66,36.66,2.392,3.156,16.238,90.066,96,91.488,99.204,21.12,18.426,45.548,24.394,25.754,69.618,-59.296,233.31,-1.8,196,26.78,-4.68,6.864,129.36,111.476,105.56,-7.938,238.644,-4.158,0,-1.81,4.026,2.802,-0.008,3.144,86.336,9.404,8.494,-2.17,105.43,86.124,98.444,91.454,-2.9,-0.7,-1.5,169.7,-0.5,0,-1.3,-0.2,13.162,63.58,45.85,13.62,0,0,0,0,341.98,465.272,0,0,0,32.04,21.63,337.778,338.326,0.3,241.774,22.66,22.326,21.93,28.946,120.42,20.278,21.006,-0.042,-0.042,-1.58,-0.04,16.352,148.5,0,-0.636,5.288,85.664,85.58,85.7,86.52,77.874,38.612,-0.026,97.4,57.08,8.95,2.834,-2,0,241.8,0,0,147.5,127.664,149.75,42.092,29.79,141.98,141.9,141.82,138.36,-0.002,0,0,-0.012,0,-0.006,46,20.888,504.824,401.08,-57.552,654.264,631.44,106.914,109.776,398.312,393.62,395.952,430.018,435.842,415.192,42.226,587.688,586.576,200.25,-51.452,-2.22,4.204,-4.04,-0.744,-0.16,31.13,19.834,-0.816,-0.616,163.25,61.122,1.544,-0.038,-1,141.68,133.78,137.8,156.54,-2.34,-0.06,128.012,137.11,-4.13,8.56,13.8,20.634,236.978,181.98,170.038,-4.8,13.038,14.62,96.09,0,369.2,375,345.2,300.2,422.4,-0.02,202.55,277.898,270.866,194.222,197.708,-2.2,74.726,87.116,-1.684,41.88,30.074,336.3,-3.1,-0.6,-36.96,-3.048,-1.612,-0.244,0,0,14.988,0,6.666,14.184,-3.024,-1.618,131.47,141.71,603.66,600.14,0,0,10.254,-2.6,-0.8,-0.8,-1.6,-0.8,16.032,13.68,14.386,-0.014,-0.4,-0.7,-0.5,22.03,138.1,138.1,406.412,393.476,630.456,406.104,-48.592,-1.976,34.592,0,0,0,0,0,0,0,159.514,0.7,54.69,-0.054,0.01,189.728,187.048,33.594,26.654,47.194,18.164,33.48,39.944,173.488,299.826,326.394,161.36,203.122
30,65.3,3.606,27.316,51.74,54.834,2.244,3.276,7.106,112.016,112.088,122.338,135.636,23.194,8.506,37.59,27.234,22.63,67.458,-59.982,235.25,-2,189.4,25.8,64.62,9.106,134.42,111.874,100.22,-7.938,227.43,-4.032,0,-1.814,3.418,2.526,-0.008,4.83,113.222,12.358,8.624,-2.2,105.472,86.12,98.396,93.562,-2.8,-0.8,-1.6,-4.3,-2.3,0,-3.6,-3.3,9.418,63.44,39.026,7.698,0,0,0,0,344.76,548.356,0,0,0,25.842,21.19,337.74,338.246,0.44,241.774,20.878,21.158,21.666,27.656,113.34,20.236,20.968,-0.022,-0.042,-1.62,-0.02,16.338,148.6,0,-0.642,4.484,85.526,85.64,86.04,86.54,52.076,35.242,-0.024,95.28,56.6,9.176,9.658,-2,0,231.2,0,0,147.366,127.636,149.814,34.638,37.336,141.98,141.76,141.12,138.4,-0.002,0,0,-0.012,0,-0.006,42.14,9.922,505.096,401.2,-57.752,654.6,634.288,106.914,109.736,395.034,393.58,396.212,429.65,435.812,414.67,45.094,588.464,586.72,200.634,-51.856,-2.24,4.496,-4.13,-0.746,-0.17,31.22,11.712,-0.816,-0.618,176.872,35.692,1.206,-0.038,-1,141.9,134,137.82,156.56,-2.32,-0.08,127.932,136.084,-4.128,4.826,19.7,25.284,283.498,227.32,202.838,-5,12.496,14.69,96.09,0,382.2,338.4,364.6,302.4,421.4,0,201.92,277.178,268.148,194.356,197.714,-2.4,77.934,90.354,-1.67,38.622,30.076,336.4,-3.3,-0.6,-37.68,-3.02,-1.622,-0.252,0,0,15.476,0,10,23.412,-3.014,-1.614,131.472,141.724,603.8,600.52,0,0,8.728,-2.6,-0.9,-0.8,-1.6,-0.8,18.382,15.218,15.768,-0.014,-0.4,-0.6,-0.4,18.802,126.2,126.2,406.352,399.256,631.952,408.072,-48.712,-1.936,36.726,0,0,0,0,0,0,0,147.222,82.8,155.726,-0.122,-0.046,190.928,189.548,36.016,26.608,43.534,10.776,34.44,41.538,173.51,299.846,320.694,162.04,202.482
31,76.66,3.01,25.28,42.46,37.254,2.352,3.134,9.714,99.988,95.254,130.918,139.834,26.438,21.406,25.28,20.58,16.498,70.74,-60.662,237.43,-1.8,178,24.94,98.64,9.368,129.84,87.472,88.48,-8.064,228.564,-4.158,0,-1.92,3.116,1.956,-0.008,6.094,78.952,10.088,10.184,-2.21,105.426,86.11,98.402,93.676,-2.9,-0.8,-1.5,-4.2,236.1,0,245.8,176,6.992,63.92,30.952,13.23,0,0,0,0,360.66,440.61,0,0,0,24.608,30.21,337.8,338.246,0.5,241.774,0,0,0,19.826,92.3,20.24,20.986,-0.042,-0.022,-1.56,-0.04,16.332,14.2,0,-0.234,3.016,85.886,85.58,85.9,86.3,-0.042,30.754,-0.026,96.24,57.04,18.8,27.112,-0.9,0,234.4,0,0,147.51,127.594,149.766,24.286,32.55,141.72,141.74,141.4,138.3,-0.002,0,0,-0.012,0,-0.004,78.7,10.802,504.928,401.24,-57.6,651.096,632.512,106.894,109.796,394.914,393.52,396.19,429.92,436.05,415.22,36.46,589.288,585.952,200.244,-51.816,-2.22,4.08,-4.04,-0.754,-0.16,28.9,6.766,-0.816,-0.616,184.488,38.062,0.622,-0.036,-1,141.8,133.82,137.76,156.44,-2.34,-0.06,127.986,137.006,-4.136,7.414,25.92,36.084,273.158,250.16,234.558,-5,8.222,14.674,95.85,0,307.2,306.4,322,306.6,316.6,0.04,194.72,278.638,268.288,194.126,197.574,-2.2,78.452,90.01,-1.678,42.694,30.084,347.4,-4.5,-0.6,-38.22,-3.042,-1.632,-0.28,0,0,15.864,0,10.924,23.706,-3.02,-1.62,131.438,141.69,603.64,600.5,0,0,7.902,-2.7,-0.9,-0.8,-1.6,-0.8,24.064,21.802,18.864,-0.006,-0.2,-0.7,-0.5,17.226,134,134,406.23,395.016,630.784,407.312,-48.648,-1.926,34.87,0,0,0,0,0,0,0,151.342,186.06,188.538,0.06,0.102,191.048,190.548,35.94,26.578,43.444,13.122,34.96,34.738,173.436,299.826,321.754,160.28,202.902
32,78.48,4.204,28.84,49.66,52.942,2.358,1.534,8.374,88.734,81.564,109.354,123.336,29.19,30.588,31.784,13.63,10.532,71.35,-61.692,238.79,-2,283.8,24.92,218.16,9.5,90.8,55.534,54.34,-8.064,228.69,-4.158,0,-1.71,2.82,4.292,-0.008,5.964,71.074,8.626,9.764,-3.41,105.434,86.128,98.432,93.558,-2.9,-0.8,-1.5,-4.3,300,0,299.1,300.1,4.736,52.54,22.406,9.672,0,0,0,0,391.06,477.76,0,0,0,57.106,38.824,334.784,338.346,0.92,241.774,0,0,0,25.418,80.1,20.228,20.962,-0.022,-0.042,-1.6,-0.02,16.316,143.2,3.7,-0.648,2.844,85.584,85.54,85.72,86.72,-0.042,21.052,-0.026,96.2,57.1,25.332,29.696,-0.6,0,249,0,0,147.27,127.65,149.782,19.636,26.116,141.86,141.86,141.48,138.18,-0.002,0,0,-0.012,0,-0.004,75.1,8.164,505.072,401.44,-57.68,650.24,635.632,106.894,109.736,396.232,393.62,396.07,430.03,435.98,415.166,32.864,588.2,586.696,200.424,-51.952,-2.2,3.802,-4.14,-0.752,-0.16,27.38,6.518,-0.822,-0.62,182.36,31.164,0.718,-0.038,-0.8,141.78,134,137.74,156.54,-2.32,-0.08,128.026,136.982,-4.152,4.908,30.58,30.788,248.618,231.04,226.378,-5.2,6.498,14.564,95.83,0,325.8,339.8,351.8,385,378,0.02,198.05,278.838,270.426,194.268,197.674,-2.6,78.762,89.684,-1.68,36.436,29.64,350.6,3,-0.6,-37.96,-3.04,-1.632,-0.27,0,0,20.184,0,10.924,30.462,-3.016,-1.616,131.49,141.69,603.34,600.24,0,0,11.332,-2.7,-0.9,-0.8,-1.6,-0.9,22.13,26.468,19.726,-0.008,-0.4,-0.7,-0.4,12.194,128.6,128.6,402.21,393.896,631.328,408.68,-48.816,-1.946,23.432,0,0,0,0,0,0,0,145.54,292.3,259.058,-0.14,-0.058,191.008,190.528,34.734,24.772,26.964,13.862,32.2,42.312,173.456,299.906,326.554,159.4,203.242
33,77.04,3.09,27.396,54.42,62.642,2.088,2.174,11.658,92.954,84.508,113.31,138.922,32.164,36.13,32.306,9.308,8.984,71.372,-61.936,238.73,-1.8,392.2,26.9,329.58,9.41,74.96,46.808,32.26,-7.938,245.07,-4.032,0,-1.922,2.094,3.346,-0.008,6.07,73.19,10.81,10.474,-4.55,105.45,86.14,98.42,93.602,-2.9,-0.7,-1.4,-4.2,300.1,0,299.2,300.1,6.886,48.9,22.628,5.712,0,0,0,0,466.82,532.006,0,0,0,57.914,28.566,331.844,338.186,1.48,259.632,4.822,0,0,22.366,82.9,20.258,20.992,-0.692,-0.022,-1.6,-0.04,16.352,127.1,147.7,-1.09,1.198,85.706,85.64,86.1,86.3,-0.042,17.558,-0.024,96.2,57.04,32.076,25.822,-0.6,0,416.5,0,0,147.646,127.688,149.77,16.644,23.7,141.94,141.86,141.76,138.42,-0.002,0,0,-0.012,0,-0.006,68.74,10.94,504.896,400.72,-57.408,649.968,632.184,106.954,109.736,396.234,393.58,396.03,430.054,435.888,415.132,31.038,588.704,585.984,200.256,-51.578,-2.14,4.198,-4.04,-0.776,-0.16,28.14,13.236,-0.824,-0.624,189.008,21.984,0.538,-0.038,-1,141.82,133.96,137.74,156.48,-2.34,-0.06,127.962,136.972,-4.09,5.818,30.96,27.052,238.678,213.9,207.498,-5,5.418,14.756,95.89,0,395.8,432.6,417.2,419.8,423.2,0.06,202.94,278.758,270.966,194.25,197.676,-2.4,69.694,84.46,-1.636,29.042,28.284,351.1,119.7,-0.6,-38.04,-3.002,-1.626,-0.276,0,0,40.896,0,16.076,43.214,-3.158,-1.618,131.418,141.694,603.56,600.54,3.558,2.746,10.816,-2.7,-0.9,-0.8,-1.5,-0.9,13.622,16.512,13.734,-0.012,-0.4,-0.6,-0.5,7.8,111.8,111.8,396.572,408.616,630.616,408.744,-48.656,-1.964,23.25,0,0,0,0,0,0,0,177.266,358.44,282.99,0.194,0.21,190.968,190.548,36.642,24.484,12.866,6.774,33.51,45.876,173.418,299.786,326.854,162.68,203.102
34,70.9,3.108,30.764,47.42,50.242,2.25,2.996,16.588,108.08,107.234,138.952,155.588,25.186,29.08,25.162,9.604,9.134,71.13,-62.286,238.83,-2,292.2,27.32,334.44,7.684,75.92,50.282,28.62,-8.064,233.226,-4.158,0,-1.706,1.856,3.804,-0.008,4.234,59.94,9.46,7.412,-4.58,105.436,86.124,98.416,93.686,-2.8,-0.8,-1.4,274.6,300,0,279.4,300,7.568,52.16,29.02,2.516,0,0,0,0,620.7,590.072,0,0,0,55.214,22.888,325.648,338.306,1.42,280.798,24.112,20.796,22.734,24.164,78.28,20.222,20.97,5.9,4.344,87.76,4.86,16.332,118.6,147.7,-1.098,0.386,85.546,85.54,85.88,86.52,27.81,12.412,-0.026,96.26,57,21.63,20.94,-0.6,0,417.1,0,0,147.328,127.682,149.77,19.418,26.66,141.94,141.94,141.66,138.38,-0.002,0,0,-0.012,0,-0.006,72.88,14.272,504.752,401.04,-57.592,651.856,635.096,106.854,109.816,395.974,393.52,396.25,430.582,435.836,415.172,36.874,588.64,586.336,303.758,-51.792,-2.37,4.938,-4.14,-0.774,-0.16,18.95,14.438,-0.834,-0.628,178.172,15.022,0.752,-0.038,-1,141.84,133.92,137.74,156.42,-2.32,-0.08,128.012,137.004,-4.082,3.456,26.32,25.6,259.918,252.2,237.418,-5,6.47,14.606,95.8,0,421.8,433,417,418.6,423,0.05,203.49,278.718,270.968,194.198,197.67,-2.4,60.552,82.97,-1.726,30.272,29.292,353.2,161.4,-0.5,-38.34,-2.974,-1.624,-0.264,0,0,45.638,0,18.718,46.038,-4.226,-1.628,131.452,141.668,603.42,600.06,40.808,40.744,15.006,-2.5,-0.8,-0.8,-1.6,-0.8,18.352,18.648,16.75,-0.032,-0.4,-0.7,-0.4,17.206,127.9,127.9,389.73,402.556,632.528,408.296,-48.8,-1.956,13.29,0,0,0,0,0,0,0,151.44,356.54,365.778,-0.1,-0.038,191.068,190.548,37.98,19.31,14.316,1.538,32.22,53.694,173.486,299.926,326.614,162.86,203.222
35,65.78,3.606,28.482,37.56,33.014,1.676,2.136,15.666,83.754,75.1,116.868,123.924,16.434,35.934,29.462,11.266,9.752,68.096,-61.68,238.79,-2,336.8,28.22,353.34,8.356,48.8,37.406,17.06,-8.064,233.352,-4.032,0,-1.912,0.148,5.694,-0.008,2.466,60.78,8.58,3.962,-4.58,105.454,86.12,98.41,93.59,-2.9,-0.7,-1.5,300.3,299.9,0,299.1,300,8.642,47.18,30.304,0.344,0,0,0,0,606.54,637.97,0,0,0,38.076,32.19,325.786,338.306,1.96,295.198,24.108,24.038,24.06,30.302,79.68,20.244,20.998,90.392,90.354,89.1,89.48,16.348,148.6,147.9,-1.054,0.026,85.786,85.6,85.8,86.6,98.71,9.866,-0.026,96.14,57.04,19.404,14.996,-0.6,0,424.6,0,0,147.29,127.63,149.716,20.222,24.498,141.34,141.38,141.58,138.38,-0.002,0,0,-0.012,0,-0.004,44.88,21.896,504.232,400.32,-57.488,650.68,631.016,106.934,109.716,396.174,393.58,396.07,430.252,435.974,415.35,49.826,588.744,585.248,356.114,-51.594,-2.52,4.988,-4.24,-0.794,-0.16,15.24,16.368,-0.838,-0.63,147.348,8.828,0.85,-0.038,-1,141.8,133.9,136.42,156.5,-2.34,-0.06,127.97,136.96,-4.116,2.066,18.86,23.954,257.858,230.14,224.258,-5,9.658,14.638,95.9,0,422,433.2,417.4,418.8,423.4,0.04,200.86,278.298,270.886,194.196,197.546,-2.6,72.104,87.648,-1.624,40.346,30.05,352.3,163.4,-0.6,-38.3,-3.486,-1.612,-0.25,0,0,46.796,0,18.904,46.744,-3.308,-1.62,131.422,141.714,602.86,598.48,40.762,40.756,12.172,-2.7,-0.9,-0.7,-1.6,-0.8,26.18,16.762,11.554,-0.064,-0.4,-0.6,-0.4,19.064,133.1,133.1,385.472,391.756,631.384,410.12,-48.648,-1.966,32.096,0,0,0,0,0,0,0,153.786,355.62,348.88,0.134,0.16,190.968,190.528,37.384,26.634,11.228,2.69,34.52,47.348,173.484,299.826,326.814,162.84,203.182
36,81.06,2.362,22.908,28.8,25.764,1.362,2.86,7.564,76.656,77.388,121.384,133.25,9.45,31.37,29.582,10.586,9.276,70.188,-61.518,238.83,-1.8,339,27.54,405.54,11.21,29.92,27.95,37.16,-8.064,225.414,-4.158,0,-1.72,1.152,4.808,-0.008,2.382,61.356,7.784,1.376,-4.53,105.448,86.104,98.408,93.518,-3,-0.8,-1.4,300.3,300,0,239.7,300,7.134,50.7,27.864,-0.36,0,0,0,0,639.96,640.27,0,0,0,35.476,50.39,326.112,338.366,3.46,398.158,24.13,24.044,24.054,30.134,65.98,20.208,20.966,90.372,90.354,89.08,89.3,16.328,148.6,147.9,-1.054,-0.072,85.706,85.54,85.5,86.52,98.702,7.82,-0.024,96.28,57.06,36.306,25.284,-0.5,0,417.6,0,0,146.444,127.552,149.738,20.168,22.236,141.72,141.78,141.72,138.34,-0.002,0,0,-0.012,0,-0.004,48.86,12.882,504.568,399.616,-57.656,653.192,634.856,106.874,109.776,396.294,393.58,396.13,430.04,436.05,415.13,56.546,588.696,586.016,355.688,-52.124,-2.79,5.618,-4.04,-0.806,-0.16,12.12,20.486,-0.836,-0.628,145.556,8.08,0.618,-0.038,-1,141.78,133.9,133.98,156.42,-2.32,-0.08,127.982,136.99,-4.074,1.104,13.74,18.332,243.618,214.78,219.458,-4.8,9.87,14.746,95.9,0,422.4,433.6,417.2,418.8,423.6,0.01,201.84,276.998,269.466,194.246,197.408,-2.4,67.264,82.588,-1.548,37.884,29.632,352.1,163.9,-0.6,-38.56,-3.864,-1.612,-0.256,0,0,41.484,0,17.384,36.164,-3.162,-1.63,131.432,141.642,603.02,598.22,36.584,37.108,11.672,-2.5,-0.9,-0.8,-1.6,-0.9,24.8,13.068,7.622,-0.106,-0.4,-0.7,-0.4,13.654,126,126,384.852,408.256,631.776,409.472,-48.792,-1.956,28.654,0,0,0,0,0,0,0,78.228,405.7,384.606,-0.168,-0.086,190.988,190.508,35.56,25.38,15.058,1.708,33.95,43.378,173.46,299.826,326.794,162.92,203.242
37,82.2,1.832,18.342,21.62,17.63,1.168,2.878,13.886,69.058,69.142,118.482,112.86,13.19,49.302,32.952,7.46,6.718,69.898,-61.154,238.79,-2,299.8,26.46,405.54,15.326,28.48,22.612,85.62,-8.064,223.776,-4.032,0,-1.79,0.646,2.936,-0.008,1.748,45.704,6.796,0.792,-4.22,105.432,86.13,98.444,93.732,-2.9,-0.7,-1.4,300.3,300,0,279.6,300,4.948,53.06,33.102,-0.442,0,0,0,0,529.46,639.68,0,0,0,46.312,40.45,328.348,338.246,3.54,415.006,24.11,24.026,24.064,28.954,64.9,20.204,20.962,90.374,90.356,89.1,89.32,16.32,148.6,147.9,-1.06,-0.064,85.604,85.66,85.92,86.48,98.708,7.964,-0.024,96.18,57.06,40.89,24.438,-0.6,0,416.7,0,0,146.634,127.646,149.234,12.12,16.076,141.94,141.82,141.7,138.42,-0.002,0,0,-0.012,0,-0.004,47.44,15.004,504.048,398.624,-57.72,652.392,635.192,106.954,109.716,396.112,393.58,396.13,429.696,435.804,415.1,48.984,588.088,585.312,355.89,-50.474,-2.72,5.788,-4.14,-0.804,-0.16,17.95,25.74,-0.83,-0.622,149.456,4.916,0.614,-0.038,-0.8,141.82,133.9,134.02,156.36,-2.44,-0.06,128.002,136.972,-4.114,0.472,14.68,18.512,225.338,232.78,224.698,-5,8.608,14.718,95.13,0,422.4,433.4,417.4,419.2,423.4,0.01,201.28,277.378,269.488,194.238,197.872,-2.6,77.756,90.384,-1.522,39.534,28.208,352.2,162.8,-0.6,-38.64,-2.998,-1.622,-0.256,0,0,37.396,0,14.518,26.7,-3.154,-1.634,131.436,139.226,602.86,599.8,0,0,9.434,-2.6,-0.8,-0.8,-1.6,-0.9,20.968,13.246,8.238,-0.106,-0.4,-0.6,-0.4,10.218,115.9,115.9,382.932,408.616,632.76,411.64,-48.792,-1.934,20.996,0,0,0,0,0,0,0,-3.862,379.14,313.878,-0.238,-0.138,190.988,190.468,35.784,25.28,9.278,2.088,33.45,37.352,173.494,299.846,326.594,162.9,203.042
38,81.76,2.206,21.122,29.12,21.548,1.396,3.96,16.154,62.208,72.694,89.246,83.204,12.606,34.282,27.066,5.874,5.644,71.184,-60.868,238.75,-1.8,291.4,25.8,408.96,10.674,45.2,31.936,93.5,-8.064,230.202,-4.158,0,-1.972,0.344,3.312,-0.008,2.68,31.58,4.86,1.67,-4.19,105.448,86.146,98.392,93.498,-2.9,-0.8,-1.4,289.7,300.1,0,299.1,300.1,3.38,61.38,33.712,-0.162,0,0,0,0,456.02,592.796,0,0,0,33.542,40.65,328.67,338.286,5.2,415.006,24.128,24.04,24.06,26.746,51.48,20.238,20.992,90.392,90.354,88.74,89.32,16.338,148.6,147.9,-1.094,-0.052,85.768,85.6,85.92,86.56,98.74,10.672,-0.026,96.24,57.06,34.484,19.728,-0.6,0,391.7,0,0,147.246,127.67,149.71,8.326,13.066,142,141.86,141.82,138.34,-0.002,0,0,-0.012,0,-0.004,56.38,14.772,503.616,398.496,-57.48,651.104,634.28,106.894,109.756,396.292,393.46,396.17,429.994,435.974,415.118,41.44,587.392,585.784,355.506,-50.032,-2.95,5.65,-4.14,-0.794,-0.16,26.21,34.482,-0.832,-0.618,153.312,3.294,0.38,-0.038,-1,141.78,133.96,133.84,156.5,-2.32,-0.08,127.968,137.008,-4.112,1.952,14.62,24.438,218.218,226.92,184.458,-5,4.806,14.746,95.59,0,422.8,434.2,416.8,419.4,424,0.06,201.06,278.818,271.008,194.218,197.612,-2.4,67.622,80.192,-2.07,45.074,29.196,352.1,168.6,-0.6,-38.56,-2.978,-1.628,-0.248,0,0,37.674,0,15.632,27.548,-3.144,-1.638,131.47,138.154,603.6,600.02,0,0,11.034,-2.5,-0.9,-0.8,-1.6,-0.8,26.072,18.294,14.004,-0.092,-0.4,-0.7,-0.4,9.688,101.1,101.1,386.252,408.496,631.704,411.504,-48.648,-1.914,13.75,0,0,0,0,0,0,0,-3.12,311.6,326.618,0.12,0.142,190.888,190.508,34.818,20.912,11.328,3.254,35.37,12.466,173.5,299.786,326.874,162.7,203.162
39,68.26,2.462,23.882,23.26,19.682,1.64,2.98,20.756,70.078,84.732,80.874,108.582,16.074,32.436,31.664,6.696,5.378,71.4,-61.092,238.79,-2,407.6,26.46,408.78,11.99,77.64,47.928,91.54,-8.064,45.864,-4.032,0,-1.914,0.004,2.93,-0.008,3.684,27.946,4.154,2.046,-4.19,105.422,86.106,98.424,93.482,-2.9,-0.8,-1.6,41.3,299.8,0,299,90.1,3.052,57.9,28.55,1.876,0,0,0,0,527.3,603.374,0,0,0,49.272,40.21,328.946,338.306,3.44,415.15,24.132,24.044,24.068,24.198,42.28,20.228,20.982,3.004,6.906,21.24,9.38,16.342,148.5,147.9,-1.102,-0.058,85.746,85.66,85.94,86.42,98.718,7.33,-0.022,96.1,56.46,29.416,19.694,-0.6,0,417.2,0,0,147.456,127.606,149.356,9.784,13.252,141.82,141.92,141.7,138.44,-0.002,0,0,-0.012,0,-0.004,49.68,23.14,504.952,399.504,-57.528,652.088,637.872,106.934,109.796,396.132,393.56,396.11,430.12,435.814,408.2,33.032,587.464,585.952,355.888,-49.974,-2.76,4.814,-4.14,-0.802,-0.16,26.6,36.288,-0.838,-0.62,155.544,4.656,0.202,-0.038,-1,141.78,133.94,134.02,156.48,-2.32,-0.08,128.008,136.976,-4.098,3.292,13.84,27.836,244.798,207.04,228.198,-4.8,4.306,14.658,95.97,0,170.9,434.2,417.2,257,424,0.03,201.64,278.858,270.866,194.244,197.554,-2.4,66.004,79.426,-1.74,46.666,29.346,352.2,166.7,-0.6,-38.48,-2.948,-1.634,-0.26,0,0,27.564,0,12.878,19.99,-3.168,-1.64,131.478,138.162,602.64,599.6,0,0,12.468,-2.6,-0.9,-0.8,-1.6,-0.9,23.812,17.524,13.708,0.46,-0.4,-0.6,-0.4,8.664,98.2,98.2,387.472,408.596,632.24,411.272,-48.68,-1.896,19.44,0,0,0,0,0,0,0,-3.044,397.36,390.276,0.044,0.084,191.028,190.468,35.72,23.146,5.6,2.838,32.91,9.144,173.456,299.926,326.734,162.34,203.082
40,50.98,3.07,26.934,21.12,18.05,1.618,3.898,16.638,91.352,103.446,125.322,140.454,19.234,38.184,32.786,6.264,4.804,71.056,-60.758,238.75,-1.8,112,26.24,410.94,12.854,101.48,46.678,116.04,-8.064,-7.938,-4.158,0,-2.124,0.222,5.89,-0.008,3.462,26.816,4.644,1.558,-4.19,105.446,86.12,98.412,93.728,-2.8,-0.7,-1.5,-4.3,300.1,0,299.2,-0.3,2.83,57.86,30.972,1.844,0,0,0,0,522.26,645.028,0,0,0,31.004,33.67,328.812,338.286,2.66,366.19,24.128,24.05,24.076,26.874,44.16,20.25,21,-1.294,-0.042,-1.58,-0.4,16.356,148.6,147.8,-1.114,-0.054,85.686,85.54,85.92,86.56,98.702,7.99,-0.022,96.3,56.54,38.216,18.312,-0.6,0,393,0,0,146.874,127.442,149.29,13.946,21.846,142.04,141.86,141.76,138.34,-0.002,0,0,-0.014,0,-0.006,39.52,21.62,504.848,400.08,-57.456,653.32,635.488,106.894,109.756,396.152,393.58,396.07,423.558,435.85,406.978,36.672,588.048,585.584,356.114,-49.798,-2.39,4.156,-4.14,-0.794,-0.16,13.65,26.62,-0.834,-0.628,145.338,2.696,0.256,-0.038,-1,141.82,133.92,137.36,156.42,-2.44,-0.06,128.054,137.02,-4.096,3.042,13.36,29.126,230.638,209.22,247.978,-4.8,6.296,14.544,95.54,0,-8.5,434.6,418,220.8,424.6,0.02,200.46,278.558,270.706,194.166,197.674,-2.4,67.768,87.13,-1.78,44.772,30.062,345.6,168.4,-0.6,-38.48,-2.922,-1.638,-0.26,0,0,34.728,0,13.764,27.45,-3.142,-1.638,131.462,138.154,603.08,600.24,0,0,11.602,-2.6,-0.9,-0.8,-1.6,-0.9,22.668,18.764,14.65,0.728,-0.4,-0.7,-0.4,5.04,89.4,89.4,387.63,403.996,633.024,412.504,-48.648,-1.896,21.28,0,0,0,0,0,0,0,-2.828,342.04,303.94,0.228,0.242,190.008,185.568,36.352,26.64,6.06,4.058,36.47,9.642,173.47,299.826,326.594,159.96,203.062
41,57.5,2.268,13.432,24.18,19.214,1.652,4.138,12.306,89.896,94.87,114.03,120.906,21.7,33.046,36.942,4.522,5.188,69.774,-61.402,234.19,-1.8,-4.2,26.34,408.06,12.332,37.28,18.454,70.6,-8.064,-7.182,-4.158,0,-1.92,0.07,4.912,-0.008,4.606,40.294,5.426,0.95,-4.19,105.468,86.122,98.436,93.452,-2.9,-0.8,-1.4,44.9,210.5,0,299.1,-0.2,3.71,66.5,40.248,-0.308,0,0,0,0,537.24,611.25,0,0,0,14.508,32.63,328.804,338.266,1.52,360.718,24.122,24.034,24.062,29.756,32.28,20.216,20.978,-1.312,-0.022,-1.64,-0.02,16.34,148.7,146.7,-1.108,0.194,85.644,85.6,85.9,86.48,98.674,13.778,-0.022,95.78,54.78,23.13,11.216,-0.5,0,381.2,0,0,147.068,127.57,149.4,16.774,26.092,141.88,141.7,141.72,138.48,-0.002,0,0,-0.012,0,-0.004,43.3,13.268,506.328,400.384,-57.584,655.952,639.224,106.874,109.756,396.452,393.6,396.19,430.018,435.972,414.51,42.12,588.304,586.296,355.292,-49.856,-2.16,5.204,-4.03,-0.796,-0.17,15.29,27.89,-0.832,-0.626,134.104,2.454,0.362,-0.038,-1,141.84,133.96,137.7,156.48,-2.32,-0.08,127.93,136.964,-4.094,-0.234,12.74,34.736,231.818,214.34,239.118,-5,4.376,15.31,95.69,0,-5.7,264.4,255.8,223.2,261.6,3.47,197.4,278.618,271.028,194.286,197.564,-2,75.014,90.06,-1.764,16.258,22.086,337.3,162.4,-0.6,-39.22,-2.93,-1.644,-0.258,0,0,36.014,0,14.78,36.948,-3.132,-1.658,131.456,138.144,603.06,600.02,0,0,3.966,-2.6,-0.9,-3.3,-1.6,-0.8,24.734,17.95,12.846,1.436,-0.4,-0.6,-0.4,3.892,77.1,77.1,387.732,397.916,634.088,411.464,-48.832,-1.906,21.888,0,0,0,0,0,0,0,-2.656,345.4,228.662,-0.044,0.018,188.448,182.308,24.908,19.7,7.23,3.232,47.69,4.918,173.442,299.846,326.214,155.98,202.962
42,37.16,3.208,11.112,22.18,17.864,1.708,3.938,11.128,73.814,78.26,97.262,98.398,13.55,34.75,39.242,6.43,6.024,71.268,-61.88,238.81,-2,-4,26.78,256.32,12.966,8.22,11.794,11.12,-8.19,-6.552,-4.032,0,-2.13,0.06,4.802,-0.008,6.14,37.872,4.808,1.994,-4.19,105.436,86.13,98.408,93.754,-2.9,-0.8,-1.5,16.6,-0.5,0,274.2,-0.3,2.632,68.16,38.314,-0.13,0,0,0,0,622.46,600.462,0,0,0,52.228,37.55,328.646,338.306,0.82,404.638,24.132,24.03,24.062,31.886,32.32,20.212,20.98,-1.314,-0.042,-1.6,-0.04,16.328,148.6,0,-0.654,0.702,85.646,85.6,85.9,86.52,98.742,7.634,-0.022,95.58,55.82,23.686,11.272,-0.6,0,295.7,0,0,146.592,127.644,149.01,22.54,30.034,141.96,141.96,141.72,138.34,-0.002,0,0,-0.012,0,-0.006,52.08,9.132,505.56,400.416,-57.656,654.32,635.432,106.894,108.616,396.194,393.46,396.11,429.816,435.83,415.246,33.47,588.336,585.688,273.966,-51.1,-2.18,4.652,-4.14,-0.804,-0.16,13.56,33.146,-0.832,-0.62,134.448,2.942,0.246,-0.038,-3,141.8,133.88,137.74,156.42,-2.34,-0.06,128.006,136.684,-4.108,-0.23,9.2,33.7,224.258,195.44,204.138,6.4,4.158,15.372,96.04,0,-5.5,220.4,215.6,217.2,223,0.01,194.52,278.858,270.888,194.2,197.694,-2.4,75.114,89.646,-1.75,10.902,15.738,344.9,184.9,-0.6,-39.36,-2.952,-1.642,-0.254,0,0,30.096,0,12.07,34.546,-3.142,-1.656,131.49,138.132,603.42,600.26,0,0,3.732,-2.6,-0.8,-3.3,-1.6,-0.9,23.862,19.358,14.698,1.528,-0.4,-0.7,-0.4,2.494,72.1,72.1,386.992,388.476,634.456,412.88,-48.808,-1.914,4.886,0,0,0,0,0,0,0,-2.66,193.84,95.358,-0.04,0.022,190.948,190.108,21.68,13.612,5.872,0.264,48.22,3.934,173.368,299.828,325.094,161.84,202.702
43,63.96,4.178,21.588,15.4,12.786,1.938,4.02,13.762,76.776,85.092,116.172,133.658,9.49,38.798,47.578,8.072,6.498,70.644,-62.032,238.79,-1.8,-2.4,26.68,210.96,12.546,8.22,12.37,20.64,-8.82,-6.426,-4.158,0,-1.926,0.416,5.378,-0.01,5.774,29.16,3.54,3.55,-4.2,105.438,86.138,98.414,93.628,-2.9,-0.7,-1.5,-4.3,-0.5,0,72.4,-0.2,2.308,66.74,38.504,0.932,0,0,0,0,562,592.65,0,0,0,59.206,29.13,328.73,338.266,0.08,339.982,22.656,22.872,23.562,21.778,29.88,20.162,20.95,-1.314,-0.022,-1.62,-0.02,16.302,136.8,0,-0.596,0.556,85.546,85.54,85.92,86.42,33.662,8.166,-0.022,96.26,57.04,20.604,9.636,-0.6,0,228.5,0,0,146.994,127.656,149.452,12.724,17.954,141.98,141.96,141.78,138.38,-0.002,0,0,-0.012,0,-0.006,58.86,12.196,506.392,400.48,-57.944,657.984,637.128,100.554,95.416,396.274,393.68,396.19,429.836,435.776,415.01,21.962,588.44,586.984,296.53,-51.506,-2.24,5.538,-4.14,-0.806,-0.16,9.18,30.15,-0.83,-0.626,147.004,5.456,0.218,-0.038,-3.6,141.5,133.64,136.32,155.12,-2.32,-0.08,127.982,136.992,-4.132,0.172,6.2,31.748,221.338,188.14,185.878,88.8,2.308,14.712,96.08,0,-5.4,40.1,206.2,16.9,43.3,-3.47,195.75,278.698,269.846,194.2,197.6,-2.2,73.462,89.77,-1.752,9.146,11.626,351.8,163.6,-0.6,-39.36,-4.316,-1.646,-0.256,0,0,23.8,0,10.606,31.582,-3.142,-1.652,131.452,136.634,603.76,600.2,0,0,9.406,-2.7,-3.2,-2.5,-1.7,-0.9,19.578,18.44,13.626,1.436,-0.4,-0.6,-0.4,1.344,65.9,65.9,385.712,387.736,633.944,412.584,-49.056,-1.926,3.152,0,0,0,0,0,0,0,-2.642,0,-6.846,-0.558,-0.354,190.908,190.548,31.65,12.062,0.594,-1.04,46.82,8.108,173.128,299.826,322.354,156.98,202.122
44,81.02,2.658,25.044,13.94,13.17,1.778,4.04,14.856,81.446,98.482,104.748,134.026,8.866,32.886,44.45,8.466,6.99,66.864,-62.124,235.63,-2,-2.2,27.1,211.68,12.616,6.14,12.596,14.76,-8.82,-6.426,-4.032,0,-2.184,0.69,2.524,-0.01,5.636,27.728,3.672,3.422,-4.17,105.454,86.104,98.434,93.676,-3.7,-0.8,-1.5,-4.3,-0.5,0,-2.4,-0.3,3.288,56.48,26.566,0.816,0,0,0,0,361,417,0,0,0,43.8,21.73,328.808,338.326,0.004,203.182,0,0,0.006,12.746,33.42,8.548,9.698,-1.298,-0.042,-1.62,-0.04,12.396,0,0,-0.156,1.112,85.806,85.6,85.88,86.54,-0.042,6.328,-0.022,94.06,53.02,18.714,6.138,-0.6,0,230.4,0,0,147.052,127.616,149.414,8.01,23.14,141.9,141.78,141.72,138.36,-0.002,0,0,-0.012,0,-0.006,44.44,14.468,505.64,400.416,-57.688,655.832,632.688,106.314,108.436,396.374,393.48,396.09,429.944,435.946,415.006,4.756,587.704,586.688,236.18,-50.664,-2.25,5.642,-4.24,-0.804,-0.16,7.44,26.82,-0.836,-0.624,156.052,7.152,0.274,-0.038,-3.6,140.66,133.2,137.14,155.2,-2.42,-0.08,123.906,134.534,-4.126,0.43,3.44,29.496,224.978,179.14,192.058,96,0.132,0.078,96.09,0,-4.1,-1.7,214.6,-1.6,-4.7,0.02,196.07,278.718,267.668,194.25,197.478,-2.4,77.596,90.432,-1.78,6.626,8.22,337.4,163.7,-0.6,-38.72,-5.076,-1.6,-0.248,0,0,23.478,0,8.462,26.91,-3.144,-1.658,131.48,138.184,603.78,600.64,0,0,9.346,-2.7,-0.9,34,-1.6,-1,13.526,13.342,14.856,1.336,-0.4,-0.7,-0.4,2.53,78.6,78.6,387.652,397.596,634.792,412.848,-48.992,-1.916,1.268,0,0,0,0,0,0,0,-2.574,0,-4.47,-0.226,-0.13,190.128,190.548,31.782,6.242,-1.484,-0.992,49.62,7.822,170.302,299.926,324.074,160.12,197.782
45,79.46,1.704,8.432,14.74,14.538,1.662,3.542,18.44,97.054,109.432,136.582,151.6,4.262,10.71,39.114,6.97,6.146,70.322,-62.192,238.73,-1.8,-2,27.66,212.58,10.31,8.7,12.916,3.98,-8.946,-6.552,-4.158,0,-2.162,2.564,1.616,-0.008,4.018,32.464,3.536,2.676,-4.21,105.448,86.128,98.41,93.706,-3.9,-0.8,-2.9,38,-4,0,-1.3,-0.6,3.932,42.66,18.648,0.034,0,0,0,0,305.26,405.21,0,0,0,3.752,27.07,328.834,338.246,0.06,6.336,0,0,0,13.524,32.32,-0.008,-0.002,38.148,-0.042,-1.62,-0.02,0,-7,0,-0.946,2.178,85.624,85.56,85.92,86.5,-0.042,2.576,-0.022,86.16,44.82,15.462,2.826,-0.6,0,232.6,0,0,147.28,127.176,149.43,6.236,18.372,141.96,141.9,141.72,138.42,-0.002,0,0,-0.012,0,-0.006,27.96,20.53,505.8,400.504,-57.744,656.816,634.88,102.134,109.636,396.172,393.56,396.15,429.796,435.858,415.114,0.636,587.864,586.424,172.624,-50.05,-2.3,6.104,-4.14,-0.802,-0.16,5.19,24.594,-0.822,-0.614,130.792,8.614,0.232,-0.038,-3.4,140.5,132,136.3,154.1,-2.34,-0.06,94.376,120.24,-4.154,0.078,3.6,17.094,203.838,162.22,194.378,98.4,-0.11,0,95.91,0,-2.1,-0.8,211,-0.7,-1.8,-1.05,197.83,268.758,257.508,194.206,194.268,-2.2,68.81,86.274,-1.74,3.858,2.224,337.4,162.3,-0.6,-38.8,77.476,-1.6,-0.242,0,0,21.574,0,8.064,25.802,-3.134,-1.66,131.482,138.15,603.54,600,0,0,2.464,-2.5,-0.9,85,-1.6,-1,17.424,14.51,13.464,1.37,-0.2,-0.7,-0.4,2.42,85.4,85.4,394.372,388.956,636.296,414.216,-49.048,-1.916,0.21,0,0,0,0,0,0,0,-2.61,0,-4.44,-0.39,-0.26,190.988,190.608,30.076,1.52,0.728,-0.772,50.64,5.946,161.964,299.806,326.474,156.2,193.202
46,60.9,2.364,4.45,16.3,17.736,1.854,2.182,16.882,105.516,119.22,124.806,152.528,8.818,6.564,36.972,7.992,8.1,67.96,-62.592,238.25,-4.4,-2.2,26.46,218.88,6.47,3.72,7.476,2.018,-8.694,-6.552,-4.158,0,-1.722,2.638,2.05,-0.008,3.596,40.848,4.592,2.572,-4.19,105.446,86.114,98.406,93.622,-2.8,-0.7,-4.2,-2.2,-185.1,0,-4.4,-119.5,3.746,2.98,2.82,0.5,0,0,0,0,304.28,403.41,0,0,0,0.23,22.19,328.812,338.266,0.06,-2.162,0,0,0,15.216,24.06,-0.006,-0.002,-1.294,-0.022,-1.64,-0.04,0,-155.1,0,-0.666,2.278,85.668,85.6,85.88,86.46,-0.042,1.214,-0.022,80.28,40.2,10.186,6.108,-0.6,0,228.4,0,0,147.556,127.422,149.754,4.004,13.33,141.98,141.8,141.68,138.34,-0.002,0,0,-0.012,0,-0.004,5.8,17.524,505.232,400.88,-57.872,656.752,633.808,106.754,109.736,395.852,393.6,396.13,429.924,435.834,414.166,-0.034,588.032,586.424,169.02,-48.672,-2.34,5.59,-4.14,-0.802,-0.16,4.31,15.84,-0.818,-0.608,47.272,11.042,0.284,-0.04,-3.4,140.2,132.28,132.96,151.58,-2.32,-0.08,94.186,125.042,-4.148,2.44,7.58,6.894,32.678,31.66,44.118,172.6,-0.108,0,95.91,0,-2.1,-0.6,204,-0.6,-1.7,-0.13,196.23,252.818,260.188,194.144,194.338,-2.2,62.88,87.01,-1.736,5.214,2.572,337.4,176.9,-0.6,-39.1,192.2,-1.604,-0.24,0,0,17.922,0,6.688,21.54,-3.14,-1.672,131.51,138.186,603.5,599.8,0,0,1.666,-2.6,-0.9,113.6,-1.7,-0.9,9.146,8.976,10.798,1.154,-0.4,-0.6,-0.4,4.138,85.1,85.1,390.332,372.216,635.064,412.592,-49.2,-1.916,2.786,0,0,0,0,0,0,0,-2.64,0,-4.578,-0.66,-0.422,190.948,190.508,17.942,0.842,9.138,-0.28,50.5,2.636,160.342,299.746,326.534,153.5,192.002
47,69.56,2.602,3.776,16.64,16.89,1.606,0.722,18.964,59.766,98.102,100.254,98.684,13.014,20.944,36.438,10.922,9.766,61.522,-63.04,236.65,-5.2,-2.2,20.98,354.24,8.226,5.66,8.612,1.448,-8.064,-6.678,-4.032,0,-1.914,1.196,3.402,-0.008,2.448,34.188,3.672,5.286,-4.17,105.418,86.11,98.422,93.76,-2.9,-0.8,-1.5,-107.1,-255.7,0,-251.2,-284,2.878,63.32,29.136,3.07,0,0,0,0,330.32,429.16,0,0,0,0.976,24.468,328.862,338.346,0.28,-2.16,0,0,0,15.224,29.46,-0.006,-0.002,-0.506,-0.042,-1.62,-0.02,0,-0.4,0,-0.172,0.856,85.624,85.54,85.9,86.5,-0.042,2.71,-0.022,86.86,51.28,13.692,6.778,-0.6,0,296.4,0,0,147.484,127.438,149.762,0.692,2.87,141.9,141.78,141.72,138.3,-0.002,0,0,-0.012,0,-0.004,2.92,19.164,504.448,400.176,-57.688,655.904,636.264,106.914,109.776,394.214,393.46,396.17,429.614,435.766,414.006,4.454,587.472,585.752,224.984,-48.966,-2.34,4.954,-4.14,-0.796,-0.16,5.7,19.79,-0.832,-0.622,24.368,16.464,0.168,-0.038,-3.6,140.92,133.94,137.52,156.02,-2.42,-0.08,109.34,124.762,-3.976,4.82,16.24,0.934,224.778,238.84,243.618,250,0.568,0,95.8,0,-2.1,-0.7,223.6,-0.6,-1.7,0.02,195.2,264.538,250.366,194.274,194.176,-2.2,60.476,76.382,-1.744,6.58,6.26,337.5,279.9,-0.6,-39.3,253,-1.59,-0.238,0,0,16.32,0,5.88,16.96,-3.128,-1.658,131.47,138.18,603.56,599.86,0,0,2.122,-2.5,-0.9,196.4,-1.7,-0.9,9.55,11.698,10.62,1.054,-0.2,-0.7,-0.4,5.016,99.6,99.6,386.73,349.296,635.448,-10.344,-43.392,-1.888,9.482,0,0,0,0,0,0,0,-3.816,0,-4.464,-3.084,-3.336,190.428,190.848,8.266,3.778,8.072,1.516,49.14,0.938,165.482,299.826,326.454,157.76,200.502
48,63.94,1.456,5.5,18.36,20.338,1.454,0.18,13.368,96.04,98.094,100.924,136.176,14.274,23.436,24.368,10.52,8.942,62.048,-63.512,237.99,-4,-2.2,21.54,332.82,8.91,12.52,14.474,5.514,-8.064,-6.426,-4.158,0,-1.724,1.038,3.34,-0.01,2.584,24.054,2.826,8.554,-4.17,105.448,86.112,98.434,93.672,-2.9,-0.7,-1.3,-280,-295.8,0,-284.3,-281.7,2.41,55.1,24.314,4.914,0,0,0,0,302.88,402.766,0,0,0,0.598,26.03,328.966,338.266,0.98,-0.864,0,0,0,13.982,30.14,-0.006,-0.002,-72.49,-60.118,-1.62,-0.04,0,-2.9,0,-0.982,2.886,85.508,85.46,85.3,86.42,-0.042,8.486,-0.022,92.72,52.24,18.528,9.966,-0.7,0,241.3,0,0,147.63,126.948,149.75,0.948,3.616,139.02,140.74,141.64,138.3,-0.002,0,0,-0.012,0,-0.006,0.34,10.864,504.8,400.184,-57.544,653.408,633.288,106.934,109.776,395.872,393.56,396.09,429.812,435.816,413.654,11.578,587.496,585.424,157.032,-49.362,-2.33,5.646,-4.14,-0.796,-0.16,7.36,17.674,-0.834,-0.626,33.284,15.812,0.104,-0.038,-2.4,141.7,133.88,137.7,156.5,-2.34,-0.06,106.038,116.178,-3.992,4.804,17.24,2.194,211.998,222.42,213.698,238,1.766,0,95.87,0,-2.1,-0.6,215.6,-0.6,-1.7,-1.28,193.39,275.238,270.868,194.256,194.326,-2.2,51.714,77.656,-1.794,11.186,7.548,337.4,269.8,-0.6,-39.36,243.4,-1.6,-0.244,0,0,16.208,0,5.29,16.742,-3.104,-1.658,131.464,138.172,603.76,600.02,0,0,1.562,-2.6,-0.8,196.6,-1.6,-0.9,11.76,19.7,20.356,0.842,-0.4,-0.6,-0.4,4.724,128.9,128.9,395.992,358.536,634.48,-11.28,-41.608,-1.876,7.444,0,0,0,0,0,0,0,-2.61,0,-5.732,-2.99,-1.068,185.708,190.048,12.874,4.062,12.302,1.848,48.87,1.624,166.244,299.786,326.354,155.76,203.162
