bmUnit,settlementPeriod,settlementRunType,quantity,average_MW
T_ABRBO-1,1,DF,-0.49,-0.98
T_BDCHW-1,1,DF,-0.111,-0.222
T_BEATO-1,1,DF,-1.2850000000000001,-2.5700000000000003
T_BEATO-2,1,DF,-1.297,-2.594
T_BEATO-3,1,DF,-1.6520000000000001,-3.3040000000000003
T_BEATO-4,1,DF,-1.682,-3.364
T_BEINW-1,1,DF,-0.20800000000000002,-0.41600000000000004
T_BHLAW-1,1,DF,-0.217,-0.434
T_BPGRD-1,1,DF,-22.89,-45.78
T_CARR-1,1,DF,-1.9,-3.8
T_CARR-2,1,DF,-2.6,-5.2
T_CNQPS-1,1,DF,-2.7720000000000002,-5.5440000000000005
T_CNQPS-3,1,DF,-2.142,-4.284
T_CNQPS-4,1,DF,-1.953,-3.906
T_COSO-1,1,DF,-0.901,-1.802
T_CREAW-1,1,DF,-0.23900000000000002,-0.47800000000000004
T_CRGHD-1,1,DF,-0.003,-0.006
T_CRYRW-3,1,DF,-0.088,-0.176
T_DAMC-1,1,DF,-1.9849999999999999,-3.9699999999999998
T_DDGNO-1,1,DF,-0.6980000000000001,-1.3960000000000001
T_DDGNO-2,1,DF,-0.596,-1.192
T_DDGNO-3,1,DF,-0.635,-1.27
T_DDGNO-4,1,DF,-0.65,-1.3
T_DIDCB6,1,DF,-0.2,-0.4
T_DINO-3,1,DF,-0.55,-1.1
T_DINO-5,1,DF,-0.7000000000000001,-1.4000000000000001
T_DUNGW-1,1,DF,-0.315,-0.63
T_EDINW-1,1,DF,-0.035,-0.07
T_FASN-1,1,DF,-0.003,-0.006
T_FASN-2,1,DF,-0.001,-0.002
T_FERGD-1,1,DF,-0.34,-0.68
T_FERGD-2,1,DF,-0.805,-1.61
T_FFES-1,1,DF,-0.011,-0.022
T_FFES-2,1,DF,-0.291,-0.582
T_FFES-3,1,DF,-0.02,-0.04
T_FFES-4,1,DF,-0.02,-0.04
T_FOYE-2,1,DF,-0.9,-1.8
T_FOYED-1,1,DF,-0.791,-1.582
T_GLNDO-1,1,DF,-0.021,-0.042
T_GORDW-1,1,DF,-0.068,-0.136
T_GORDW-2,1,DF,-0.075,-0.15
T_GRAI-7,1,DF,-1.1,-2.2
T_GRIFW-1,1,DF,-0.577,-1.154
T_GRIFW-2,1,DF,-0.5650000000000001,-1.1300000000000001
T_GYMRD-16,1,DF,-0.001,-0.002
T_GYMRD-E11,1,DF,-0.001,-0.002
T_GYMRD-W11,1,DF,-0.002,-0.004
T_HALSW-1,1,DF,-0.122,-0.244
T_HEYM2-D,1,DF,-17.756,-35.512
T_HMGTO-1,1,DF,-0.466,-0.932
T_HMGTO-2,1,DF,-0.5680000000000001,-1.1360000000000001
T_HOWBO-2,1,DF,-2.385,-4.77
T_HOWBO-3,1,DF,-2.292,-4.584
T_HUMRD-1,1,DF,-19.86,-39.72
T_INDQ-1,1,DF,-1.06,-2.12
T_KEAD-1,1,DF,-0.915,-1.83
T_KEADGT-3,1,DF,-0.085,-0.17
T_KILLPG-1,1,DF,-0.383,-0.766
T_KILLPG-2,1,DF,-0.272,-0.544
T_LAGA-1,1,DF,-0.5,-1.0
T_LARKS-1,1,DF,-0.05,-0.1
T_LBAR-1G,1,DF,-0.02,-0.04
T_LNCSW-1,1,DF,-0.34700000000000003,-0.6940000000000001
T_LNCSW-2,1,DF,-0.5730000000000001,-1.1460000000000001
T_MEDP-1,1,DF,-1.7189999999999999,-3.4379999999999997
T_MOWEO-1,1,DF,-0.002,-0.004
T_MOWEO-2,1,DF,-1.146,-2.292
T_MOWEO-3,1,DF,-0.75,-1.5
T_MRWD-1,1,DF,-0.3,-0.6
T_PEMB-51,1,DF,-1.9,-3.8
T_PNYCB-1,1,DF,-0.015,-0.03
T_RCBKO-1,1,DF,-1.302,-2.604
T_SCCL-4,1,DF,-20.03,-40.06
T_SEAB-2,1,DF,-1.642,-3.284
T_SEEL-1,1,DF,-0.182,-0.364
T_SHBA-1,1,DF,-1.911,-3.822
T_SHBA-2,1,DF,-0.261,-0.522
T_SHRSW-2,1,DF,-0.209,-0.418
T_STAY-1,1,DF,-0.3,-0.6
T_STAY-2,1,DF,-1.0,-2.0
T_STAY-3,1,DF,-0.9500000000000001,-1.9000000000000001
T_STLGW-1,1,DF,-0.369,-0.738
T_STLGW-2,1,DF,-0.395,-0.79
T_STLGW-3,1,DF,-0.366,-0.732
T_STRNW-1,1,DF,-0.193,-0.386
T_SUTB-1,1,DF,-0.4,-0.8
T_SVRP-10,1,DF,-0.25,-0.5
T_SVRP-20,1,DF,-0.2,-0.4
T_TKNEW-1,1,DF,-1.5670000000000002,-3.1340000000000003
T_TKNWW-1,1,DF,-1.4140000000000001,-2.8280000000000003
T_TORN-D,1,DF,-27.16,-54.32
T_TSREP-1,1,DF,-0.665,-1.33
T_WBURB-3,1,DF,-1.07,-2.14
T_WBURB-41,1,DF,-0.019,-0.038
T_WBURB-43,1,DF,-0.03,-0.06
T_WILCT-1,1,DF,-10.83,-21.66
T_WTMSO-1,1,DF,-0.23600000000000002,-0.47200000000000003
T_ABRBO-1,2,DF,-0.491,-0.982
T_BDCHW-1,2,DF,-0.11,-0.22
T_BEATO-1,2,DF,-1.258,-2.516
T_BEATO-2,2,DF,-1.201,-2.402
T_BEATO-3,2,DF,-1.651,-3.302
T_BEATO-4,2,DF,-1.682,-3.364
T_BEINW-1,2,DF,-0.192,-0.384
T_BHLAW-1,2,DF,-0.276,-0.552
T_BPGRD-1,2,DF,-23.309,-46.618
T_CARR-1,2,DF,-1.1,-2.2
T_CARR-2,2,DF,-1.8,-3.6
T_CGTHW-1,2,DF,-0.05,-0.1
T_CNQPS-1,2,DF,-2.7720000000000002,-5.5440000000000005
T_CNQPS-3,2,DF,-2.205,-4.41
T_CNQPS-4,2,DF,-1.953,-3.906
T_COSO-1,2,DF,-0.934,-1.868
T_CREAW-1,2,DF,-0.147,-0.294
T_CRGHD-1,2,DF,-0.003,-0.006
T_CRYRW-3,2,DF,-0.07200000000000001,-0.14400000000000002
T_DAMC-1,2,DF,-1.97,-3.94
T_DDGNO-4,2,DF,-0.193,-0.386
T_DIDCB6,2,DF,-0.25,-0.5
T_DINO-3,2,DF,-0.6,-1.2
T_DINO-5,2,DF,-0.7000000000000001,-1.4000000000000001
T_DUNGW-1,2,DF,-0.332,-0.664
T_EDINW-1,2,DF,-0.044,-0.088
T_FASN-1,2,DF,-0.003,-0.006
T_FASN-2,2,DF,-0.001,-0.002
T_FERGD-1,2,DF,-0.335,-0.67
T_FERGD-2,2,DF,-0.5710000000000001,-1.1420000000000001
T_FFES-1,2,DF,-0.482,-0.964
T_FFES-2,2,DF,-0.021,-0.042
T_FFES-3,2,DF,-0.01,-0.02
T_FFES-4,2,DF,-0.01,-0.02
T_FOYE-1,2,DF,-0.9500000000000001,-1.9000000000000001
T_FOYE-2,2,DF,-0.6,-1.2
T_FOYED-1,2,DF,-0.799,-1.598
T_GLNDO-1,2,DF,-0.021,-0.042
T_GORDW-1,2,DF,-0.08,-0.16
T_GORDW-2,2,DF,-0.078,-0.156
T_GRAI-7,2,DF,-1.1,-2.2
T_GRIFW-1,2,DF,-0.557,-1.114
T_GRIFW-2,2,DF,-0.543,-1.086
T_GYMRD-16,2,DF,-0.001,-0.002
T_GYMRD-E11,2,DF,-0.002,-0.004
T_GYMRD-W11,2,DF,-0.002,-0.004
T_HALSW-1,2,DF,-0.12,-0.24
T_HEYM2-D,2,DF,-17.824,-35.648
T_HMGTO-1,2,DF,-0.406,-0.812
T_HMGTO-2,2,DF,-0.492,-0.984
T_HOWBO-2,2,DF,-1.933,-3.866
T_HOWBO-3,2,DF,-2.322,-4.644
T_HUMRD-1,2,DF,-20.14,-40.28
T_INDQ-1,2,DF,-1.075,-2.15
T_KEAD-1,2,DF,-0.8200000000000001,-1.6400000000000001
T_KEADGT-3,2,DF,-0.08,-0.16
T_KILLPG-1,2,DF,-0.385,-0.77
T_KILLPG-2,2,DF,-0.274,-0.548
T_LAGA-1,2,DF,-0.5,-1.0
T_LARKS-1,2,DF,-0.05,-0.1
T_LBAR-1G,2,DF,-0.01,-0.02
T_MEDP-1,2,DF,-1.748,-3.496
T_MOWEO-1,2,DF,-0.002,-0.004
T_MOWEO-2,2,DF,-0.904,-1.808
T_MOWEO-3,2,DF,-0.5710000000000001,-1.1420000000000001
T_MRWD-1,2,DF,-0.2,-0.4
T_PEMB-51,2,DF,-1.9500000000000002,-3.9000000000000004
T_PNYCB-1,2,DF,-0.01,-0.02
T_RCBKO-1,2,DF,-1.332,-2.664
T_RCBKO-2,2,DF,-1.141,-2.282
T_SCCL-1,2,DF,-2.65,-5.3
T_SCCL-4,2,DF,-19.72,-39.44
T_SEAB-2,2,DF,-0.893,-1.786
T_SEEL-1,2,DF,-0.17300000000000001,-0.34600000000000003
T_SHBA-1,2,DF,-1.506,-3.012
T_SHBA-2,2,DF,-0.248,-0.496
T_STAY-1,2,DF,-0.3,-0.6
T_STAY-2,2,DF,-0.75,-1.5
T_STAY-3,2,DF,-0.55,-1.1
T_STLGW-1,2,DF,-0.379,-0.758
T_STLGW-2,2,DF,-0.37,-0.74
T_STLGW-3,2,DF,-0.289,-0.578
T_STRNW-1,2,DF,-0.194,-0.388
T_SUTB-1,2,DF,-0.4,-0.8
T_SVRP-10,2,DF,-0.25,-0.5
T_SVRP-20,2,DF,-0.2,-0.4
T_TKNEW-1,2,DF,-1.5550000000000002,-3.1100000000000003
T_TKNWW-1,2,DF,-1.367,-2.734
T_TORN-D,2,DF,-27.22,-54.44
T_TSREP-1,2,DF,-0.671,-1.342
T_WBURB-3,2,DF,-1.07,-2.14
T_WBURB-41,2,DF,-0.02,-0.04
T_WBURB-43,2,DF,-0.03,-0.06
T_WILCT-1,2,DF,-11.13,-22.26
T_WTMSO-1,2,DF,-0.982,-1.964
T_ABRBO-1,3,DF,-0.509,-1.018
T_BDCHW-1,3,DF,-0.109,-0.218
T_BEATO-1,3,DF,-1.194,-2.388
T_BEATO-2,3,DF,-1.104,-2.208
T_BEATO-3,3,DF,-1.645,-3.29
T_BEATO-4,3,DF,-1.678,-3.356
T_BEINW-1,3,DF,-0.193,-0.386
T_BHLAW-1,3,DF,-0.462,-0.924
T_BPGRD-1,3,DF,-23.447,-46.894
T_CARR-1,3,DF,-1.1,-2.2
T_CARR-2,3,DF,-1.6,-3.2
T_CNQPS-1,3,DF,-2.646,-5.292
T_CNQPS-3,3,DF,-2.205,-4.41
T_CNQPS-4,3,DF,-1.953,-3.906
T_COSO-1,3,DF,-0.847,-1.694
T_CREAW-1,3,DF,-0.298,-0.596
T_CRGHD-1,3,DF,-0.003,-0.006
T_DAMC-1,3,DF,-1.9500000000000002,-3.9000000000000004
T_DIDCB6,3,DF,-0.25,-0.5
T_DINO-3,3,DF,-0.6,-1.2
T_DINO-5,3,DF,-0.7000000000000001,-1.4000000000000001
T_DUNGW-1,3,DF,-0.322,-0.644
T_EDINW-1,3,DF,-0.04,-0.08
T_FASN-1,3,DF,-0.003,-0.006
T_FASN-2,3,DF,-0.001,-0.002
T_FERGD-1,3,DF,-0.163,-0.326
T_FERGD-2,3,DF,-0.509,-1.018
T_FFES-1,3,DF,-36.314,-72.628
T_FFES-2,3,DF,-0.011,-0.022
T_FFES-3,3,DF,-0.02,-0.04
T_FFES-4,3,DF,-0.02,-0.04
T_FOYE-1,3,DF,-17.5,-35.0
T_FOYE-2,3,DF,-0.9500000000000001,-1.9000000000000001
T_FOYED-1,3,DF,-0.464,-0.928
T_GLNDO-1,3,DF,-0.021,-0.042
T_GORDW-2,3,DF,-0.07,-0.14
T_GRAI-7,3,DF,-1.05,-2.1
T_GRAI-8,3,DF,-2.2,-4.4
T_GRIFW-1,3,DF,-0.553,-1.106
T_GRIFW-2,3,DF,-0.537,-1.074
T_GYMRD-16,3,DF,-0.001,-0.002
T_GYMRD-E11,3,DF,-0.001,-0.002
T_GYMRD-W11,3,DF,-0.003,-0.006
T_HALSW-1,3,DF,-0.11900000000000001,-0.23800000000000002
T_HEYM2-D,3,DF,-17.788,-35.576
T_HOWAO-1,3,DF,-0.526,-1.052
T_HOWBO-2,3,DF,-0.532,-1.064
T_HOWBO-3,3,DF,-2.311,-4.622
T_HUMRD-1,3,DF,-21.15,-42.3
T_INDQ-1,3,DF,-1.085,-2.17
T_KEAD-1,3,DF,-0.92,-1.84
T_KEADGT-3,3,DF,-0.08,-0.16
T_KILLPG-1,3,DF,-0.384,-0.768
T_KILLPG-2,3,DF,-0.274,-0.548
T_LAGA-1,3,DF,-0.5,-1.0
T_LARKS-1,3,DF,-0.055,-0.11
T_LBAR-1G,3,DF,-0.02,-0.04
T_MEDP-1,3,DF,-1.713,-3.426
T_MOWEO-1,3,DF,-0.002,-0.004
T_MOWEO-3,3,DF,-0.551,-1.102
T_MRWD-1,3,DF,-0.3,-0.6
T_PEMB-51,3,DF,-2.1,-4.2
T_PNYCB-1,3,DF,-0.01,-0.02
T_SCCL-1,3,DF,-2.7,-5.4
T_SCCL-4,3,DF,-19.61,-39.22
T_SEAB-2,3,DF,-0.843,-1.686
T_SEEL-1,3,DF,-0.17,-0.34
T_SHBA-1,3,DF,-1.508,-3.016
T_SHBA-2,3,DF,-0.247,-0.494
T_STAY-1,3,DF,-0.25,-0.5
T_STAY-2,3,DF,-0.8,-1.6
T_STAY-3,3,DF,-0.4,-0.8
T_STLGW-1,3,DF,-0.357,-0.714
T_STLGW-2,3,DF,-0.368,-0.736
T_STLGW-3,3,DF,-0.343,-0.686
T_STRNW-1,3,DF,-0.194,-0.388
T_SUTB-1,3,DF,-0.4,-0.8
T_SVRP-10,3,DF,-0.3,-0.6
T_SVRP-20,3,DF,-0.2,-0.4
T_TKNEW-1,3,DF,-1.5110000000000001,-3.0220000000000002
T_TKNWW-1,3,DF,-1.354,-2.708
T_TORN-D,3,DF,-27.16,-54.32
T_TSREP-1,3,DF,-0.68,-1.36
T_WBURB-3,3,DF,-1.071,-2.142
T_WBURB-41,3,DF,-0.019,-0.038
T_WBURB-43,3,DF,-0.029,-0.058
T_WILCT-1,3,DF,-10.715,-21.43
T_ABRBO-1,4,DF,-0.308,-0.616
T_BDCHW-1,4,DF,-0.109,-0.218
T_BEATO-1,4,DF,-0.7010000000000001,-1.4020000000000001
T_BEATO-2,4,DF,-0.66,-1.32
T_BEATO-3,4,DF,-1.471,-2.942
T_BEATO-4,4,DF,-1.625,-3.25
T_BEINW-1,4,DF,-0.19,-0.38
T_BHLAW-1,4,DF,-0.464,-0.928
T_BPGRD-1,4,DF,-23.155,-46.31
T_CARR-1,4,DF,-1.1,-2.2
T_CARR-2,4,DF,-1.3,-2.6
T_CNQPS-1,4,DF,-2.331,-4.662
T_CNQPS-3,4,DF,-2.142,-4.284
T_CNQPS-4,4,DF,-1.953,-3.906
T_COSO-1,4,DF,-0.903,-1.806
T_CREAW-1,4,DF,-0.275,-0.55
T_CRGHD-1,4,DF,-0.003,-0.006
T_DAMC-1,4,DF,-1.9500000000000002,-3.9000000000000004
T_DIDCB6,4,DF,-0.25,-0.5
T_DINO-3,4,DF,-0.6,-1.2
T_DINO-5,4,DF,-0.7000000000000001,-1.4000000000000001
T_DUNGW-1,4,DF,-0.315,-0.63
T_EDINW-1,4,DF,-0.04,-0.08
T_FASN-1,4,DF,-0.003,-0.006
T_FASN-2,4,DF,-0.001,-0.002
T_FERGD-1,4,DF,-0.145,-0.29
T_FERGD-2,4,DF,-0.502,-1.004
T_FFES-1,4,DF,-36.554,-73.108
T_FFES-2,4,DF,-2.263,-4.526
T_FFES-3,4,DF,-0.01,-0.02
T_FFES-4,4,DF,-0.65,-1.3
T_FOYE-1,4,DF,-76.9,-153.8
T_FOYE-2,4,DF,-14.1,-28.2
T_FOYED-1,4,DF,-0.529,-1.058
T_GLNDO-1,4,DF,-0.021,-0.042
T_GORDW-1,4,DF,-0.128,-0.256
T_GORDW-2,4,DF,-0.077,-0.154
T_GRAI-7,4,DF,-1.1,-2.2
T_GRAI-8,4,DF,-2.15,-4.3
T_GRIFW-1,4,DF,-0.547,-1.094
T_GRIFW-2,4,DF,-0.54,-1.08
T_GYMRD-16,4,DF,-0.001,-0.002
T_GYMRD-E11,4,DF,-0.002,-0.004
T_GYMRD-W11,4,DF,-0.003,-0.006
T_HALSW-1,4,DF,-0.12,-0.24
T_HEYM2-D,4,DF,-17.756,-35.512
T_HOWBO-2,4,DF,-0.406,-0.812
T_HOWBO-3,4,DF,-1.585,-3.17
T_HUMRD-1,4,DF,-21.25,-42.5
T_INDQ-1,4,DF,-1.085,-2.17
T_KEAD-1,4,DF,-0.92,-1.84
T_KEADGT-3,4,DF,-0.08,-0.16
T_KILLPG-1,4,DF,-0.385,-0.77
T_KILLPG-2,4,DF,-0.274,-0.548
T_LAGA-1,4,DF,-0.5,-1.0
T_LARKS-1,4,DF,-0.05,-0.1
T_LBAR-1G,4,DF,-0.02,-0.04
T_MEDP-1,4,DF,-1.728,-3.456
T_MOWEO-1,4,DF,-0.002,-0.004
T_MOWEO-3,4,DF,-0.024,-0.048
T_MRWD-1,4,DF,-0.3,-0.6
T_PEMB-51,4,DF,-2.8,-5.6
T_PNYCB-1,4,DF,-0.01,-0.02
T_SCCL-1,4,DF,-2.7,-5.4
T_SCCL-4,4,DF,-19.52,-39.04
T_SEAB-2,4,DF,-0.844,-1.688
T_SEEL-1,4,DF,-0.168,-0.336
T_SHBA-1,4,DF,-1.5030000000000001,-3.0060000000000002
T_SHBA-2,4,DF,-0.247,-0.494
T_STAY-1,4,DF,-0.3,-0.6
T_STAY-2,4,DF,-0.8,-1.6
T_STAY-3,4,DF,-0.4,-0.8
T_STLGW-1,4,DF,-0.326,-0.652
T_STLGW-2,4,DF,-0.352,-0.704
T_STLGW-3,4,DF,-0.33,-0.66
T_STRNW-1,4,DF,-0.194,-0.388
T_SUTB-1,4,DF,-0.4,-0.8
T_SVRP-10,4,DF,-0.25,-0.5
T_SVRP-20,4,DF,-0.15,-0.3
T_TKNEW-1,4,DF,-0.34900000000000003,-0.6980000000000001
T_TORN-D,4,DF,-27.216,-54.432
T_TSREP-1,4,DF,-0.671,-1.342
T_WBURB-3,4,DF,-1.02,-2.04
T_WBURB-41,4,DF,-0.019,-0.038
T_WBURB-43,4,DF,-0.03,-0.06
T_WILCT-1,4,DF,-10.545,-21.09
T_ABRBO-1,5,DF,-0.154,-0.308
T_BDCHW-1,5,DF,-0.108,-0.216
T_BEATO-1,5,DF,-0.86,-1.72
T_BEATO-2,5,DF,-1.007,-2.014
T_BEATO-3,5,DF,-1.513,-3.026
T_BEATO-4,5,DF,-1.5750000000000002,-3.1500000000000004
T_BEINW-1,5,DF,-0.191,-0.382
T_BHLAW-1,5,DF,-0.455,-0.91
T_BPGRD-1,5,DF,-23.227,-46.454
T_CARR-1,5,DF,-1.1,-2.2
T_CARR-2,5,DF,-1.2,-2.4
T_CGTHW-1,5,DF,-0.06,-0.12
T_CNQPS-1,5,DF,-2.394,-4.788
T_CNQPS-3,5,DF,-2.205,-4.41
T_CNQPS-4,5,DF,-1.953,-3.906
T_COSO-1,5,DF,-0.907,-1.814
T_CREAW-1,5,DF,-0.162,-0.324
T_CRGHD-1,5,DF,-0.003,-0.006
T_DAMC-1,5,DF,-1.94,-3.88
T_DIDCB6,5,DF,-0.25,-0.5
T_DINO-3,5,DF,-0.6,-1.2
T_DINO-5,5,DF,-0.75,-1.5
T_DOREW-1,5,DF,-0.006,-0.012
T_DOREW-2,5,DF,-0.074,-0.148
T_DUNGW-1,5,DF,-0.31,-0.62
T_EDINW-1,5,DF,-0.04,-0.08
T_FASN-1,5,DF,-0.003,-0.006
T_FASN-2,5,DF,-0.001,-0.002
T_FERGD-1,5,DF,-0.001,-0.002
T_FERGD-2,5,DF,-0.525,-1.05
T_FFES-1,5,DF,-36.556,-73.112
T_FFES-2,5,DF,-36.535,-73.07
T_FFES-3,5,DF,-0.02,-0.04
T_FFES-4,5,DF,-36.29,-72.58
T_FOYE-1,5,DF,-76.15,-152.3
T_FOYE-2,5,DF,-76.8,-153.6
T_FOYED-1,5,DF,-0.579,-1.158
T_GLNDO-1,5,DF,-0.021,-0.042
T_GORDW-1,5,DF,-0.148,-0.296
T_GORDW-2,5,DF,-0.075,-0.15
T_GRAI-7,5,DF,-1.1,-2.2
T_GRAI-8,5,DF,-1.85,-3.7
T_GRIFW-1,5,DF,-0.542,-1.084
T_GRIFW-2,5,DF,-0.533,-1.066
T_GYMRD-16,5,DF,-0.001,-0.002
T_GYMRD-E11,5,DF,-0.001,-0.002
T_GYMRD-W11,5,DF,-0.004,-0.008
T_HALSW-1,5,DF,-0.12,-0.24
T_HEYM2-D,5,DF,-17.692,-35.384
T_HUMRD-1,5,DF,-21.43,-42.86
T_INDQ-1,5,DF,-1.08,-2.16
T_KEAD-1,5,DF,-0.87,-1.74
T_KEADGT-3,5,DF,-0.08,-0.16
T_KILLPG-1,5,DF,-0.386,-0.772
T_KILLPG-2,5,DF,-0.275,-0.55
T_LAGA-1,5,DF,-0.5,-1.0
T_LARKS-1,5,DF,-0.05,-0.1
T_LBAR-1G,5,DF,-0.01,-0.02
T_MEDP-1,5,DF,-1.7469999999999999,-3.4939999999999998
T_MOWEO-1,5,DF,-0.002,-0.004
T_MRWD-1,5,DF,-0.2,-0.4
T_PEMB-51,5,DF,-2.7,-5.4
T_PNYCB-1,5,DF,-0.015,-0.03
T_SCCL-1,5,DF,-2.7,-5.4
T_SCCL-4,5,DF,-19.52,-39.04
T_SEAB-2,5,DF,-0.848,-1.696
T_SEEL-1,5,DF,-0.168,-0.336
T_SHBA-1,5,DF,-1.501,-3.002
T_SHBA-2,5,DF,-0.245,-0.49
T_STAY-1,5,DF,-0.25,-0.5
T_STAY-2,5,DF,-0.8,-1.6
T_STAY-3,5,DF,-0.4,-0.8
T_STLGW-1,5,DF,-0.314,-0.628
T_STLGW-2,5,DF,-0.334,-0.668
T_STLGW-3,5,DF,-0.325,-0.65
T_STRNW-1,5,DF,-0.194,-0.388
T_SUTB-1,5,DF,-0.4,-0.8
T_SVRP-10,5,DF,-0.25,-0.5
T_SVRP-20,5,DF,-0.2,-0.4
T_TORN-D,5,DF,-27.168,-54.336
T_TSREP-1,5,DF,-0.676,-1.352
T_WBURB-3,5,DF,-1.07,-2.14
T_WBURB-41,5,DF,-0.019,-0.038
T_WBURB-43,5,DF,-0.03,-0.06
T_WILCT-1,5,DF,-11.855,-23.71
T_BDCHW-1,6,DF,-0.109,-0.218
T_BEATO-1,6,DF,-0.651,-1.302
T_BEATO-2,6,DF,-0.741,-1.482
T_BEATO-3,6,DF,-1.588,-3.176
T_BEATO-4,6,DF,-1.518,-3.036
T_BEINW-1,6,DF,-0.191,-0.382
T_BHLAW-1,6,DF,-0.429,-0.858
T_BPGRD-1,6,DF,-23.35,-46.7
T_CARR-1,6,DF,-1.1,-2.2
T_CARR-2,6,DF,-1.3,-2.6
T_CGTHW-1,6,DF,-0.068,-0.136
T_CNQPS-1,6,DF,-2.835,-5.67
T_CNQPS-3,6,DF,-2.142,-4.284
T_CNQPS-4,6,DF,-1.8900000000000001,-3.7800000000000002
T_COSO-1,6,DF,-0.847,-1.694
T_CREAW-1,6,DF,-0.16,-0.32
T_CRGHD-1,6,DF,-0.003,-0.006
T_DAMC-1,6,DF,-1.935,-3.87
T_DIDCB6,6,DF,-0.3,-0.6
T_DINO-3,6,DF,-0.55,-1.1
T_DINO-5,6,DF,-0.7000000000000001,-1.4000000000000001
T_DUNGW-1,6,DF,-0.299,-0.598
T_EDINW-1,6,DF,-0.046,-0.092
T_FASN-1,6,DF,-0.003,-0.006
T_FASN-2,6,DF,-0.001,-0.002
T_FERGD-1,6,DF,-0.001,-0.002
T_FERGD-2,6,DF,-0.47900000000000004,-0.9580000000000001
T_FFES-1,6,DF,-36.526,-73.052
T_FFES-2,6,DF,-36.525,-73.05
T_FFES-3,6,DF,-0.01,-0.02
T_FFES-4,6,DF,-36.88,-73.76
T_FOYE-1,6,DF,-76.3,-152.6
T_FOYE-2,6,DF,-76.9,-153.8
T_FOYED-1,6,DF,-0.585,-1.17
T_GLNDO-1,6,DF,-0.021,-0.042
T_GORDW-1,6,DF,-0.14400000000000002,-0.28800000000000003
T_GORDW-2,6,DF,-0.075,-0.15
T_GRAI-7,6,DF,-1.1,-2.2
T_GRAI-8,6,DF,-1.2,-2.4
T_GRIFW-1,6,DF,-0.547,-1.094
T_GRIFW-2,6,DF,-0.519,-1.038
T_GYMRD-16,6,DF,-0.001,-0.002
T_GYMRD-E11,6,DF,-0.001,-0.002
T_GYMRD-W11,6,DF,-0.004,-0.008
T_HALSW-1,6,DF,-0.12,-0.24
T_HEYM2-D,6,DF,-17.704,-35.408
T_HUMRD-1,6,DF,-21.53,-43.06
T_INDQ-1,6,DF,-1.085,-2.17
T_KEAD-1,6,DF,-0.92,-1.84
T_KEADGT-3,6,DF,-0.08,-0.16
T_KILLPG-1,6,DF,-0.384,-0.768
T_KILLPG-2,6,DF,-0.274,-0.548
T_LAGA-1,6,DF,-0.5,-1.0
T_LARKS-1,6,DF,-0.055,-0.11
T_LBAR-1G,6,DF,-0.02,-0.04
T_MEDP-1,6,DF,-1.772,-3.544
T_MOWEO-1,6,DF,-0.002,-0.004
T_MRWD-1,6,DF,-0.3,-0.6
T_PEMB-51,6,DF,-2.75,-5.5
T_PNYCB-1,6,DF,-0.01,-0.02
T_SCCL-1,6,DF,-2.7,-5.4
T_SCCL-4,6,DF,-19.53,-39.06
T_SEAB-2,6,DF,-0.847,-1.694
T_SEEL-1,6,DF,-0.184,-0.368
T_SHBA-1,6,DF,-1.494,-2.988
T_SHBA-2,6,DF,-0.247,-0.494
T_STAY-1,6,DF,-0.3,-0.6
T_STAY-2,6,DF,-0.8,-1.6
T_STAY-3,6,DF,-0.4,-0.8
T_STLGW-1,6,DF,-0.315,-0.63
T_STLGW-2,6,DF,-0.338,-0.676
T_STLGW-3,6,DF,-0.322,-0.644
T_STRNW-1,6,DF,-0.194,-0.388
T_SUTB-1,6,DF,-0.5,-1.0
T_SVRP-10,6,DF,-0.3,-0.6
T_SVRP-20,6,DF,-0.2,-0.4
T_TORN-D,6,DF,-27.172,-54.344
T_TSREP-1,6,DF,-0.676,-1.352
T_WBURB-3,6,DF,-1.07,-2.14
T_WBURB-41,6,DF,-0.02,-0.04
T_WBURB-43,6,DF,-0.03,-0.06
T_WILCT-1,6,DF,-14.845,-29.69
T_BDCHW-1,7,DF,-0.109,-0.218
T_BEATO-1,7,DF,-0.531,-1.062
T_BEATO-2,7,DF,-0.877,-1.754
T_BEATO-3,7,DF,-1.345,-2.69
T_BEATO-4,7,DF,-1.522,-3.044
T_BEINW-1,7,DF,-0.192,-0.384
T_BHLAW-1,7,DF,-0.403,-0.806
T_BPGRD-1,7,DF,-22.994,-45.988
T_CARR-1,7,DF,-1.1,-2.2
T_CARR-2,7,DF,-1.2,-2.4
T_CGTHW-1,7,DF,-0.068,-0.136
T_CNQPS-1,7,DF,-2.331,-4.662
T_CNQPS-3,7,DF,-2.205,-4.41
T_CNQPS-4,7,DF,-1.953,-3.906
T_COSO-1,7,DF,-0.898,-1.796
T_CREAW-1,7,DF,-0.158,-0.316
T_CRGHD-1,7,DF,-0.003,-0.006
T_DAMC-1,7,DF,-1.9300000000000002,-3.8600000000000003
T_DIDCB6,7,DF,-0.25,-0.5
T_DINO-3,7,DF,-0.6,-1.2
T_DINO-5,7,DF,-0.7000000000000001,-1.4000000000000001
T_DOREW-2,7,DF,-0.002,-0.004
T_DUNGW-1,7,DF,-0.295,-0.59
T_EDINW-1,7,DF,-0.044,-0.088
T_FASN-1,7,DF,-0.003,-0.006
T_FASN-2,7,DF,-0.001,-0.002
T_FERGD-1,7,DF,-0.001,-0.002
T_FERGD-2,7,DF,-0.552,-1.104
T_FFES-1,7,DF,-36.197,-72.394
T_FFES-2,7,DF,-36.186,-72.372
T_FFES-3,7,DF,-0.02,-0.04
T_FFES-4,7,DF,-36.54,-73.08
T_FOYE-1,7,DF,-75.7,-151.4
T_FOYE-2,7,DF,-76.35,-152.7
T_FOYED-1,7,DF,-0.592,-1.184
T_GLNDO-1,7,DF,-0.021,-0.042
T_GORDW-1,7,DF,-0.14100000000000001,-0.28200000000000003
T_GORDW-2,7,DF,-0.075,-0.15
T_GRAI-7,7,DF,-1.05,-2.1
T_GRAI-8,7,DF,-1.15,-2.3
T_GRIFW-1,7,DF,-0.548,-1.096
T_GRIFW-2,7,DF,-0.358,-0.716
T_GYMRD-16,7,DF,-0.001,-0.002
T_GYMRD-E11,7,DF,-0.002,-0.004
T_GYMRD-W11,7,DF,-0.004,-0.008
T_HALSW-1,7,DF,-0.11800000000000001,-0.23600000000000002
T_HEYM2-D,7,DF,-17.648,-35.296
T_HUMRD-1,7,DF,-21.41,-42.82
T_INDQ-1,7,DF,-1.08,-2.16
T_KEAD-1,7,DF,-0.92,-1.84
T_KEADGT-3,7,DF,-0.08,-0.16
T_KILLPG-1,7,DF,-0.385,-0.77
T_KILLPG-2,7,DF,-0.274,-0.548
T_LAGA-1,7,DF,-0.5,-1.0
T_LARKS-1,7,DF,-0.05,-0.1
T_LBAR-1G,7,DF,-0.02,-0.04
T_MEDP-1,7,DF,-1.726,-3.452
T_MOWEO-1,7,DF,-0.002,-0.004
T_MRWD-1,7,DF,-0.2,-0.4
T_PEMB-51,7,DF,-2.75,-5.5
T_PNYCB-1,7,DF,-0.01,-0.02
T_SCCL-1,7,DF,-2.7,-5.4
T_SCCL-4,7,DF,-19.38,-38.76
T_SEAB-2,7,DF,-0.845,-1.69
T_SEEL-1,7,DF,-0.17300000000000001,-0.34600000000000003
T_SHBA-1,7,DF,-1.488,-2.976
T_SHBA-2,7,DF,-0.245,-0.49
T_STAY-1,7,DF,-0.25,-0.5
T_STAY-2,7,DF,-0.8,-1.6
T_STAY-3,7,DF,-0.4,-0.8
T_STLGW-1,7,DF,-0.317,-0.634
T_STLGW-2,7,DF,-0.341,-0.682
T_STLGW-3,7,DF,-0.303,-0.606
T_STRNW-1,7,DF,-0.19,-0.38
T_SUTB-1,7,DF,-0.5,-1.0
T_SVRP-10,7,DF,-0.25,-0.5
T_SVRP-20,7,DF,-0.2,-0.4
T_TORN-D,7,DF,-26.996,-53.992
T_TSREP-1,7,DF,-0.681,-1.362
T_WBURB-3,7,DF,-1.07,-2.14
T_WBURB-41,7,DF,-0.019,-0.038
T_WBURB-43,7,DF,-0.03,-0.06
T_WILCT-1,7,DF,-13.52,-27.04
T_ABRBO-1,8,DF,-0.498,-0.996
T_BDCHW-1,8,DF,-0.108,-0.216
T_BEATO-1,8,DF,-0.41100000000000003,-0.8220000000000001
T_BEATO-2,8,DF,-0.557,-1.114
T_BEATO-3,8,DF,-1.225,-2.45
T_BEATO-4,8,DF,-1.4060000000000001,-2.8120000000000003
T_BEINW-1,8,DF,-0.191,-0.382
T_BHLAW-1,8,DF,-0.34400000000000003,-0.6880000000000001
T_BPGRD-1,8,DF,-23.131,-46.262
T_CARR-1,8,DF,-1.1,-2.2
T_CARR-2,8,DF,-1.3,-2.6
T_CGTHW-1,8,DF,-0.067,-0.134
T_CNQPS-1,8,DF,-2.331,-4.662
T_CNQPS-3,8,DF,-2.205,-4.41
T_CNQPS-4,8,DF,-1.8900000000000001,-3.7800000000000002
T_COSO-1,8,DF,-0.9590000000000001,-1.9180000000000001
T_CREAW-1,8,DF,-0.158,-0.316
T_CRGHD-1,8,DF,-0.003,-0.006
T_DAMC-1,8,DF,-1.935,-3.87
T_DIDCB6,8,DF,-0.3,-0.6
T_DINO-3,8,DF,-0.6,-1.2
T_DINO-5,8,DF,-0.7000000000000001,-1.4000000000000001
T_DOREW-1,8,DF,-0.017,-0.034
T_DOREW-2,8,DF,-0.253,-0.506
T_DUNGW-1,8,DF,-0.294,-0.588
T_EDINW-1,8,DF,-0.041,-0.082
T_FASN-1,8,DF,-0.003,-0.006
T_FASN-2,8,DF,-0.001,-0.002
T_FERGD-1,8,DF,-0.001,-0.002
T_FERGD-2,8,DF,-0.497,-0.994
T_FFES-1,8,DF,-36.356,-72.712
T_FFES-2,8,DF,-36.335,-72.67
T_FFES-3,8,DF,-0.01,-0.02
T_FFES-4,8,DF,-36.69,-73.38
T_FOYE-1,8,DF,-76.15,-152.3
T_FOYE-2,8,DF,-76.75,-153.5
T_FOYED-1,8,DF,-0.591,-1.182
T_FSDLW-1,8,DF,-0.003,-0.006
T_GLNDO-1,8,DF,-0.021,-0.042
T_GORDW-1,8,DF,-0.14,-0.28
T_GORDW-2,8,DF,-0.075,-0.15
T_GRAI-7,8,DF,-1.1,-2.2
T_GRAI-8,8,DF,-1.2,-2.4
T_GRIFW-1,8,DF,-0.542,-1.084
T_GRIFW-2,8,DF,-0.446,-0.892
T_GYMRD-16,8,DF,-0.001,-0.002
T_GYMRD-E10,8,DF,-0.001,-0.002
T_GYMRD-E11,8,DF,-0.002,-0.004
T_GYMRD-W11,8,DF,-0.004,-0.008
T_HALSW-1,8,DF,-0.12,-0.24
T_HEYM2-D,8,DF,-17.724,-35.448
T_HUMRD-1,8,DF,-21.53,-43.06
T_INDQ-1,8,DF,-1.09,-2.18
T_KEAD-1,8,DF,-0.87,-1.74
T_KEADGT-3,8,DF,-0.08,-0.16
T_KILLPG-1,8,DF,-0.385,-0.77
T_KILLPG-2,8,DF,-0.274,-0.548
T_LAGA-1,8,DF,-0.5,-1.0
T_LARKS-1,8,DF,-0.055,-0.11
T_LBAR-1G,8,DF,-0.02,-0.04
T_MEDP-1,8,DF,-1.7149999999999999,-3.4299999999999997
T_MOWEO-1,8,DF,-0.002,-0.004
T_MRWD-1,8,DF,-0.3,-0.6
T_PEMB-51,8,DF,-4.7,-9.4
T_PNYCB-1,8,DF,-0.01,-0.02
T_SCCL-1,8,DF,-2.7,-5.4
T_SCCL-4,8,DF,-19.51,-39.02
T_SEAB-2,8,DF,-0.848,-1.696
T_SEEL-1,8,DF,-0.171,-0.342
T_SHBA-1,8,DF,-1.483,-2.966
T_SHBA-2,8,DF,-0.23500000000000001,-0.47000000000000003
T_STAY-1,8,DF,-0.3,-0.6
T_STAY-2,8,DF,-0.85,-1.7
T_STAY-3,8,DF,-0.4,-0.8
T_STLGW-1,8,DF,-0.322,-0.644
T_STLGW-2,8,DF,-0.306,-0.612
T_STLGW-3,8,DF,-0.307,-0.614
T_STRNW-1,8,DF,-0.189,-0.378
T_SUTB-1,8,DF,-0.5,-1.0
T_SVRP-10,8,DF,-0.3,-0.6
T_SVRP-20,8,DF,-0.2,-0.4
T_TORN-D,8,DF,-27.132,-54.264
T_TSREP-1,8,DF,-0.686,-1.372
T_WBURB-3,8,DF,-1.07,-2.14
T_WBURB-41,8,DF,-0.019,-0.038
T_WBURB-43,8,DF,-0.03,-0.06
T_WILCT-1,8,DF,-9.9,-19.8
T_ABRBO-1,9,DF,-0.481,-0.962
T_BDCHW-1,9,DF,-0.108,-0.216
T_BEATO-3,9,DF,-0.969,-1.938
T_BEATO-4,9,DF,-1.187,-2.374
T_BEINW-1,9,DF,-0.199,-0.398
T_BHLAW-1,9,DF,-0.291,-0.582
T_BPGRD-1,9,DF,-23.217,-46.434
T_CARR-1,9,DF,-1.1,-2.2
T_CARR-2,9,DF,-1.2,-2.4
T_CGTHW-1,9,DF,-0.067,-0.134
T_CNQPS-1,9,DF,-2.331,-4.662
T_CNQPS-3,9,DF,-2.142,-4.284
T_CNQPS-4,9,DF,-1.953,-3.906
T_COSO-1,9,DF,-0.9,-1.8
T_CREAW-1,9,DF,-0.157,-0.314
T_CRGHD-1,9,DF,-0.003,-0.006
T_DAMC-1,9,DF,-1.94,-3.88
T_DIDCB6,9,DF,-0.4,-0.8
T_DINO-3,9,DF,-0.6,-1.2
T_DINO-5,9,DF,-0.7000000000000001,-1.4000000000000001
T_DOREW-1,9,DF,-0.002,-0.004
T_DOREW-2,9,DF,-0.214,-0.428
T_DUNGW-1,9,DF,-0.293,-0.586
T_EDINW-1,9,DF,-0.03,-0.06
T_FASN-1,9,DF,-0.003,-0.006
T_FASN-2,9,DF,-0.001,-0.002
T_FERGD-1,9,DF,-0.001,-0.002
T_FERGD-2,9,DF,-0.501,-1.002
T_FFES-1,9,DF,-36.235,-72.47
T_FFES-2,9,DF,-36.234,-72.468
T_FFES-3,9,DF,-0.02,-0.04
T_FFES-4,9,DF,-36.58,-73.16
T_FOYE-1,9,DF,-76.05,-152.1
T_FOYE-2,9,DF,-76.6,-153.2
T_FOYED-1,9,DF,-0.594,-1.188
T_FSDLW-1,9,DF,-0.006,-0.012
T_GLNDO-1,9,DF,-0.021,-0.042
T_GORDW-1,9,DF,-0.139,-0.278
T_GORDW-2,9,DF,-0.075,-0.15
T_GRAI-7,9,DF,-1.1,-2.2
T_GRAI-8,9,DF,-1.15,-2.3
T_GRIFW-1,9,DF,-0.516,-1.032
T_GRIFW-2,9,DF,-0.387,-0.774
T_GYMRD-16,9,DF,-0.001,-0.002
T_GYMRD-E11,9,DF,-0.002,-0.004
T_GYMRD-W11,9,DF,-0.004,-0.008
T_HALSW-1,9,DF,-0.11800000000000001,-0.23600000000000002
T_HEYM2-D,9,DF,-17.7,-35.4
T_HOWBO-3,9,DF,-0.657,-1.314
T_HUMRD-1,9,DF,-21.64,-43.28
T_INDQ-1,9,DF,-1.1,-2.2
T_KEAD-1,9,DF,-0.92,-1.84
T_KEADGT-3,9,DF,-0.08,-0.16
T_KILLPG-1,9,DF,-0.382,-0.764
T_KILLPG-2,9,DF,-0.273,-0.546
T_LAGA-1,9,DF,-0.5,-1.0
T_LARKS-1,9,DF,-0.05,-0.1
T_LBAR-1G,9,DF,-0.01,-0.02
T_MEDP-1,9,DF,-1.716,-3.432
T_MOWEO-1,9,DF,-0.002,-0.004
T_MRWD-1,9,DF,-0.3,-0.6
T_PNYCB-1,9,DF,-0.01,-0.02
T_SCCL-1,9,DF,-2.75,-5.5
T_SCCL-4,9,DF,-19.65,-39.3
T_SEAB-2,9,DF,-0.853,-1.706
T_SEEL-1,9,DF,-0.17200000000000001,-0.34400000000000003
T_SHBA-1,9,DF,-1.466,-2.932
T_SHBA-2,9,DF,-0.23,-0.46
T_STAY-1,9,DF,-0.25,-0.5
T_STAY-2,9,DF,-0.8,-1.6
T_STAY-3,9,DF,-0.4,-0.8
T_STLGW-1,9,DF,-0.191,-0.382
T_STLGW-3,9,DF,-0.272,-0.544
T_STRNW-1,9,DF,-0.188,-0.376
T_SUTB-1,9,DF,-0.5,-1.0
T_SVRP-10,9,DF,-0.25,-0.5
T_SVRP-20,9,DF,-0.2,-0.4
T_TORN-D,9,DF,-27.124,-54.248
T_TSREP-1,9,DF,-0.6950000000000001,-1.3900000000000001
T_WBURB-3,9,DF,-1.07,-2.14
T_WBURB-41,9,DF,-0.019,-0.038
T_WBURB-43,9,DF,-0.03,-0.06
T_WILCT-1,9,DF,-9.37,-18.74
T_ABRBO-1,10,DF,-0.489,-0.978
T_BDCHW-1,10,DF,-0.108,-0.216
T_BEATO-3,10,DF,-0.558,-1.116
T_BEATO-4,10,DF,-0.978,-1.956
T_BEINW-1,10,DF,-0.188,-0.376
T_BHLAW-1,10,DF,-0.384,-0.768
T_BPGRD-1,10,DF,-23.231,-46.462
T_CARR-1,10,DF,-1.1,-2.2
T_CARR-2,10,DF,-1.2,-2.4
T_CGTHW-1,10,DF,-0.068,-0.136
T_CNQPS-1,10,DF,-2.268,-4.536
T_CNQPS-3,10,DF,-2.205,-4.41
T_CNQPS-4,10,DF,-1.953,-3.906
T_COSO-1,10,DF,-0.879,-1.758
T_CREAW-1,10,DF,-0.158,-0.316
T_CRGHD-1,10,DF,-0.003,-0.006
T_DAMC-1,10,DF,-1.935,-3.87
T_DIDCB6,10,DF,-0.4,-0.8
T_DINO-3,10,DF,-0.6,-1.2
T_DINO-5,10,DF,-0.75,-1.5
T_DOREW-1,10,DF,-0.041,-0.082
T_DOREW-2,10,DF,-0.20600000000000002,-0.41200000000000003
T_DUNGW-1,10,DF,-0.294,-0.588
T_EDINW-1,10,DF,-0.036000000000000004,-0.07200000000000001
T_FASN-1,10,DF,-0.003,-0.006
T_FASN-2,10,DF,-0.001,-0.002
T_FERGD-1,10,DF,-0.001,-0.002
T_FERGD-2,10,DF,-0.5660000000000001,-1.1320000000000001
T_FFES-1,10,DF,-36.065,-72.13
T_FFES-2,10,DF,-36.054,-72.108
T_FFES-3,10,DF,-0.01,-0.02
T_FFES-4,10,DF,-36.4,-72.8
T_FOYE-1,10,DF,-75.8,-151.6
T_FOYE-2,10,DF,-76.35,-152.7
T_FOYED-1,10,DF,-0.593,-1.186
T_GLNDO-1,10,DF,-0.021,-0.042
T_GORDW-1,10,DF,-0.146,-0.292
T_GORDW-2,10,DF,-0.075,-0.15
T_GRAI-7,10,DF,-1.1,-2.2
T_GRAI-8,10,DF,-1.2,-2.4
T_GRIFW-1,10,DF,-0.331,-0.662
T_GRIFW-2,10,DF,-0.273,-0.546
T_GYMRD-16,10,DF,-0.001,-0.002
T_GYMRD-E11,10,DF,-0.001,-0.002
T_GYMRD-W11,10,DF,-0.004,-0.008
T_HALSW-1,10,DF,-0.12,-0.24
T_HEYM2-D,10,DF,-17.676,-35.352
T_HUMRD-1,10,DF,-21.51,-43.02
T_INDQ-1,10,DF,-1.095,-2.19
T_KEAD-1,10,DF,-0.92,-1.84
T_KEADGT-3,10,DF,-0.08,-0.16
T_KILLPG-1,10,DF,-0.379,-0.758
T_KILLPG-2,10,DF,-0.273,-0.546
T_LAGA-1,10,DF,-0.5,-1.0
T_LARKS-1,10,DF,-0.055,-0.11
T_LBAR-1G,10,DF,-0.02,-0.04
T_MEDP-1,10,DF,-1.726,-3.452
T_MOWEO-1,10,DF,-0.002,-0.004
T_MRWD-1,10,DF,-0.2,-0.4
T_PNYCB-1,10,DF,-0.015,-0.03
T_RREW-1,10,DF,-0.014,-0.028
T_SCCL-1,10,DF,-2.7,-5.4
T_SCCL-4,10,DF,-19.51,-39.02
T_SEAB-2,10,DF,-1.025,-2.05
T_SEEL-1,10,DF,-0.17200000000000001,-0.34400000000000003
T_SHBA-1,10,DF,-1.466,-2.932
T_SHBA-2,10,DF,-0.226,-0.452
T_STAY-1,10,DF,-0.25,-0.5
T_STAY-2,10,DF,-1.3,-2.6
T_STAY-3,10,DF,-0.9,-1.8
T_STLGW-3,10,DF,-0.157,-0.314
T_STRNW-1,10,DF,-0.188,-0.376
T_SUTB-1,10,DF,-0.5,-1.0
T_SVRP-10,10,DF,-0.3,-0.6
T_SVRP-20,10,DF,-0.2,-0.4
T_TORN-D,10,DF,-27.076,-54.152
T_TSREP-1,10,DF,-0.685,-1.37
T_WBURB-3,10,DF,-1.069,-2.138
T_WBURB-41,10,DF,-0.019,-0.038
T_WBURB-43,10,DF,-0.031,-0.062
T_WILCT-1,10,DF,-9.08,-18.16
T_ABRBO-1,11,DF,-0.47700000000000004,-0.9540000000000001
T_BDCHW-1,11,DF,-0.108,-0.216
T_BEATO-3,11,DF,-0.293,-0.586
T_BEATO-4,11,DF,-0.488,-0.976
T_BEINW-1,11,DF,-0.152,-0.304
T_BHLAW-1,11,DF,-0.385,-0.77
T_BPGRD-1,11,DF,-23.167,-46.334
T_CARR-1,11,DF,-1.4,-2.8
T_CARR-2,11,DF,-2.1,-4.2
T_CGTHW-1,11,DF,-0.061,-0.122
T_CNQPS-1,11,DF,-2.331,-4.662
T_CNQPS-3,11,DF,-2.142,-4.284
T_CNQPS-4,11,DF,-1.953,-3.906
T_COSO-1,11,DF,-0.923,-1.846
T_CREAW-1,11,DF,-0.165,-0.33
T_CRGHD-1,11,DF,-0.003,-0.006
T_DAMC-1,11,DF,-1.925,-3.85
T_DIDCB6,11,DF,-0.4,-0.8
T_DINO-3,11,DF,-0.6,-1.2
T_DINO-5,11,DF,-0.7000000000000001,-1.4000000000000001
T_DOREW-1,11,DF,-0.279,-0.558
T_DOREW-2,11,DF,-0.27,-0.54
T_DUNGW-1,11,DF,-0.294,-0.588
T_EDINW-1,11,DF,-0.042,-0.084
T_FASN-1,11,DF,-0.003,-0.006
T_FASN-2,11,DF,-0.001,-0.002
T_FERGD-1,11,DF,-0.001,-0.002
T_FERGD-2,11,DF,-0.875,-1.75
T_FFES-1,11,DF,-35.885,-71.77
T_FFES-2,11,DF,-35.884,-71.768
T_FFES-3,11,DF,-0.02,-0.04
T_FFES-4,11,DF,-36.21,-72.42
T_FOYE-1,11,DF,-75.6,-151.2
T_FOYE-2,11,DF,-76.1,-152.2
T_FOYED-1,11,DF,-0.595,-1.19
T_GLNDO-1,11,DF,-0.021,-0.042
T_GORDW-1,11,DF,-0.155,-0.31
T_GORDW-2,11,DF,-0.075,-0.15
T_GRAI-7,11,DF,-1.1,-2.2
T_GRAI-8,11,DF,-1.15,-2.3
T_GRIFW-1,11,DF,-0.397,-0.794
T_GRIFW-2,11,DF,-0.055,-0.11
T_GYMRD-16,11,DF,-0.001,-0.002
T_GYMRD-E11,11,DF,-0.002,-0.004
T_GYMRD-W11,11,DF,-0.004,-0.008
T_HALSW-1,11,DF,-0.11800000000000001,-0.23600000000000002
T_HEYM2-D,11,DF,-17.628,-35.256
T_HUMRD-1,11,DF,-21.34,-42.68
T_INDQ-1,11,DF,-1.095,-2.19
T_KEAD-1,11,DF,-0.865,-1.73
T_KEADGT-3,11,DF,-0.085,-0.17
T_KILLPG-1,11,DF,-0.378,-0.756
T_KILLPG-2,11,DF,-0.272,-0.544
T_LAGA-1,11,DF,-0.5,-1.0
T_LARKS-1,11,DF,-0.055,-0.11
T_LBAR-1G,11,DF,-0.02,-0.04
T_MEDP-1,11,DF,-1.712,-3.424
T_MOWEO-1,11,DF,-0.002,-0.004
T_MRWD-1,11,DF,-0.3,-0.6
T_PNYCB-1,11,DF,-0.01,-0.02
T_SCCL-1,11,DF,-2.75,-5.5
T_SCCL-4,11,DF,-19.39,-38.78
T_SEAB-2,11,DF,-1.119,-2.238
T_SEEL-1,11,DF,-0.171,-0.342
T_SHBA-1,11,DF,-1.469,-2.938
T_SHBA-2,11,DF,-0.254,-0.508
T_STAY-1,11,DF,-0.25,-0.5
T_STAY-2,11,DF,-2.65,-5.3
T_STAY-3,11,DF,-1.65,-3.3
T_STLGW-1,11,DF,-0.005,-0.01
T_STLGW-3,11,DF,-0.15,-0.3
T_STRNW-1,11,DF,-0.187,-0.374
T_SUTB-1,11,DF,-0.4,-0.8
T_SVRP-10,11,DF,-0.3,-0.6
T_SVRP-20,11,DF,-0.2,-0.4
T_TORN-D,11,DF,-27.028,-54.056
T_TSREP-1,11,DF,-0.6900000000000001,-1.3800000000000001
T_WBURB-3,11,DF,-1.021,-2.042
T_WBURB-41,11,DF,-0.019,-0.038
T_WBURB-43,11,DF,-0.03,-0.06
T_WILCT-1,11,DF,-8.71,-17.42
T_BDCHW-1,12,DF,-0.106,-0.212
T_BEINW-1,12,DF,-0.17300000000000001,-0.34600000000000003
T_BHLAW-1,12,DF,-0.395,-0.79
T_BPGRD-1,12,DF,-23.559,-47.118
T_CARR-1,12,DF,-2.2,-4.4
T_CARR-2,12,DF,-2.2,-4.4
T_CNQPS-1,12,DF,-2.394,-4.788
T_CNQPS-3,12,DF,-2.205,-4.41
T_CNQPS-4,12,DF,-1.8900000000000001,-3.7800000000000002
T_COSO-1,12,DF,-0.9460000000000001,-1.8920000000000001
T_CREAW-1,12,DF,-0.192,-0.384
T_CRGHD-1,12,DF,-0.003,-0.006
T_DAMC-1,12,DF,-1.925,-3.85
T_DIDCB6,12,DF,-0.35000000000000003,-0.7000000000000001
T_DINO-3,12,DF,-0.55,-1.1
T_DINO-5,12,DF,-0.7000000000000001,-1.4000000000000001
T_DOREW-1,12,DF,-0.328,-0.656
T_DOREW-2,12,DF,-0.275,-0.55
T_DUNGW-1,12,DF,-0.304,-0.608
T_EDINW-1,12,DF,-0.037,-0.074
T_FASN-1,12,DF,-0.003,-0.006
T_FASN-2,12,DF,-0.001,-0.002
T_FERGD-1,12,DF,-0.001,-0.002
T_FERGD-2,12,DF,-0.704,-1.408
T_FFES-1,12,DF,-35.895,-71.79
T_FFES-2,12,DF,-35.904,-71.808
T_FFES-3,12,DF,-0.01,-0.02
T_FFES-4,12,DF,-36.24,-72.48
T_FOYE-1,12,DF,-75.8,-151.6
T_FOYE-2,12,DF,-76.2,-152.4
T_FOYED-1,12,DF,-0.596,-1.192
T_FSDLW-1,12,DF,-0.016,-0.032
T_GLNDO-1,12,DF,-0.021,-0.042
T_GORDW-1,12,DF,-0.153,-0.306
T_GORDW-2,12,DF,-0.075,-0.15
T_GRAI-7,12,DF,-1.1,-2.2
T_GRAI-8,12,DF,-1.2,-2.4
T_GRIFW-1,12,DF,-0.062,-0.124
T_GYMRD-16,12,DF,-0.001,-0.002
T_GYMRD-E11,12,DF,-0.001,-0.002
T_GYMRD-W11,12,DF,-0.004,-0.008
T_HALSW-1,12,DF,-0.11900000000000001,-0.23800000000000002
T_HEYM2-D,12,DF,-17.716,-35.432
T_HUMRD-1,12,DF,-20.58,-41.16
T_INDQ-1,12,DF,-1.095,-2.19
T_KEAD-1,12,DF,-0.87,-1.74
T_KEADGT-3,12,DF,-0.08,-0.16
T_KILLPG-1,12,DF,-0.378,-0.756
T_KILLPG-2,12,DF,-0.273,-0.546
T_LAGA-1,12,DF,-0.5,-1.0
T_LARKS-1,12,DF,-0.075,-0.15
T_LBAR-1G,12,DF,-0.01,-0.02
T_MEDP-1,12,DF,-1.7189999999999999,-3.4379999999999997
T_MOWEO-1,12,DF,-0.002,-0.004
T_MRWD-1,12,DF,-0.2,-0.4
T_PNYCB-1,12,DF,-0.01,-0.02
T_SCCL-1,12,DF,-2.7,-5.4
T_SCCL-4,12,DF,-19.34,-38.68
T_SEAB-2,12,DF,-0.85,-1.7
T_SEEL-1,12,DF,-0.183,-0.366
T_SHBA-1,12,DF,-1.472,-2.944
T_SHBA-2,12,DF,-0.256,-0.512
T_STAY-1,12,DF,-0.3,-0.6
T_STAY-3,12,DF,-2.95,-5.9
T_STLGW-1,12,DF,-0.053,-0.106
T_STLGW-3,12,DF,-0.026000000000000002,-0.052000000000000005
T_STRNW-1,12,DF,-0.203,-0.406
T_SUTB-1,12,DF,-0.5,-1.0
T_SVRP-10,12,DF,-0.25,-0.5
T_SVRP-20,12,DF,-0.2,-0.4
T_TORN-D,12,DF,-27.08,-54.16
T_TSREP-1,12,DF,-0.68,-1.36
T_WBURB-3,12,DF,-1.07,-2.14
T_WBURB-41,12,DF,-0.019,-0.038
T_WBURB-43,12,DF,-0.03,-0.06
T_WILCT-1,12,DF,-8.84,-17.68
T_BDCHW-1,13,DF,-0.10200000000000001,-0.20400000000000001
T_BHLAW-1,13,DF,-0.373,-0.746
T_BPGRD-1,13,DF,-23.633,-47.266
T_CNQPS-1,13,DF,-2.331,-4.662
T_CNQPS-3,13,DF,-2.142,-4.284
T_CNQPS-4,13,DF,-1.953,-3.906
T_COSO-1,13,DF,-0.842,-1.684
T_CREAW-1,13,DF,-0.244,-0.488
T_CRGHD-1,13,DF,-0.003,-0.006
T_DAMC-1,13,DF,-1.9300000000000002,-3.8600000000000003
T_DIDCB6,13,DF,-0.35000000000000003,-0.7000000000000001
T_DINO-3,13,DF,-0.6,-1.2
T_DINO-5,13,DF,-0.7000000000000001,-1.4000000000000001
T_DOREW-1,13,DF,-0.318,-0.636
T_DOREW-2,13,DF,-0.263,-0.526
T_DUNGW-1,13,DF,-0.311,-0.622
T_EDINW-1,13,DF,-0.041,-0.082
T_FASN-1,13,DF,-0.003,-0.006
T_FASN-2,13,DF,-0.001,-0.002
T_FERGD-1,13,DF,-0.001,-0.002
T_FERGD-2,13,DF,-1.054,-2.108
T_FFES-1,13,DF,-35.857,-71.714
T_FFES-2,13,DF,-35.866,-71.732
T_FFES-3,13,DF,-0.02,-0.04
T_FFES-4,13,DF,-36.2,-72.4
T_FOYE-1,13,DF,-75.85,-151.7
T_FOYE-2,13,DF,-76.3,-152.6
T_FOYED-1,13,DF,-0.597,-1.194
T_FSDLW-1,13,DF,-0.022,-0.044
T_GLNDO-1,13,DF,-0.021,-0.042
T_GORDW-1,13,DF,-0.149,-0.298
T_GORDW-2,13,DF,-0.075,-0.15
T_GRAI-7,13,DF,-1.1,-2.2
T_GRAI-8,13,DF,-1.2,-2.4
T_GRIFW-1,13,DF,-0.343,-0.686
T_GYMRD-16,13,DF,-0.001,-0.002
T_GYMRD-E11,13,DF,-0.001,-0.002
T_GYMRD-W11,13,DF,-0.004,-0.008
T_HALSW-1,13,DF,-0.127,-0.254
T_HEYM2-D,13,DF,-17.74,-35.48
T_HUMRD-1,13,DF,-20.18,-40.36
T_INDQ-1,13,DF,-1.065,-2.13
T_KEAD-1,13,DF,-0.92,-1.84
T_KEADGT-3,13,DF,-0.08,-0.16
T_KILLPG-1,13,DF,-0.38,-0.76
T_KILLPG-2,13,DF,-0.275,-0.55
T_LAGA-1,13,DF,-0.5,-1.0
T_LBAR-1G,13,DF,-0.02,-0.04
T_MEDP-1,13,DF,-1.713,-3.426
T_MOWEO-1,13,DF,-0.002,-0.004
T_MRWD-1,13,DF,-0.3,-0.6
T_PNYCB-1,13,DF,-0.01,-0.02
T_SCCL-1,13,DF,-2.75,-5.5
T_SCCL-4,13,DF,-19.28,-38.56
T_SEAB-2,13,DF,-0.843,-1.686
T_SEEL-1,13,DF,-0.166,-0.332
T_SHBA-1,13,DF,-1.472,-2.944
T_SHBA-2,13,DF,-0.23500000000000001,-0.47000000000000003
T_STAY-1,13,DF,-0.25,-0.5
T_STLGW-1,13,DF,-0.017,-0.034
T_STLGW-3,13,DF,-0.222,-0.444
T_STRNW-1,13,DF,-0.188,-0.376
T_SUTB-1,13,DF,-0.5,-1.0
T_SVRP-10,13,DF,-0.3,-0.6
T_SVRP-20,13,DF,-0.2,-0.4
T_TORN-D,13,DF,-27.072,-54.144
T_TSREP-1,13,DF,-0.671,-1.342
T_WBURB-3,13,DF,-1.02,-2.04
T_WBURB-41,13,DF,-0.019,-0.038
T_WBURB-43,13,DF,-0.03,-0.06
T_WILCT-1,13,DF,-9.085,-18.17
T_BDCHW-1,14,DF,-0.10200000000000001,-0.20400000000000001
T_BEINW-1,14,DF,-0.028,-0.056
T_BHLAW-1,14,DF,-0.34800000000000003,-0.6960000000000001
T_BPGRD-1,14,DF,-22.956,-45.912
T_CGTHW-1,14,DF,-0.053,-0.106
T_CNQPS-1,14,DF,-2.268,-4.536
T_CNQPS-3,14,DF,-2.205,-4.41
T_CNQPS-4,14,DF,-1.8900000000000001,-3.7800000000000002
T_COSO-1,14,DF,-0.935,-1.87
T_CREAW-1,14,DF,-0.216,-0.432
T_CRGHD-1,14,DF,-0.003,-0.006
T_DAMC-1,14,DF,-1.92,-3.84
T_DIDCB6,14,DF,-0.3,-0.6
T_DINO-3,14,DF,-0.6,-1.2
T_DINO-5,14,DF,-0.7000000000000001,-1.4000000000000001
T_DOREW-1,14,DF,-0.305,-0.61
T_DOREW-2,14,DF,-0.256,-0.512
T_DUNGW-1,14,DF,-0.304,-0.608
T_EDINW-1,14,DF,-0.042,-0.084
T_FASN-1,14,DF,-0.003,-0.006
T_FASN-2,14,DF,-0.001,-0.002
T_FERGD-1,14,DF,-0.04,-0.08
T_FERGD-2,14,DF,-0.854,-1.708
T_FFES-1,14,DF,-11.583,-23.166
T_FFES-2,14,DF,-17.528,-35.056
T_FFES-3,14,DF,-0.01,-0.02
T_FFES-4,14,DF,-7.0,-14.0
T_FOYE-1,14,DF,-75.3,-150.6
T_FOYE-2,14,DF,-75.85,-151.7
T_FOYED-1,14,DF,-0.597,-1.194
T_FSDLW-1,14,DF,-0.018000000000000002,-0.036000000000000004
T_GLNDO-1,14,DF,-0.021,-0.042
T_GORDW-1,14,DF,-0.128,-0.256
T_GORDW-2,14,DF,-0.075,-0.15
T_GRAI-7,14,DF,-1.1,-2.2
T_GRAI-8,14,DF,-1.15,-2.3
T_GRIFW-1,14,DF,-0.248,-0.496
T_GYMRD-16,14,DF,-0.001,-0.002
T_GYMRD-E11,14,DF,-0.001,-0.002
T_GYMRD-W11,14,DF,-0.004,-0.008
T_HALSW-1,14,DF,-0.121,-0.242
T_HEYM2-D,14,DF,-17.732,-35.464
T_HUMRD-1,14,DF,-20.16,-40.32
T_INDQ-1,14,DF,-1.045,-2.09
T_KEAD-1,14,DF,-0.8200000000000001,-1.6400000000000001
T_KEADGT-3,14,DF,-0.08,-0.16
T_KILLPG-1,14,DF,-0.383,-0.766
T_KILLPG-2,14,DF,-0.277,-0.554
T_KTHLW-1,14,DF,-0.01,-0.02
T_LAGA-1,14,DF,-0.5,-1.0
T_LBAR-1G,14,DF,-0.01,-0.02
T_MEDP-1,14,DF,-1.709,-3.418
T_MOWEO-1,14,DF,-0.002,-0.004
T_MRWD-1,14,DF,-0.2,-0.4
T_PNYCB-1,14,DF,-0.01,-0.02
T_SCCL-1,14,DF,-2.7,-5.4
T_SCCL-4,14,DF,-19.25,-38.5
T_SEAB-2,14,DF,-0.84,-1.68
T_SEEL-1,14,DF,-0.167,-0.334
T_SHBA-1,14,DF,-1.468,-2.936
T_SHBA-2,14,DF,-0.228,-0.456
T_STAY-1,14,DF,-0.25,-0.5
T_STLGW-3,14,DF,-0.249,-0.498
T_STRNW-1,14,DF,-0.184,-0.368
T_SUTB-1,14,DF,-0.5,-1.0
T_SVRP-10,14,DF,-0.25,-0.5
T_SVRP-20,14,DF,-0.2,-0.4
T_TORN-D,14,DF,-26.972,-53.944
T_TSREP-1,14,DF,-0.645,-1.29
T_WBURB-3,14,DF,-1.071,-2.142
T_WBURB-41,14,DF,-0.019,-0.038
T_WBURB-43,14,DF,-0.029,-0.058
T_WILCT-1,14,DF,-9.02,-18.04
T_BDCHW-1,15,DF,-0.117,-0.234
T_BEINW-1,15,DF,-0.005,-0.01
T_BHLAW-1,15,DF,-0.387,-0.774
T_BPGRD-1,15,DF,-23.241,-46.482
T_CGTHW-1,15,DF,-0.066,-0.132
T_CNQPS-1,15,DF,-2.331,-4.662
T_CNQPS-3,15,DF,-2.142,-4.284
T_CNQPS-4,15,DF,-1.953,-3.906
T_COSO-1,15,DF,-0.902,-1.804
T_CREAW-1,15,DF,-0.221,-0.442
T_CRGHD-1,15,DF,-0.003,-0.006
T_DAMC-1,15,DF,-1.925,-3.85
T_DIDCB6,15,DF,-0.35000000000000003,-0.7000000000000001
T_DINO-3,15,DF,-0.6,-1.2
T_DINO-5,15,DF,-0.75,-1.5
T_DOREW-1,15,DF,-0.305,-0.61
T_DOREW-2,15,DF,-0.266,-0.532
T_DUNGW-1,15,DF,-0.307,-0.614
T_EDINW-1,15,DF,-0.041,-0.082
T_FASN-1,15,DF,-0.003,-0.006
T_FASN-2,15,DF,-0.001,-0.002
T_FERGD-1,15,DF,-0.223,-0.446
T_FERGD-2,15,DF,-0.706,-1.412
T_FFES-1,15,DF,-0.021,-0.042
T_FFES-3,15,DF,-0.02,-0.04
T_FFES-4,15,DF,-0.02,-0.04
T_FOYE-1,15,DF,-24.9,-49.8
T_FOYE-2,15,DF,-21.85,-43.7
T_FOYED-1,15,DF,-0.265,-0.53
T_GLNDO-1,15,DF,-0.021,-0.042
T_GORDW-1,15,DF,-0.148,-0.296
T_GORDW-2,15,DF,-0.075,-0.15
T_GRAI-7,15,DF,-1.15,-2.3
T_GRAI-8,15,DF,-1.2,-2.4
T_GRIFW-1,15,DF,-0.126,-0.252
T_GYMRD-16,15,DF,-0.001,-0.002
T_GYMRD-E11,15,DF,-0.001,-0.002
T_GYMRD-W11,15,DF,-0.004,-0.008
T_HALSW-1,15,DF,-0.111,-0.222
T_HEYM2-D,15,DF,-17.784,-35.568
T_HUMRD-1,15,DF,-20.25,-40.5
T_INDQ-1,15,DF,-1.045,-2.09
T_KEAD-1,15,DF,-0.92,-1.84
T_KEADGT-3,15,DF,-0.08,-0.16
T_KILLPG-1,15,DF,-0.379,-0.758
T_KILLPG-2,15,DF,-0.274,-0.548
T_KTHLW-1,15,DF,-0.006,-0.012
T_LAGA-1,15,DF,-0.5,-1.0
T_LBAR-1G,15,DF,-0.02,-0.04
T_MEDP-1,15,DF,-1.695,-3.39
T_MOWEO-1,15,DF,-0.002,-0.004
T_MRWD-1,15,DF,-0.3,-0.6
T_PNYCB-1,15,DF,-0.015,-0.03
T_SCCL-1,15,DF,-2.7,-5.4
T_SCCL-4,15,DF,-19.36,-38.72
T_SEAB-2,15,DF,-0.841,-1.682
T_SEEL-1,15,DF,-0.17300000000000001,-0.34600000000000003
T_SHBA-1,15,DF,-1.479,-2.958
T_SHBA-2,15,DF,-0.252,-0.504
T_STAY-1,15,DF,-0.3,-0.6
T_STLGW-3,15,DF,-0.163,-0.326
T_STRNW-1,15,DF,-0.201,-0.402
T_SUTB-1,15,DF,-0.5,-1.0
T_SVRP-10,15,DF,-0.3,-0.6
T_SVRP-20,15,DF,-0.15,-0.3
T_TORN-D,15,DF,-27.104,-54.208
T_TSREP-1,15,DF,-0.655,-1.31
T_WBURB-3,15,DF,-1.171,-2.342
T_WBURB-41,15,DF,-0.019,-0.038
T_WBURB-43,15,DF,-0.03,-0.06
T_WILCT-1,15,DF,-8.92,-17.84
T_BDCHW-1,16,DF,-0.11,-0.22
T_BEINW-1,16,DF,-0.15,-0.3
T_BHLAW-1,16,DF,-0.41300000000000003,-0.8260000000000001
T_BPGRD-1,16,DF,-22.962,-45.924
T_CGTHW-1,16,DF,-0.064,-0.128
T_CNQPS-1,16,DF,-2.331,-4.662
T_CNQPS-3,16,DF,-2.205,-4.41
T_CNQPS-4,16,DF,-1.8900000000000001,-3.7800000000000002
T_COSO-1,16,DF,-0.847,-1.694
T_CREAW-1,16,DF,-0.28,-0.56
T_CRGHD-1,16,DF,-0.003,-0.006
T_DAMC-1,16,DF,-1.925,-3.85
T_DIDCB6,16,DF,-0.35000000000000003,-0.7000000000000001
T_DINO-3,16,DF,-0.6,-1.2
T_DINO-5,16,DF,-0.7000000000000001,-1.4000000000000001
T_DOREW-1,16,DF,-0.302,-0.604
T_DOREW-2,16,DF,-0.266,-0.532
T_DUNGW-1,16,DF,-0.318,-0.636
T_EDINW-1,16,DF,-0.029,-0.058
T_FASN-1,16,DF,-0.003,-0.006
T_FASN-2,16,DF,-0.001,-0.002
T_FERGD-1,16,DF,-0.34400000000000003,-0.6880000000000001
T_FERGD-2,16,DF,-0.797,-1.594
T_FFES-1,16,DF,-0.011,-0.022
T_FFES-3,16,DF,-0.01,-0.02
T_FFES-4,16,DF,-0.01,-0.02
T_FOYED-1,16,DF,-0.335,-0.67
T_GLNDO-1,16,DF,-0.021,-0.042
T_GORDW-1,16,DF,-0.14300000000000002,-0.28600000000000003
T_GORDW-2,16,DF,-0.075,-0.15
T_GRAI-7,16,DF,-1.1,-2.2
T_GRAI-8,16,DF,-1.2,-2.4
T_GRIFW-1,16,DF,-0.257,-0.514
T_GYMRD-16,16,DF,-0.001,-0.002
T_GYMRD-E11,16,DF,-0.001,-0.002
T_GYMRD-W11,16,DF,-0.004,-0.008
T_HALSW-1,16,DF,-0.046,-0.092
T_HEYM2-D,16,DF,-17.748,-35.496
T_HUMRD-1,16,DF,-20.15,-40.3
T_INDQ-1,16,DF,-1.05,-2.1
T_KEAD-1,16,DF,-0.87,-1.74
T_KEADGT-3,16,DF,-0.08,-0.16
T_KILLPG-1,16,DF,-0.382,-0.764
T_KILLPG-2,16,DF,-0.276,-0.552
T_LAGA-1,16,DF,-0.5,-1.0
T_LBAR-1G,16,DF,-0.01,-0.02
T_MEDP-1,16,DF,-1.682,-3.364
T_MOWEO-1,16,DF,-0.002,-0.004
T_MRWD-1,16,DF,-0.2,-0.4
T_PNYCB-1,16,DF,-0.01,-0.02
T_SCCL-1,16,DF,-2.7,-5.4
T_SCCL-4,16,DF,-19.31,-38.62
T_SEAB-1,16,DF,-3.042,-6.084
T_SEAB-2,16,DF,-0.836,-1.672
T_SEEL-1,16,DF,-0.17300000000000001,-0.34600000000000003
T_SHBA-1,16,DF,-1.4809999999999999,-2.9619999999999997
T_SHBA-2,16,DF,-0.253,-0.506
T_STAY-1,16,DF,-0.25,-0.5
T_STLGW-3,16,DF,-0.18,-0.36
T_STRNW-1,16,DF,-0.192,-0.384
T_SUTB-1,16,DF,-0.5,-1.0
T_SVRP-10,16,DF,-0.25,-0.5
T_SVRP-20,16,DF,-0.2,-0.4
T_TORN-D,16,DF,-26.988,-53.976
T_TSREP-1,16,DF,-0.655,-1.31
T_WBURB-3,16,DF,-1.22,-2.44
T_WBURB-41,16,DF,-0.019,-0.038
T_WBURB-43,16,DF,-0.03,-0.06
T_WILCT-1,16,DF,-8.8,-17.6
T_BDCHW-1,17,DF,-0.07200000000000001,-0.14400000000000002
T_BEINW-1,17,DF,-0.029,-0.058
T_BHLAW-1,17,DF,-0.381,-0.762
T_BPGRD-1,17,DF,-23.39,-46.78
T_CGTHW-1,17,DF,-0.027,-0.054
T_CNQPS-1,17,DF,-2.331,-4.662
T_CNQPS-3,17,DF,-2.205,-4.41
T_CNQPS-4,17,DF,-1.8900000000000001,-3.7800000000000002
T_COSO-1,17,DF,-0.84,-1.68
T_COUWW-1,17,DF,-0.043000000000000003,-0.08600000000000001
T_CREAW-1,17,DF,-0.269,-0.538
T_CRGHD-1,17,DF,-0.004,-0.008
T_DAMC-1,17,DF,-1.94,-3.88
T_DIDCB6,17,DF,-0.4,-0.8
T_DINO-3,17,DF,-0.6,-1.2
T_DINO-5,17,DF,-0.75,-1.5
T_DOREW-1,17,DF,-0.28200000000000003,-0.5640000000000001
T_DOREW-2,17,DF,-0.243,-0.486
T_DUNGW-1,17,DF,-0.314,-0.628
T_FASN-1,17,DF,-0.003,-0.006
T_FASN-2,17,DF,-0.001,-0.002
T_FERGD-1,17,DF,-0.35100000000000003,-0.7020000000000001
T_FERGD-2,17,DF,-0.87,-1.74
T_FFES-1,17,DF,-0.021,-0.042
T_FFES-3,17,DF,-0.02,-0.04
T_FFES-4,17,DF,-0.02,-0.04
T_FOYE-2,17,DF,-1.2,-2.4
T_FOYED-1,17,DF,-0.536,-1.072
T_FSDLW-1,17,DF,-0.025,-0.05
T_GLNDO-1,17,DF,-0.021,-0.042
T_GORDW-1,17,DF,-0.133,-0.266
T_GORDW-2,17,DF,-0.075,-0.15
T_GRAI-7,17,DF,-1.15,-2.3
T_GRAI-8,17,DF,-1.2,-2.4
T_GRIFW-1,17,DF,-0.07,-0.14
T_GYMRD-16,17,DF,-0.001,-0.002
T_GYMRD-E11,17,DF,-0.002,-0.004
T_GYMRD-W11,17,DF,-0.004,-0.008
T_HALSW-1,17,DF,-0.006,-0.012
T_HEYM2-D,17,DF,-17.936,-35.872
T_HUMRD-1,17,DF,-21.21,-42.42
T_INDQ-1,17,DF,-1.05,-2.1
T_KEAD-1,17,DF,-0.87,-1.74
T_KEADGT-3,17,DF,-0.08,-0.16
T_KILLPG-1,17,DF,-0.383,-0.766
T_KILLPG-2,17,DF,-0.276,-0.552
T_LAGA-1,17,DF,-0.5,-1.0
T_LBAR-1,17,DF,-3.79,-7.58
T_LBAR-1G,17,DF,-0.01,-0.02
T_MEDP-1,17,DF,-1.615,-3.23
T_MOWEO-1,17,DF,-0.002,-0.004
T_MRWD-1,17,DF,-0.3,-0.6
T_PNYCB-1,17,DF,-0.01,-0.02
T_SCCL-1,17,DF,-2.75,-5.5
T_SCCL-4,17,DF,-19.46,-38.92
T_SEAB-1,17,DF,-2.651,-5.302
T_SEAB-2,17,DF,-0.843,-1.686
T_SEEL-1,17,DF,-0.17300000000000001,-0.34600000000000003
T_SHBA-1,17,DF,-1.483,-2.966
T_SHBA-2,17,DF,-0.23500000000000001,-0.47000000000000003
T_STAY-1,17,DF,-0.25,-0.5
T_STLGW-3,17,DF,-0.1,-0.2
T_SUTB-1,17,DF,-0.5,-1.0
T_SVRP-10,17,DF,-0.3,-0.6
T_SVRP-20,17,DF,-0.2,-0.4
T_TORN-D,17,DF,-27.284,-54.568
T_TSREP-1,17,DF,-0.652,-1.304
T_WBURB-3,17,DF,-1.02,-2.04
T_WBURB-41,17,DF,-0.019,-0.038
T_WBURB-43,17,DF,-0.03,-0.06
T_WILCT-1,17,DF,-5.21,-10.42
T_BHLAW-1,18,DF,-0.391,-0.782
T_BPGRD-1,18,DF,-22.953,-45.906
T_CNQPS-1,18,DF,-2.394,-4.788
T_CNQPS-3,18,DF,-2.205,-4.41
T_CNQPS-4,18,DF,-1.953,-3.906
T_COSO-1,18,DF,-0.87,-1.74
T_COUWW-1,18,DF,-0.042,-0.084
T_CREAW-1,18,DF,-0.261,-0.522
T_CRGHD-1,18,DF,-0.003,-0.006
T_DAMC-1,18,DF,-1.94,-3.88
T_DIDCB6,18,DF,-0.5,-1.0
T_DINO-3,18,DF,-0.65,-1.3
T_DINO-5,18,DF,-0.75,-1.5
T_DOREW-1,18,DF,-0.274,-0.548
T_DOREW-2,18,DF,-0.23600000000000002,-0.47200000000000003
T_DUNGW-1,18,DF,-0.311,-0.622
T_FASN-1,18,DF,-0.003,-0.006
T_FASN-2,18,DF,-0.001,-0.002
T_FERGD-1,18,DF,-0.406,-0.812
T_FERGD-2,18,DF,-0.873,-1.746
T_FFES-1,18,DF,-0.011,-0.022
T_FFES-3,18,DF,-0.01,-0.02
T_FFES-4,18,DF,-0.01,-0.02
T_FOYE-1,18,DF,-0.9500000000000001,-1.9000000000000001
T_FOYE-2,18,DF,-0.15,-0.3
T_FOYED-1,18,DF,-0.315,-0.63
T_FSDLW-1,18,DF,-0.019,-0.038
T_GLNDO-1,18,DF,-0.02,-0.04
T_GORDW-1,18,DF,-0.145,-0.29
T_GORDW-2,18,DF,-0.074,-0.148
T_GRAI-7,18,DF,-1.15,-2.3
T_GRAI-8,18,DF,-1.2,-2.4
T_GRIFW-2,18,DF,-0.185,-0.37
T_GYMRD-16,18,DF,-0.001,-0.002
T_GYMRD-E11,18,DF,-0.001,-0.002
T_GYMRD-W11,18,DF,-0.003,-0.006
T_HEYM2-D,18,DF,-17.868,-35.736
T_HUMRD-1,18,DF,-21.98,-43.96
T_INDQ-1,18,DF,-1.045,-2.09
T_KEAD-1,18,DF,-0.87,-1.74
T_KEADGT-3,18,DF,-0.08,-0.16
T_KILLPG-1,18,DF,-0.384,-0.768
T_KILLPG-2,18,DF,-0.275,-0.55
T_LAGA-1,18,DF,-0.5,-1.0
T_LARKS-1,18,DF,-0.06,-0.12
T_LBAR-1,18,DF,-1.6400000000000001,-3.2800000000000002
T_LBAR-1G,18,DF,-0.01,-0.02
T_MEDP-1,18,DF,-1.624,-3.248
T_MOWEO-1,18,DF,-0.002,-0.004
T_MRWD-1,18,DF,-0.3,-0.6
T_PNYCB-1,18,DF,-0.01,-0.02
T_SCCL-1,18,DF,-2.7,-5.4
T_SCCL-4,18,DF,-19.44,-38.88
T_SEAB-1,18,DF,-2.075,-4.15
T_SEAB-2,18,DF,-0.842,-1.684
T_SEEL-1,18,DF,-0.17200000000000001,-0.34400000000000003
T_SHBA-1,18,DF,-1.496,-2.992
T_SHBA-2,18,DF,-0.244,-0.488
T_STAY-1,18,DF,-0.25,-0.5
T_STLGW-2,18,DF,-0.096,-0.192
T_STLGW-3,18,DF,-0.228,-0.456
T_SUTB-1,18,DF,-0.5,-1.0
T_SVRP-10,18,DF,-0.25,-0.5
T_SVRP-20,18,DF,-0.2,-0.4
T_TORN-D,18,DF,-27.176,-54.352
T_TSREP-1,18,DF,-0.665,-1.33
T_WBURB-3,18,DF,-1.07,-2.14
T_WBURB-41,18,DF,-0.02,-0.04
T_WBURB-43,18,DF,-0.03,-0.06
T_WILCT-1,18,DF,-1.145,-2.29
T_BHLAW-1,19,DF,-0.426,-0.852
T_BPGRD-1,19,DF,-23.15,-46.3
T_CNQPS-1,19,DF,-2.394,-4.788
T_CNQPS-3,19,DF,-2.205,-4.41
T_CNQPS-4,19,DF,-1.953,-3.906
T_COSO-1,19,DF,-0.792,-1.584
T_COUWW-1,19,DF,-0.027,-0.054
T_CREAW-1,19,DF,-0.191,-0.382
T_CRGHD-1,19,DF,-0.003,-0.006
T_DAMC-1,19,DF,-1.9300000000000002,-3.8600000000000003
T_DIDCB6,19,DF,-0.45,-0.9
T_DINO-3,19,DF,-0.6,-1.2
T_DINO-5,19,DF,-0.75,-1.5
T_DOREW-1,19,DF,-0.161,-0.322
T_DOREW-2,19,DF,-0.079,-0.158
T_DUNGW-1,19,DF,-0.31,-0.62
T_FASN-1,19,DF,-0.003,-0.006
T_FASN-2,19,DF,-0.001,-0.002
T_FERGD-1,19,DF,-0.46,-0.92
T_FERGD-2,19,DF,-0.712,-1.424
T_FFES-1,19,DF,-0.021,-0.042
T_FFES-2,19,DF,-0.011,-0.022
T_FFES-3,19,DF,-0.02,-0.04
T_FFES-4,19,DF,-0.02,-0.04
T_FOYED-1,19,DF,-0.296,-0.592
T_FSDLW-1,19,DF,-0.022,-0.044
T_GLNDO-1,19,DF,-0.021,-0.042
T_GORDW-1,19,DF,-0.135,-0.27
T_GORDW-2,19,DF,-0.075,-0.15
T_GRAI-7,19,DF,-1.15,-2.3
T_GRAI-8,19,DF,-0.5,-1.0
T_GYMRD-16,19,DF,-0.001,-0.002
T_GYMRD-E11,19,DF,-0.002,-0.004
T_GYMRD-W11,19,DF,-0.004,-0.008
T_HEYM2-D,19,DF,-17.876,-35.752
T_HUMRD-1,19,DF,-22.58,-45.16
T_INDQ-1,19,DF,-1.05,-2.1
T_KEAD-1,19,DF,-0.92,-1.84
T_KEADGT-3,19,DF,-0.08,-0.16
T_KILLPG-1,19,DF,-0.383,-0.766
T_KILLPG-2,19,DF,-0.274,-0.548
T_LAGA-1,19,DF,-0.5,-1.0
T_LARKS-1,19,DF,-0.045,-0.09
T_LBAR-1,19,DF,-1.19,-2.38
T_LBAR-1G,19,DF,-0.01,-0.02
T_MEDP-1,19,DF,-1.627,-3.254
T_MOWEO-1,19,DF,-0.002,-0.004
T_MRWD-1,19,DF,-0.3,-0.6
T_PNYCB-1,19,DF,-0.015,-0.03
T_SCCL-1,19,DF,-2.7,-5.4
T_SCCL-4,19,DF,-19.36,-38.72
T_SEAB-1,19,DF,-1.714,-3.428
T_SEAB-2,19,DF,-0.84,-1.68
T_SEEL-1,19,DF,-0.179,-0.358
T_SHBA-1,19,DF,-1.4849999999999999,-2.9699999999999998
T_SHBA-2,19,DF,-0.247,-0.494
T_STAY-1,19,DF,-0.3,-0.6
T_STLGW-1,19,DF,-0.298,-0.596
T_STLGW-2,19,DF,-0.331,-0.662
T_STLGW-3,19,DF,-0.28500000000000003,-0.5700000000000001
T_SUTB-1,19,DF,-0.4,-0.8
T_SVRP-10,19,DF,-0.3,-0.6
T_SVRP-20,19,DF,-0.2,-0.4
T_TORN-D,19,DF,-27.224,-54.448
T_TSREP-1,19,DF,-0.665,-1.33
T_WBURB-3,19,DF,-1.069,-2.138
T_WBURB-41,19,DF,-0.02,-0.04
T_WBURB-43,19,DF,-0.031,-0.062
T_WILCT-1,19,DF,-0.14,-0.28
T_ABRBO-1,20,DF,-0.10400000000000001,-0.20800000000000002
T_BHLAW-1,20,DF,-0.29,-0.58
T_BPGRD-1,20,DF,-23.334,-46.668
T_CNQPS-1,20,DF,-2.394,-4.788
T_CNQPS-3,20,DF,-2.205,-4.41
T_CNQPS-4,20,DF,-1.8900000000000001,-3.7800000000000002
T_COSO-1,20,DF,-0.85,-1.7
T_CREAW-1,20,DF,-0.037,-0.074
T_CRGHD-1,20,DF,-0.003,-0.006
T_CRGHW-1,20,DF,-0.033,-0.066
T_DAMC-1,20,DF,-1.935,-3.87
T_DIDCB6,20,DF,-0.45,-0.9
T_DINO-3,20,DF,-0.65,-1.3
T_DINO-5,20,DF,-0.7000000000000001,-1.4000000000000001
T_DOREW-1,20,DF,-0.101,-0.202
T_DOREW-2,20,DF,-0.043000000000000003,-0.08600000000000001
T_DUNGW-1,20,DF,-0.21,-0.42
T_EECL-1,20,DF,-1.152,-2.304
T_FASN-1,20,DF,-0.003,-0.006
T_FASN-2,20,DF,-0.001,-0.002
T_FERGD-1,20,DF,-0.449,-0.898
T_FERGD-2,20,DF,-0.743,-1.486
T_FFES-1,20,DF,-0.021,-0.042
T_FFES-2,20,DF,-0.021,-0.042
T_FFES-3,20,DF,-0.01,-0.02
T_FFES-4,20,DF,-0.01,-0.02
T_FOYE-1,20,DF,-0.9,-1.8
T_FOYED-1,20,DF,-0.28400000000000003,-0.5680000000000001
T_GLNDO-1,20,DF,-0.021,-0.042
T_GORDW-1,20,DF,-0.134,-0.268
T_GRAI-7,20,DF,-1.1,-2.2
T_GRAI-8,20,DF,-0.5,-1.0
T_GYMRD-16,20,DF,-0.001,-0.002
T_GYMRD-E11,20,DF,-0.002,-0.004
T_GYMRD-W11,20,DF,-0.003,-0.006
T_HEYM2-D,20,DF,-17.832,-35.664
T_HUMRD-1,20,DF,-22.6,-45.2
T_INDQ-1,20,DF,-1.05,-2.1
T_KEAD-1,20,DF,-0.8200000000000001,-1.6400000000000001
T_KEADGT-3,20,DF,-0.08,-0.16
T_KILLPG-1,20,DF,-0.381,-0.762
T_KILLPG-2,20,DF,-0.274,-0.548
T_LAGA-1,20,DF,-0.5,-1.0
T_LBAR-1,20,DF,-1.19,-2.38
T_LBAR-1G,20,DF,-0.01,-0.02
T_MEDP-1,20,DF,-1.647,-3.294
T_MOWEO-1,20,DF,-0.002,-0.004
T_MRWD-1,20,DF,-0.2,-0.4
T_PNYCB-1,20,DF,-0.01,-0.02
T_SCCL-1,20,DF,-2.7,-5.4
T_SCCL-4,20,DF,-19.48,-38.96
T_SEAB-1,20,DF,-1.5190000000000001,-3.0380000000000003
T_SEAB-2,20,DF,-0.84,-1.68
T_SEEL-1,20,DF,-0.17200000000000001,-0.34400000000000003
T_SHBA-1,20,DF,-1.464,-2.928
T_SHBA-2,20,DF,-0.242,-0.484
T_STAY-1,20,DF,-0.25,-0.5
T_STLGW-3,20,DF,-0.035,-0.07
T_SUTB-1,20,DF,-0.5,-1.0
T_SVRP-10,20,DF,-0.25,-0.5
T_SVRP-20,20,DF,-0.15,-0.3
T_TORN-D,20,DF,-27.192,-54.384
T_TSREP-1,20,DF,-0.655,-1.31
T_WBURB-3,20,DF,-1.019,-2.038
T_WBURB-41,20,DF,-0.02,-0.04
T_WBURB-43,20,DF,-0.031,-0.062
T_BPGRD-1,21,DF,-23.106,-46.212
T_CNQPS-1,21,DF,-2.331,-4.662
T_CNQPS-3,21,DF,-2.205,-4.41
T_CNQPS-4,21,DF,-1.953,-3.906
T_COSO-1,21,DF,-0.874,-1.748
T_COUWW-1,21,DF,-0.038,-0.076
T_CRGHD-1,21,DF,-0.003,-0.006
T_CRGHW-1,21,DF,-0.079,-0.158
T_DAMC-1,21,DF,-1.935,-3.87
T_DIDCB6,21,DF,-0.4,-0.8
T_DINO-3,21,DF,-0.6,-1.2
T_DINO-5,21,DF,-0.75,-1.5
T_DOREW-1,21,DF,-0.212,-0.424
T_DOREW-2,21,DF,-0.22,-0.44
T_EECL-1,21,DF,-1.08,-2.16
T_FASN-1,21,DF,-0.003,-0.006
T_FASN-2,21,DF,-0.001,-0.002
T_FERGD-1,21,DF,-0.513,-1.026
T_FERGD-2,21,DF,-0.776,-1.552
T_FFES-1,21,DF,-0.011,-0.022
T_FFES-2,21,DF,-0.011,-0.022
T_FFES-3,21,DF,-0.02,-0.04
T_FFES-4,21,DF,-0.02,-0.04
T_FOYED-1,21,DF,-0.32,-0.64
T_GLNDO-1,21,DF,-0.021,-0.042
T_GRAI-7,21,DF,-1.15,-2.3
T_GRAI-8,21,DF,-0.45,-0.9
T_GYMRD-16,21,DF,-0.001,-0.002
T_GYMRD-E10,21,DF,-0.001,-0.002
T_GYMRD-E11,21,DF,-0.002,-0.004
T_GYMRD-W11,21,DF,-0.003,-0.006
T_HEYM2-D,21,DF,-17.792,-35.584
T_HUMRD-1,21,DF,-22.5,-45.0
T_INDQ-1,21,DF,-1.06,-2.12
T_KEAD-1,21,DF,-0.865,-1.73
T_KEADGT-3,21,DF,-0.085,-0.17
T_KILLPG-1,21,DF,-0.38,-0.76
T_KILLPG-2,21,DF,-0.272,-0.544
T_LAGA-1,21,DF,-0.6,-1.2
T_LBAR-1,21,DF,-1.1400000000000001,-2.2800000000000002
T_LBAR-1G,21,DF,-0.01,-0.02
T_MEDP-1,21,DF,-1.616,-3.232
T_MOWEO-1,21,DF,-0.002,-0.004
T_MRWD-1,21,DF,-0.3,-0.6
T_MYGPW-1,21,DF,-0.025,-0.05
T_PNYCB-1,21,DF,-0.01,-0.02
T_SCCL-1,21,DF,-2.7,-5.4
T_SCCL-4,21,DF,-19.52,-39.04
T_SEAB-1,21,DF,-1.468,-2.936
T_SEAB-2,21,DF,-0.837,-1.674
T_SEEL-1,21,DF,-0.17200000000000001,-0.34400000000000003
T_SHBA-1,21,DF,-1.463,-2.926
T_SHBA-2,21,DF,-0.231,-0.462
T_STAY-1,21,DF,-0.25,-0.5
T_SUTB-1,21,DF,-0.5,-1.0
T_SVRP-10,21,DF,-0.3,-0.6
T_SVRP-20,21,DF,-0.2,-0.4
T_TORN-D,21,DF,-27.2,-54.4
T_TSREP-1,21,DF,-0.66,-1.32
T_WBURB-3,21,DF,-1.07,-2.14
T_WBURB-41,21,DF,-0.02,-0.04
T_WBURB-43,21,DF,-0.03,-0.06
T_BPGRD-1,22,DF,-22.869,-45.738
T_CNQPS-1,22,DF,-2.394,-4.788
T_CNQPS-3,22,DF,-2.205,-4.41
T_CNQPS-4,22,DF,-1.8900000000000001,-3.7800000000000002
T_COSO-1,22,DF,-0.879,-1.758
T_COUWW-1,22,DF,-0.001,-0.002
T_CRGHD-1,22,DF,-0.003,-0.006
T_CRGHW-1,22,DF,-0.116,-0.232
T_DAMC-1,22,DF,-1.935,-3.87
T_DIDCB6,22,DF,-0.4,-0.8
T_DINO-3,22,DF,-0.65,-1.3
T_DINO-5,22,DF,-0.75,-1.5
T_DOREW-1,22,DF,-0.257,-0.514
T_DOREW-2,22,DF,-0.215,-0.43
T_EECL-1,22,DF,-1.08,-2.16
T_FASN-1,22,DF,-0.003,-0.006
T_FASN-2,22,DF,-0.001,-0.002
T_FERGD-1,22,DF,-0.28300000000000003,-0.5660000000000001
T_FERGD-2,22,DF,-0.872,-1.744
T_FFES-1,22,DF,-0.021,-0.042
T_FFES-2,22,DF,-0.021,-0.042
T_FFES-3,22,DF,-0.01,-0.02
T_FFES-4,22,DF,-0.01,-0.02
T_FOYED-1,22,DF,-0.277,-0.554
T_GLNDO-1,22,DF,-0.021,-0.042
T_GRAI-7,22,DF,-1.1,-2.2
T_GRAI-8,22,DF,-0.5,-1.0
T_GYMRD-16,22,DF,-0.001,-0.002
T_GYMRD-E11,22,DF,-0.001,-0.002
T_GYMRD-W11,22,DF,-0.004,-0.008
T_HEYM2-D,22,DF,-17.716,-35.432
T_HUMRD-1,22,DF,-21.63,-43.26
T_INDQ-1,22,DF,-1.05,-2.1
T_KEAD-1,22,DF,-0.8200000000000001,-1.6400000000000001
T_KEADGT-3,22,DF,-0.08,-0.16
T_KILLPG-1,22,DF,-0.38,-0.76
T_KILLPG-2,22,DF,-0.273,-0.546
T_LAGA-1,22,DF,-0.5,-1.0
T_LBAR-1,22,DF,-1.24,-2.48
T_LBAR-1G,22,DF,-0.01,-0.02
T_MEDP-1,22,DF,-1.6280000000000001,-3.2560000000000002
T_MOWEO-1,22,DF,-0.002,-0.004
T_MRWD-1,22,DF,-0.3,-0.6
T_PNYCB-1,22,DF,-0.01,-0.02
T_SCCL-1,22,DF,-2.75,-5.5
T_SCCL-4,22,DF,-19.42,-38.84
T_SEAB-1,22,DF,-1.464,-2.928
T_SEAB-2,22,DF,-0.997,-1.994
T_SEEL-1,22,DF,-0.326,-0.652
T_SHBA-1,22,DF,-1.442,-2.884
T_SHBA-2,22,DF,-0.228,-0.456
T_STAY-1,22,DF,-0.3,-0.6
T_SUTB-1,22,DF,-0.5,-1.0
T_SVRP-10,22,DF,-0.25,-0.5
T_SVRP-20,22,DF,-0.2,-0.4
T_TORN-D,22,DF,-27.196,-54.392
T_TSREP-1,22,DF,-0.65,-1.3
T_WBURB-3,22,DF,-1.071,-2.142
T_WBURB-41,22,DF,-0.02,-0.04
T_WBURB-43,22,DF,-0.029,-0.058
T_WHILW-1,22,DF,-17.06,-34.12
T_ABRBO-1,23,DF,-0.10400000000000001,-0.20800000000000002
T_BPGRD-1,23,DF,-22.638,-45.276
T_CNQPS-1,23,DF,-2.394,-4.788
T_CNQPS-3,23,DF,-2.268,-4.536
T_CNQPS-4,23,DF,-1.8900000000000001,-3.7800000000000002
T_COSO-1,23,DF,-0.888,-1.776
T_CRGHD-1,23,DF,-0.003,-0.006
T_CRGHW-1,23,DF,-0.14200000000000002,-0.28400000000000003
T_DAMC-1,23,DF,-1.9300000000000002,-3.8600000000000003
T_DIDCB6,23,DF,-0.4,-0.8
T_DINO-3,23,DF,-0.6,-1.2
T_DINO-5,23,DF,-0.7000000000000001,-1.4000000000000001
T_DOREW-1,23,DF,-0.257,-0.514
T_DOREW-2,23,DF,-0.22,-0.44
T_EECL-1,23,DF,-0.432,-0.864
T_FASN-1,23,DF,-0.003,-0.006
T_FASN-2,23,DF,-0.001,-0.002
T_FERGD-1,23,DF,-0.437,-0.874
T_FERGD-2,23,DF,-0.806,-1.612
T_FFES-1,23,DF,-0.011,-0.022
T_FFES-2,23,DF,-0.011,-0.022
T_FFES-3,23,DF,-0.02,-0.04
T_FFES-4,23,DF,-0.02,-0.04
T_FOYED-1,23,DF,-0.358,-0.716
T_GLNDO-1,23,DF,-0.021,-0.042
T_GRAI-7,23,DF,-1.15,-2.3
T_GRAI-8,23,DF,-0.5,-1.0
T_GYMRD-16,23,DF,-0.001,-0.002
T_GYMRD-E11,23,DF,-0.001,-0.002
T_GYMRD-W11,23,DF,-0.003,-0.006
T_HEYM2-D,23,DF,-17.676,-35.352
T_HUMRD-1,23,DF,-21.41,-42.82
T_INDQ-1,23,DF,-1.05,-2.1
T_KEAD-1,23,DF,-0.8200000000000001,-1.6400000000000001
T_KEADGT-3,23,DF,-0.08,-0.16
T_KILLPG-1,23,DF,-0.381,-0.762
T_KILLPG-2,23,DF,-0.273,-0.546
T_LAGA-1,23,DF,-0.5,-1.0
T_LBAR-1,23,DF,-1.24,-2.48
T_LBAR-1G,23,DF,-0.01,-0.02
T_MEDP-1,23,DF,-1.639,-3.278
T_MOWEO-1,23,DF,-0.002,-0.004
T_MRWD-1,23,DF,-0.3,-0.6
T_PNYCB-1,23,DF,-0.015,-0.03
T_SCCL-1,23,DF,-2.7,-5.4
T_SCCL-4,23,DF,-19.42,-38.84
T_SEAB-1,23,DF,-1.468,-2.936
T_SEAB-2,23,DF,-1.065,-2.13
T_SEEL-1,23,DF,-0.17200000000000001,-0.34400000000000003
T_SHBA-1,23,DF,-1.415,-2.83
T_SHBA-2,23,DF,-0.23600000000000002,-0.47200000000000003
T_STAY-1,23,DF,-0.25,-0.5
T_SUTB-1,23,DF,-0.5,-1.0
T_SVRP-10,23,DF,-0.25,-0.5
T_SVRP-20,23,DF,-0.2,-0.4
T_TORN-D,23,DF,-27.124,-54.248
T_TSREP-1,23,DF,-0.65,-1.3
T_WBURB-3,23,DF,-1.068,-2.136
T_WBURB-41,23,DF,-0.021,-0.042
T_WBURB-43,23,DF,-0.032,-0.064
T_BHLAW-1,24,DF,-0.247,-0.494
T_BPGRD-1,24,DF,-22.533,-45.066
T_CNQPS-1,24,DF,-2.331,-4.662
T_CNQPS-3,24,DF,-2.205,-4.41
T_CNQPS-4,24,DF,-1.8900000000000001,-3.7800000000000002
T_COSO-1,24,DF,-0.891,-1.782
T_CRGHD-1,24,DF,-0.003,-0.006
T_DAMC-1,24,DF,-1.935,-3.87
T_DIDCB6,24,DF,-0.4,-0.8
T_DINO-3,24,DF,-0.65,-1.3
T_DINO-5,24,DF,-0.75,-1.5
T_DOREW-1,24,DF,-0.228,-0.456
T_EECL-1,24,DF,-0.28800000000000003,-0.5760000000000001
T_FASN-1,24,DF,-0.003,-0.006
T_FASN-2,24,DF,-0.001,-0.002
T_FERGD-1,24,DF,-0.496,-0.992
T_FERGD-2,24,DF,-0.782,-1.564
T_FFES-1,24,DF,-0.257,-0.514
T_FFES-2,24,DF,-0.47100000000000003,-0.9420000000000001
T_FFES-3,24,DF,-0.01,-0.02
T_FFES-4,24,DF,-0.01,-0.02
T_FOYED-1,24,DF,-0.484,-0.968
T_GLNDO-1,24,DF,-0.021,-0.042
T_GRAI-7,24,DF,-1.15,-2.3
T_GRAI-8,24,DF,-0.45,-0.9
T_GRIFW-1,24,DF,-0.167,-0.334
T_GRIFW-2,24,DF,-0.254,-0.508
T_GYMRD-16,24,DF,-0.001,-0.002
T_GYMRD-E11,24,DF,-0.002,-0.004
T_GYMRD-W11,24,DF,-0.004,-0.008
T_HEYM2-D,24,DF,-17.744,-35.488
T_HUMRD-1,24,DF,-20.67,-41.34
T_INDQ-1,24,DF,-1.055,-2.11
T_KEAD-1,24,DF,-0.87,-1.74
T_KEADGT-3,24,DF,-0.08,-0.16
T_KILLPG-1,24,DF,-0.381,-0.762
T_KILLPG-2,24,DF,-0.273,-0.546
T_LAGA-1,24,DF,-0.6,-1.2
T_LBAR-1,24,DF,-1.24,-2.48
T_LBAR-1G,24,DF,-0.01,-0.02
T_MEDP-1,24,DF,-1.681,-3.362
T_MOWEO-1,24,DF,-0.002,-0.004
T_MRWD-1,24,DF,-0.2,-0.4
T_PNYCB-1,24,DF,-0.01,-0.02
T_SCCL-1,24,DF,-2.7,-5.4
T_SCCL-4,24,DF,-19.39,-38.78
T_SEAB-1,24,DF,-1.4849999999999999,-2.9699999999999998
T_SEAB-2,24,DF,-0.841,-1.682
T_SEEL-1,24,DF,-0.17300000000000001,-0.34600000000000003
T_SHBA-1,24,DF,-1.401,-2.802
T_SHBA-2,24,DF,-0.251,-0.502
T_STAY-1,24,DF,-0.25,-0.5
T_SUTB-1,24,DF,-0.4,-0.8
T_SVRP-10,24,DF,-0.3,-0.6
T_SVRP-20,24,DF,-0.2,-0.4
T_TORN-D,24,DF,-27.192,-54.384
T_TSREP-1,24,DF,-0.63,-1.26
T_WBURB-3,24,DF,-1.168,-2.336
T_WBURB-41,24,DF,-0.021,-0.042
T_WBURB-43,24,DF,-0.033,-0.066
T_BPGRD-1,25,DF,-22.678,-45.356
T_CNQPS-1,25,DF,-2.457,-4.914
T_CNQPS-3,25,DF,-2.205,-4.41
T_CNQPS-4,25,DF,-1.8900000000000001,-3.7800000000000002
T_COSO-1,25,DF,-0.881,-1.762
T_CREAW-1,25,DF,-0.271,-0.542
T_CRGHD-1,25,DF,-0.003,-0.006
T_DAMC-1,25,DF,-1.9500000000000002,-3.9000000000000004
T_DIDCB6,25,DF,-0.4,-0.8
T_DINO-3,25,DF,-0.55,-1.1
T_DINO-5,25,DF,-0.75,-1.5
T_EECL-1,25,DF,-0.28800000000000003,-0.5760000000000001
T_FASN-1,25,DF,-0.003,-0.006
T_FASN-2,25,DF,-0.001,-0.002
T_FERGD-1,25,DF,-0.327,-0.654
T_FERGD-2,25,DF,-0.961,-1.922
T_FFES-1,25,DF,-0.021,-0.042
T_FFES-2,25,DF,-0.627,-1.254
T_FFES-3,25,DF,-0.02,-0.04
T_FFES-4,25,DF,-0.02,-0.04
T_FOYE-1,25,DF,-0.9500000000000001,-1.9000000000000001
T_FOYED-1,25,DF,-0.518,-1.036
T_GLNDO-1,25,DF,-0.021,-0.042
T_GRAI-7,25,DF,-1.1,-2.2
T_GRAI-8,25,DF,-1.05,-2.1
T_GRIFW-1,25,DF,-0.083,-0.166
T_GYMRD-16,25,DF,-0.001,-0.002
T_GYMRD-E11,25,DF,-0.002,-0.004
T_GYMRD-W11,25,DF,-0.003,-0.006
T_HEYM2-D,25,DF,-17.816,-35.632
T_HUMRD-1,25,DF,-20.81,-41.62
T_INDQ-1,25,DF,-1.065,-2.13
T_KEAD-1,25,DF,-0.8200000000000001,-1.6400000000000001
T_KEADGT-3,25,DF,-0.08,-0.16
T_KILLPG-1,25,DF,-0.381,-0.762
T_KILLPG-2,25,DF,-0.273,-0.546
T_LAGA-1,25,DF,-0.5,-1.0
T_LBAR-1,25,DF,-1.34,-2.68
T_LBAR-1G,25,DF,-0.01,-0.02
T_MEDP-1,25,DF,-1.764,-3.528
T_MOWEO-1,25,DF,-0.002,-0.004
T_MRWD-1,25,DF,-0.3,-0.6
T_PNYCB-1,25,DF,-0.01,-0.02
T_SCCL-1,25,DF,-2.7,-5.4
T_SCCL-4,25,DF,-19.42,-38.84
T_SEAB-1,25,DF,-1.483,-2.966
T_SEAB-2,25,DF,-0.845,-1.69
T_SEEL-1,25,DF,-0.17300000000000001,-0.34600000000000003
T_SHBA-1,25,DF,-1.3940000000000001,-2.7880000000000003
T_SHBA-2,25,DF,-0.274,-0.548
T_STAY-1,25,DF,-0.3,-0.6
T_SUTB-1,25,DF,-0.4,-0.8
T_SVRP-10,25,DF,-0.25,-0.5
T_SVRP-20,25,DF,-0.2,-0.4
T_TORN-D,25,DF,-27.28,-54.56
T_TSREP-1,25,DF,-0.625,-1.25
T_WBURB-3,25,DF,-1.117,-2.234
T_WBURB-41,25,DF,-0.021,-0.042
T_WBURB-43,25,DF,-0.034,-0.068
T_BPGRD-1,26,DF,-22.045,-44.09
T_CNQPS-1,26,DF,-2.7720000000000002,-5.5440000000000005
T_CNQPS-3,26,DF,-2.205,-4.41
T_CNQPS-4,26,DF,-1.8900000000000001,-3.7800000000000002
T_COSO-1,26,DF,-0.9,-1.8
T_CREAW-1,26,DF,-0.011,-0.022
T_CRGHD-1,26,DF,-0.003,-0.006
T_DAMC-1,26,DF,-1.955,-3.91
T_DIDCB6,26,DF,-0.4,-0.8
T_DINO-3,26,DF,-0.6,-1.2
T_DINO-5,26,DF,-0.7000000000000001,-1.4000000000000001
T_EECL-1,26,DF,-0.36,-0.72
T_FASN-1,26,DF,-0.003,-0.006
T_FASN-2,26,DF,-0.001,-0.002
T_FERGD-1,26,DF,-0.44,-0.88
T_FERGD-2,26,DF,-0.919,-1.838
T_FFES-1,26,DF,-0.011,-0.022
T_FFES-3,26,DF,-0.01,-0.02
T_FFES-4,26,DF,-0.01,-0.02
T_FOYE-1,26,DF,-0.9500000000000001,-1.9000000000000001
T_FOYED-1,26,DF,-0.486,-0.972
T_GLNDO-1,26,DF,-0.021,-0.042
T_GRAI-7,26,DF,-1.15,-2.3
T_GRAI-8,26,DF,-1.15,-2.3
T_GRIFW-1,26,DF,-0.226,-0.452
T_GYMRD-16,26,DF,-0.001,-0.002
T_GYMRD-E11,26,DF,-0.001,-0.002
T_GYMRD-W11,26,DF,-0.003,-0.006
T_HEYM2-D,26,DF,-17.776,-35.552
T_HUMRD-1,26,DF,-20.9,-41.8
T_INDQ-1,26,DF,-1.065,-2.13
T_KEAD-1,26,DF,-0.87,-1.74
T_KEADGT-3,26,DF,-0.08,-0.16
T_KILLPG-1,26,DF,-0.381,-0.762
T_KILLPG-2,26,DF,-0.272,-0.544
T_LAGA-1,26,DF,-0.5,-1.0
T_LBAR-1,26,DF,-1.1400000000000001,-2.2800000000000002
T_LBAR-1G,26,DF,-0.01,-0.02
T_MEDP-1,26,DF,-1.853,-3.706
T_MOWEO-1,26,DF,-0.002,-0.004
T_MRWD-1,26,DF,-0.3,-0.6
T_PNYCB-1,26,DF,-0.01,-0.02
T_SCCL-1,26,DF,-2.75,-5.5
T_SCCL-4,26,DF,-19.31,-38.62
T_SEAB-1,26,DF,-1.482,-2.964
T_SEAB-2,26,DF,-0.841,-1.682
T_SEEL-1,26,DF,-0.168,-0.336
T_SHBA-1,26,DF,-1.389,-2.778
T_SHBA-2,26,DF,-0.266,-0.532
T_STAY-1,26,DF,-0.25,-0.5
T_SUTB-1,26,DF,-0.5,-1.0
T_SVRP-10,26,DF,-0.3,-0.6
T_SVRP-20,26,DF,-0.15,-0.3
T_TORN-D,26,DF,-27.212,-54.424
T_TSREP-1,26,DF,-0.629,-1.258
T_WBURB-3,26,DF,-1.017,-2.034
T_WBURB-41,26,DF,-0.021,-0.042
T_WBURB-43,26,DF,-0.034,-0.068
T_BPGRD-1,27,DF,-20.089,-40.178
T_CNQPS-1,27,DF,-2.835,-5.67
T_CNQPS-3,27,DF,-2.205,-4.41
T_CNQPS-4,27,DF,-1.8900000000000001,-3.7800000000000002
T_COSO-1,27,DF,-0.836,-1.672
T_CRGHD-1,27,DF,-0.003,-0.006
T_DAMC-1,27,DF,-1.975,-3.95
T_DIDCB6,27,DF,-0.4,-0.8
T_DINO-3,27,DF,-0.6,-1.2
T_DINO-5,27,DF,-0.75,-1.5
T_DOREW-1,27,DF,-0.181,-0.362
T_DOREW-2,27,DF,-0.16,-0.32
T_EECL-1,27,DF,-0.72,-1.44
T_FASN-1,27,DF,-0.003,-0.006
T_FASN-2,27,DF,-0.001,-0.002
T_FERGD-1,27,DF,-0.562,-1.124
T_FERGD-2,27,DF,-0.84,-1.68
T_FFES-1,27,DF,-0.021,-0.042
T_FFES-3,27,DF,-0.02,-0.04
T_FFES-4,27,DF,-0.02,-0.04
T_FOYED-1,27,DF,-0.529,-1.058
T_GLNDO-1,27,DF,-0.021,-0.042
T_GRAI-7,27,DF,-1.2,-2.4
T_GRAI-8,27,DF,-1.2,-2.4
T_GYMRD-16,27,DF,-0.001,-0.002
T_GYMRD-E11,27,DF,-0.002,-0.004
T_GYMRD-W11,27,DF,-0.003,-0.006
T_HEYM2-D,27,DF,-17.724,-35.448
T_HUMRD-1,27,DF,-20.84,-41.68
T_INDQ-1,27,DF,-1.06,-2.12
T_KEAD-1,27,DF,-0.87,-1.74
T_KEADGT-3,27,DF,-0.08,-0.16
T_KILLPG-1,27,DF,-0.38,-0.76
T_KILLPG-2,27,DF,-0.273,-0.546
T_LAGA-1,27,DF,-0.5,-1.0
T_LBAR-1,27,DF,-1.24,-2.48
T_LBAR-1G,27,DF,-0.01,-0.02
T_MEDP-1,27,DF,-2.569,-5.138
T_MOWEO-1,27,DF,-0.002,-0.004
T_MRWD-1,27,DF,-0.2,-0.4
T_PNYCB-1,27,DF,-0.01,-0.02
T_SCCL-1,27,DF,-2.7,-5.4
T_SCCL-4,27,DF,-19.29,-38.58
T_SEAB-1,27,DF,-1.49,-2.98
T_SEAB-2,27,DF,-0.844,-1.688
T_SEEL-1,27,DF,-0.168,-0.336
T_SHBA-1,27,DF,-1.393,-2.786
T_SHBA-2,27,DF,-0.217,-0.434
T_STAY-1,27,DF,-0.25,-0.5
T_SUTB-1,27,DF,-0.4,-0.8
T_SVRP-10,27,DF,-0.25,-0.5
T_SVRP-20,27,DF,-0.2,-0.4
T_TORN-D,27,DF,-27.152,-54.304
T_TSREP-1,27,DF,-0.605,-1.21
T_WBURB-3,27,DF,-1.066,-2.132
T_WBURB-41,27,DF,-0.021,-0.042
T_WBURB-43,27,DF,-0.034,-0.068
T_BPGRD-1,28,DF,-19.23,-38.46
T_CNQPS-1,28,DF,-2.394,-4.788
T_CNQPS-3,28,DF,-2.205,-4.41
T_CNQPS-4,28,DF,-1.953,-3.906
T_COSO-1,28,DF,-0.903,-1.806
T_CRGHD-1,28,DF,-0.003,-0.006
T_DAMC-1,28,DF,-1.96,-3.92
T_DIDCB6,28,DF,-0.4,-0.8
T_DINO-3,28,DF,-0.6,-1.2
T_DINO-5,28,DF,-0.75,-1.5
T_EECL-1,28,DF,-0.432,-0.864
T_FASN-1,28,DF,-0.003,-0.006
T_FASN-2,28,DF,-0.001,-0.002
T_FERGD-1,28,DF,-0.49,-0.98
T_FERGD-2,28,DF,-0.84,-1.68
T_FFES-1,28,DF,-0.011,-0.022
T_FFES-3,28,DF,-0.01,-0.02
T_FFES-4,28,DF,-0.01,-0.02
T_FOYED-1,28,DF,-0.5740000000000001,-1.1480000000000001
T_GLNDO-1,28,DF,-0.021,-0.042
T_GRAI-7,28,DF,-1.15,-2.3
T_GRAI-8,28,DF,-1.2,-2.4
T_GYMRD-16,28,DF,-0.001,-0.002
T_GYMRD-E11,28,DF,-0.002,-0.004
T_GYMRD-W11,28,DF,-0.003,-0.006
T_HEYM2-D,28,DF,-17.688,-35.376
T_HUMRD-1,28,DF,-21.01,-42.02
T_INDQ-1,28,DF,-1.065,-2.13
T_KEAD-1,28,DF,-0.8200000000000001,-1.6400000000000001
T_KEADGT-3,28,DF,-0.08,-0.16
T_KILLPG-1,28,DF,-0.379,-0.758
T_KILLPG-2,28,DF,-0.271,-0.542
T_LAGA-1,28,DF,-0.6,-1.2
T_LBAR-1,28,DF,-1.13,-2.26
T_LBAR-1G,28,DF,-0.02,-0.04
T_MEDP-1,28,DF,-2.885,-5.77
T_MOWEO-1,28,DF,-0.002,-0.004
T_MRWD-1,28,DF,-0.3,-0.6
T_PNYCB-1,28,DF,-0.015,-0.03
T_SCCL-1,28,DF,-2.7,-5.4
T_SCCL-4,28,DF,-19.28,-38.56
T_SEAB-1,28,DF,-1.476,-2.952
T_SEAB-2,28,DF,-0.842,-1.684
T_SEEL-1,28,DF,-0.186,-0.372
T_SHBA-1,28,DF,-1.4,-2.8
T_SHBA-2,28,DF,-0.214,-0.428
T_STAY-1,28,DF,-0.3,-0.6
T_SUTB-1,28,DF,-0.5,-1.0
T_SVRP-10,28,DF,-0.3,-0.6
T_SVRP-20,28,DF,-0.2,-0.4
T_TORN-D,28,DF,-27.124,-54.248
T_TSREP-1,28,DF,-0.616,-1.232
T_WBURB-3,28,DF,-1.116,-2.232
T_WBURB-41,28,DF,-0.022,-0.044
T_WBURB-43,28,DF,-0.034,-0.068
T_BPGRD-1,29,DF,-19.117,-38.234
T_CNQPS-1,29,DF,-2.331,-4.662
T_CNQPS-3,29,DF,-2.205,-4.41
T_CNQPS-4,29,DF,-1.8900000000000001,-3.7800000000000002
T_COSO-1,29,DF,-0.863,-1.726
T_CRGHD-1,29,DF,-0.003,-0.006
T_DAMC-1,29,DF,-1.94,-3.88
T_DIDCB6,29,DF,-0.4,-0.8
T_DINO-3,29,DF,-0.6,-1.2
T_DINO-5,29,DF,-0.7000000000000001,-1.4000000000000001
T_DOREW-1,29,DF,-0.222,-0.444
T_EECL-1,29,DF,-0.28800000000000003,-0.5760000000000001
T_FASN-1,29,DF,-0.003,-0.006
T_FASN-2,29,DF,-0.001,-0.002
T_FERGD-1,29,DF,-0.498,-0.996
T_FERGD-2,29,DF,-0.843,-1.686
T_FFES-1,29,DF,-0.021,-0.042
T_FFES-3,29,DF,-0.02,-0.04
T_FFES-4,29,DF,-0.02,-0.04
T_FOYED-1,29,DF,-0.595,-1.19
T_GLNDO-1,29,DF,-0.021,-0.042
T_GRAI-7,29,DF,-1.2,-2.4
T_GRAI-8,29,DF,-1.55,-3.1
T_GYMRD-16,29,DF,-0.001,-0.002
T_GYMRD-E11,29,DF,-0.002,-0.004
T_GYMRD-W11,29,DF,-0.003,-0.006
T_HEYM2-D,29,DF,-17.7,-35.4
T_HUMRD-1,29,DF,-21.1,-42.2
T_INDQ-1,29,DF,-1.065,-2.13
T_KEAD-1,29,DF,-0.92,-1.84
T_KEADGT-3,29,DF,-0.08,-0.16
T_KILLPG-1,29,DF,-0.377,-0.754
T_KILLPG-2,29,DF,-0.271,-0.542
T_LAGA-1,29,DF,-0.5,-1.0
T_LBAR-1,29,DF,-1.1400000000000001,-2.2800000000000002
T_LBAR-1G,29,DF,-0.01,-0.02
T_MEDP-1,29,DF,-2.459,-4.918
T_MOWEO-1,29,DF,-0.002,-0.004
T_MRWD-1,29,DF,-0.3,-0.6
T_PNYCB-1,29,DF,-0.01,-0.02
T_SCCL-1,29,DF,-2.7,-5.4
T_SCCL-4,29,DF,-19.3,-38.6
T_SEAB-1,29,DF,-1.468,-2.936
T_SEAB-2,29,DF,-0.891,-1.782
T_SEEL-1,29,DF,-0.169,-0.338
T_SHBA-1,29,DF,-1.401,-2.802
T_SHBA-2,29,DF,-0.268,-0.536
T_STAY-1,29,DF,-0.25,-0.5
T_STRNW-1,29,DF,-0.10200000000000001,-0.20400000000000001
T_SUTB-1,29,DF,-0.5,-1.0
T_SVRP-10,29,DF,-0.25,-0.5
T_SVRP-20,29,DF,-0.2,-0.4
T_TORN-D,29,DF,-27.056,-54.112
T_TSREP-1,29,DF,-0.611,-1.222
T_WBURB-3,29,DF,-1.117,-2.234
T_WBURB-41,29,DF,-0.021,-0.042
T_WBURB-43,29,DF,-0.033,-0.066
T_BPGRD-1,30,DF,-19.232,-38.464
T_CNQPS-1,30,DF,-2.394,-4.788
T_CNQPS-3,30,DF,-2.268,-4.536
T_CNQPS-4,30,DF,-1.8900000000000001,-3.7800000000000002
T_COSO-1,30,DF,-0.869,-1.738
T_CRGHD-1,30,DF,-0.003,-0.006
T_DAMC-1,30,DF,-1.935,-3.87
T_DIDCB6,30,DF,-0.4,-0.8
T_DINO-3,30,DF,-0.6,-1.2
T_DINO-5,30,DF,-0.75,-1.5
T_DOREW-1,30,DF,-0.272,-0.544
T_DOREW-2,30,DF,-0.113,-0.226
T_EECL-1,30,DF,-0.5760000000000001,-1.1520000000000001
T_FASN-1,30,DF,-0.003,-0.006
T_FASN-2,30,DF,-0.001,-0.002
T_FERGD-1,30,DF,-0.357,-0.714
T_FERGD-2,30,DF,-0.896,-1.792
T_FFES-1,30,DF,-0.011,-0.022
T_FFES-2,30,DF,-0.617,-1.234
T_FFES-3,30,DF,-0.01,-0.02
T_FFES-4,30,DF,-0.01,-0.02
T_FOYE-1,30,DF,-0.9500000000000001,-1.9000000000000001
T_FOYE-2,30,DF,-1.0,-2.0
T_FOYED-1,30,DF,-0.484,-0.968
T_GLNDO-1,30,DF,-0.021,-0.042
T_GRAI-7,30,DF,-1.2,-2.4
T_GRAI-8,30,DF,-2.1,-4.2
T_GYMRD-16,30,DF,-0.001,-0.002
T_GYMRD-E11,30,DF,-0.002,-0.004
T_GYMRD-W11,30,DF,-0.002,-0.004
T_HEYM2-D,30,DF,-17.832,-35.664
T_HUMRD-1,30,DF,-21.05,-42.1
T_INDQ-1,30,DF,-1.075,-2.15
T_KEAD-1,30,DF,-1.02,-2.04
T_KEADGT-3,30,DF,-0.08,-0.16
T_KILLPG-1,30,DF,-0.378,-0.756
T_KILLPG-2,30,DF,-0.269,-0.538
T_LAGA-1,30,DF,-0.5,-1.0
T_LBAR-1,30,DF,-2.7,-5.4
T_MEDP-1,30,DF,-1.9689999999999999,-3.9379999999999997
T_MOWEO-1,30,DF,-0.002,-0.004
T_MRWD-1,30,DF,-0.2,-0.4
T_PNYCB-1,30,DF,-0.01,-0.02
T_SCCL-1,30,DF,-2.75,-5.5
T_SCCL-4,30,DF,-19.39,-38.78
T_SEAB-1,30,DF,-1.472,-2.944
T_SEAB-2,30,DF,-0.843,-1.686
T_SEEL-1,30,DF,-0.171,-0.342
T_SHBA-1,30,DF,-1.412,-2.824
T_SHBA-2,30,DF,-0.292,-0.584
T_STAY-1,30,DF,-0.3,-0.6
T_SUTB-1,30,DF,-0.5,-1.0
T_SVRP-10,30,DF,-0.25,-0.5
T_SVRP-20,30,DF,-0.2,-0.4
T_TORN-D,30,DF,-27.264,-54.528
T_TSREP-1,30,DF,-0.596,-1.192
T_WBURB-3,30,DF,-1.018,-2.036
T_WBURB-41,30,DF,-0.021,-0.042
T_WBURB-43,30,DF,-0.032,-0.064
T_WILCT-1,30,DF,-0.38,-0.76
T_ACHRW-1,31,DF,-0.062,-0.124
T_BPGRD-1,31,DF,-19.177,-38.354
T_CNQPS-1,31,DF,-2.331,-4.662
T_CNQPS-3,31,DF,-2.205,-4.41
T_CNQPS-4,31,DF,-1.8900000000000001,-3.7800000000000002
T_COSO-1,31,DF,-0.855,-1.71
T_CREAW-1,31,DF,-0.046,-0.092
T_CRGHD-1,31,DF,-0.003,-0.006
T_DAMC-1,31,DF,-1.955,-3.91
T_DIDCB6,31,DF,-0.4,-0.8
T_DINO-3,31,DF,-0.6,-1.2
T_DINO-5,31,DF,-0.75,-1.5
T_DOREW-1,31,DF,-0.293,-0.586
T_DOREW-2,31,DF,-0.10300000000000001,-0.20600000000000002
T_EECL-1,31,DF,-2.664,-5.328
T_FASN-1,31,DF,-0.003,-0.006
T_FASN-2,31,DF,-0.001,-0.002
T_FERGD-1,31,DF,-0.34900000000000003,-0.6980000000000001
T_FERGD-2,31,DF,-0.904,-1.808
T_FFES-1,31,DF,-0.021,-0.042
T_FFES-3,31,DF,-0.02,-0.04
T_FFES-4,31,DF,-0.02,-0.04
T_FOYE-1,31,DF,-0.9500000000000001,-1.9000000000000001
T_FOYE-2,31,DF,-0.9500000000000001,-1.9000000000000001
T_FOYED-1,31,DF,-0.443,-0.886
T_GLNDO-1,31,DF,-0.021,-0.042
T_GRAI-7,31,DF,-1.15,-2.3
T_GRAI-8,31,DF,-2.7,-5.4
T_GYMRD-16,31,DF,-0.001,-0.002
T_GYMRD-E11,31,DF,-0.001,-0.002
T_GYMRD-W11,31,DF,-0.003,-0.006
T_HEYM2-D,31,DF,-17.812,-35.624
T_HUMRD-1,31,DF,-21.08,-42.16
T_INDQ-1,31,DF,-1.08,-2.16
T_KEAD-1,31,DF,-0.965,-1.93
T_KEADGT-3,31,DF,-0.085,-0.17
T_KILLPG-1,31,DF,-0.375,-0.75
T_KILLPG-2,31,DF,-0.268,-0.536
T_LAGA-1,31,DF,-0.6,-1.2
T_LBAR-1,31,DF,-4.38,-8.76
T_LBAR-1G,31,DF,-0.02,-0.04
T_MEDP-1,31,DF,-2.249,-4.498
T_MOWEO-1,31,DF,-0.002,-0.004
T_MRWD-1,31,DF,-0.3,-0.6
T_PNYCB-1,31,DF,-0.01,-0.02
T_SCCL-1,31,DF,-2.75,-5.5
T_SCCL-4,31,DF,-19.3,-38.6
T_SEAB-1,31,DF,-1.463,-2.926
T_SEAB-2,31,DF,-0.847,-1.694
T_SEEL-1,31,DF,-0.168,-0.336
T_SGRWO-4,31,DF,-0.36,-0.72
T_SGRWO-6,31,DF,-0.718,-1.436
T_SHBA-1,31,DF,-1.3980000000000001,-2.7960000000000003
T_SHBA-2,31,DF,-0.277,-0.554
T_STAY-1,31,DF,-0.25,-0.5
T_SUTB-1,31,DF,-0.5,-1.0
T_SVRP-10,31,DF,-0.3,-0.6
T_SVRP-20,31,DF,-0.2,-0.4
T_TORN-D,31,DF,-27.14,-54.28
T_TSREP-1,31,DF,-0.609,-1.218
T_WBURB-3,31,DF,-1.066,-2.132
T_WBURB-41,31,DF,-0.022,-0.044
T_WBURB-43,31,DF,-0.034,-0.068
T_WILCT-1,31,DF,-2.01,-4.02
T_ABRBO-1,32,DF,-0.429,-0.858
T_ACHRW-1,32,DF,-0.077,-0.154
T_BPGRD-1,32,DF,-19.093,-38.186
T_CNQPS-1,32,DF,-2.394,-4.788
T_CNQPS-3,32,DF,-2.205,-4.41
T_CNQPS-4,32,DF,-1.8900000000000001,-3.7800000000000002
T_COSO-1,32,DF,-0.8260000000000001,-1.6520000000000001
T_CRGHD-1,32,DF,-0.003,-0.006
T_DAMC-1,32,DF,-1.955,-3.91
T_DIDCB6,32,DF,-0.4,-0.8
T_DINO-3,32,DF,-0.55,-1.1
T_DINO-5,32,DF,-0.75,-1.5
T_DOREW-1,32,DF,-0.289,-0.578
T_DOREW-2,32,DF,-0.23800000000000002,-0.47600000000000003
T_FASN-1,32,DF,-0.003,-0.006
T_FASN-2,32,DF,-0.001,-0.002
T_FERGD-1,32,DF,-0.43,-0.86
T_FERGD-2,32,DF,-0.75,-1.5
T_FFES-1,32,DF,-0.021,-0.042
T_FFES-2,32,DF,-0.488,-0.976
T_FFES-3,32,DF,-0.01,-0.02
T_FFES-4,32,DF,-0.01,-0.02
T_FOYE-2,32,DF,-0.9500000000000001,-1.9000000000000001
T_FOYED-1,32,DF,-0.46,-0.92
T_GLNDO-1,32,DF,-0.021,-0.042
T_GRAI-7,32,DF,-1.1,-2.2
T_GYMRD-16,32,DF,-0.001,-0.002
T_GYMRD-E11,32,DF,-0.001,-0.002
T_GYMRD-W11,32,DF,-0.002,-0.004
T_HEYM2-D,32,DF,-17.764,-35.528
T_HUMRD-1,32,DF,-21.03,-42.06
T_INDQ-1,32,DF,-1.07,-2.14
T_KEAD-1,32,DF,-1.07,-2.14
T_KEADGT-3,32,DF,-0.08,-0.16
T_KILLPG-1,32,DF,-0.376,-0.752
T_KILLPG-2,32,DF,-0.27,-0.54
T_LAGA-1,32,DF,-0.5,-1.0
T_LBAR-1,32,DF,-2.45,-4.9
T_MEDP-1,32,DF,-2.1310000000000002,-4.2620000000000005
T_MOWEO-1,32,DF,-0.002,-0.004
T_MRWD-1,32,DF,-0.3,-0.6
T_PNYCB-1,32,DF,-0.01,-0.02
T_SCCL-1,32,DF,-2.7,-5.4
T_SCCL-4,32,DF,-19.29,-38.58
T_SEAB-1,32,DF,-1.709,-3.418
T_SEAB-2,32,DF,-1.27,-2.54
T_SEEL-1,32,DF,-0.169,-0.338
T_SGRWO-3,32,DF,-0.213,-0.426
T_SGRWO-4,32,DF,-0.421,-0.842
T_SGRWO-5,32,DF,-0.909,-1.818
T_SGRWO-6,32,DF,-1.345,-2.69
T_SHBA-1,32,DF,-1.388,-2.776
T_SHBA-2,32,DF,-0.272,-0.544
T_STAY-1,32,DF,-0.25,-0.5
T_SUTB-1,32,DF,-0.5,-1.0
T_SVRP-10,32,DF,-0.25,-0.5
T_SVRP-20,32,DF,-0.2,-0.4
T_TORN-D,32,DF,-26.976,-53.952
T_TSREP-1,32,DF,-0.608,-1.216
T_WBURB-3,32,DF,-1.065,-2.13
T_WBURB-41,32,DF,-0.023,-0.046
T_WBURB-43,32,DF,-0.035,-0.07
T_WILCT-1,32,DF,-0.885,-1.77
T_ABRBO-1,33,DF,-0.491,-0.982
T_BPGRD-1,33,DF,-19.315,-38.63
T_CNQPS-1,33,DF,-2.457,-4.914
T_CNQPS-3,33,DF,-2.205,-4.41
T_CNQPS-4,33,DF,-1.953,-3.906
T_COSO-1,33,DF,-0.8260000000000001,-1.6520000000000001
T_CRGHD-1,33,DF,-0.003,-0.006
T_DAMC-1,33,DF,-2.015,-4.03
T_DIDCB6,33,DF,-0.4,-0.8
T_DINO-3,33,DF,-0.6,-1.2
T_DINO-5,33,DF,-0.7000000000000001,-1.4000000000000001
T_DOREW-1,33,DF,-0.219,-0.438
T_DOREW-2,33,DF,-0.10300000000000001,-0.20600000000000002
T_FASN-1,33,DF,-0.003,-0.006
T_FASN-2,33,DF,-0.001,-0.002
T_FERGD-1,33,DF,-0.429,-0.858
T_FERGD-2,33,DF,-0.723,-1.446
T_FFES-1,33,DF,-0.011,-0.022
T_FFES-3,33,DF,-0.02,-0.04
T_FFES-4,33,DF,-0.02,-0.04
T_FOYED-1,33,DF,-0.548,-1.096
T_GANW-24,33,DF,-0.15,-0.3
T_GLNDO-1,33,DF,-0.021,-0.042
T_GRAI-7,33,DF,-1.15,-2.3
T_GRAI-8,33,DF,-0.9,-1.8
T_GYMRD-16,33,DF,-0.001,-0.002
T_GYMRD-E11,33,DF,-0.001,-0.002
T_GYMRD-W11,33,DF,-0.002,-0.004
T_HEYM2-D,33,DF,-17.84,-35.68
T_HUMRD-1,33,DF,-20.98,-41.96
T_INDQ-1,33,DF,-1.075,-2.15
T_KEAD-1,33,DF,-1.02,-2.04
T_KEADGT-3,33,DF,-0.08,-0.16
T_KILLPG-1,33,DF,-0.375,-0.75
T_KILLPG-2,33,DF,-0.27,-0.54
T_LAGA-1,33,DF,-0.5,-1.0
T_LBAR-1G,33,DF,-0.01,-0.02
T_MEDP-1,33,DF,-2.352,-4.704
T_MOWEO-1,33,DF,-0.002,-0.004
T_MRWD-1,33,DF,-0.2,-0.4
T_PNYCB-1,33,DF,-0.015,-0.03
T_SCCL-1,33,DF,-2.75,-5.5
T_SCCL-4,33,DF,-19.38,-38.76
T_SEAB-1,33,DF,-2.701,-5.402
T_SEAB-2,33,DF,-1.51,-3.02
T_SEEL-1,33,DF,-0.183,-0.366
T_SGRWO-3,33,DF,-0.722,-1.444
T_SGRWO-4,33,DF,-0.422,-0.844
T_SGRWO-5,33,DF,-0.902,-1.804
T_SGRWO-6,33,DF,-1.347,-2.694
T_SHBA-1,33,DF,-1.9889999999999999,-3.9779999999999998
T_SHBA-2,33,DF,-0.263,-0.526
T_STAY-1,33,DF,-0.3,-0.6
T_SUTB-1,33,DF,-0.5,-1.0
T_SVRP-10,33,DF,-0.25,-0.5
T_SVRP-20,33,DF,-0.15,-0.3
T_TORN-D,33,DF,-27.112,-54.224
T_TSREP-1,33,DF,-0.609,-1.218
T_WBURB-3,33,DF,-1.066,-2.132
T_WBURB-41,33,DF,-0.022,-0.044
T_WBURB-43,33,DF,-0.034,-0.068
T_ABRBO-1,34,DF,-0.21,-0.42
T_BPGRD-1,34,DF,-19.287,-38.574
T_CNQPS-1,34,DF,-2.457,-4.914
T_CNQPS-3,34,DF,-2.205,-4.41
T_CNQPS-4,34,DF,-1.953,-3.906
T_COSO-1,34,DF,-0.835,-1.67
T_CRGHD-1,34,DF,-0.003,-0.006
T_DAMC-1,34,DF,-2.035,-4.07
T_DIDCB6,34,DF,-0.45,-0.9
T_DINO-3,34,DF,-0.55,-1.1
T_DINO-5,34,DF,-0.75,-1.5
T_FASN-1,34,DF,-0.003,-0.006
T_FASN-2,34,DF,-0.001,-0.002
T_FERGD-1,34,DF,-0.35000000000000003,-0.7000000000000001
T_FERGD-2,34,DF,-0.873,-1.746
T_FFES-1,34,DF,-0.021,-0.042
T_FFES-3,34,DF,-0.01,-0.02
T_FFES-4,34,DF,-0.01,-0.02
T_FOYE-2,34,DF,-0.9500000000000001,-1.9000000000000001
T_FOYED-1,34,DF,-0.496,-0.992
T_GLNDO-1,34,DF,-0.021,-0.042
T_GRAI-7,34,DF,-1.2,-2.4
T_GYMRD-16,34,DF,-0.001,-0.002
T_GYMRD-E11,34,DF,-0.001,-0.002
T_GYMRD-W11,34,DF,-0.002,-0.004
T_HEYM2-D,34,DF,-17.772,-35.544
T_HUMRD-1,34,DF,-20.96,-41.92
T_INDQ-1,34,DF,-1.07,-2.14
T_KEAD-1,34,DF,-1.02,-2.04
T_KEADGT-3,34,DF,-0.08,-0.16
T_KILLPG-1,34,DF,-0.375,-0.75
T_KILLPG-2,34,DF,-0.271,-0.542
T_LAGA-1,34,DF,-0.6,-1.2
T_LBAR-1G,34,DF,-0.01,-0.02
T_MEDP-1,34,DF,-2.365,-4.73
T_MOWEO-1,34,DF,-0.002,-0.004
T_MRWD-1,34,DF,-0.3,-0.6
T_PNYCB-1,34,DF,-0.01,-0.02
T_SCCL-1,34,DF,-3.35,-6.7
T_SCCL-4,34,DF,-19.23,-38.46
T_SEEL-1,34,DF,-0.171,-0.342
T_SGRWO-3,34,DF,-0.785,-1.57
T_SGRWO-4,34,DF,-0.41500000000000004,-0.8300000000000001
T_SGRWO-5,34,DF,-0.869,-1.738
T_SGRWO-6,34,DF,-1.334,-2.668
T_SHBA-1,34,DF,-3.784,-7.568
T_SHBA-2,34,DF,-0.23700000000000002,-0.47400000000000003
T_STAY-1,34,DF,-0.25,-0.5
T_SUTB-1,34,DF,-0.4,-0.8
T_SVRP-10,34,DF,-0.25,-0.5
T_SVRP-20,34,DF,-0.2,-0.4
T_TORN-D,34,DF,-26.984,-53.968
T_TSREP-1,34,DF,-0.636,-1.272
T_WBURB-3,34,DF,-1.115,-2.23
T_WBURB-41,34,DF,-0.023,-0.046
T_WBURB-43,34,DF,-0.036000000000000004,-0.07200000000000001
T_BPGRD-1,35,DF,-19.127,-38.254
T_CNQPS-1,35,DF,-3.276,-6.552
T_CNQPS-3,35,DF,-2.205,-4.41
T_CNQPS-4,35,DF,-1.953,-3.906
T_COSO-1,35,DF,-0.915,-1.83
T_CREAW-1,35,DF,-0.26,-0.52
T_CRGHD-1,35,DF,-0.003,-0.006
T_DAMC-1,35,DF,-2.035,-4.07
T_DIDCB6,35,DF,-0.55,-1.1
T_DINO-3,35,DF,-0.6,-1.2
T_DINO-5,35,DF,-0.7000000000000001,-1.4000000000000001
T_FASN-1,35,DF,-0.003,-0.006
T_FASN-2,35,DF,-0.001,-0.002
T_FERGD-1,35,DF,-0.303,-0.606
T_FERGD-2,35,DF,-0.915,-1.83
T_FFES-1,35,DF,-0.011,-0.022
T_FFES-2,35,DF,-0.608,-1.216
T_FFES-3,35,DF,-0.02,-0.04
T_FFES-4,35,DF,-0.02,-0.04
T_FOYE-2,35,DF,-0.9500000000000001,-1.9000000000000001
T_FOYED-1,35,DF,-0.512,-1.024
T_GLNDO-1,35,DF,-0.021,-0.042
T_GRAI-7,35,DF,-1.15,-2.3
T_GYMRD-16,35,DF,-0.001,-0.002
T_GYMRD-E11,35,DF,-0.002,-0.004
T_GYMRD-W11,35,DF,-0.003,-0.006
T_HEYM2-D,35,DF,-17.78,-35.56
T_HUMRD-1,35,DF,-20.74,-41.48
T_INDQ-1,35,DF,-1.07,-2.14
T_KEAD-1,35,DF,-1.02,-2.04
T_KEADGT-3,35,DF,-0.08,-0.16
T_KILLPG-1,35,DF,-0.374,-0.748
T_KILLPG-2,35,DF,-0.27,-0.54
T_LAGA-1,35,DF,-0.5,-1.0
T_MEDP-1,35,DF,-2.059,-4.118
T_MOWEO-1,35,DF,-0.002,-0.004
T_MRWD-1,35,DF,-0.3,-0.6
T_PNYCB-1,35,DF,-0.01,-0.02
T_SCCL-1,35,DF,-3.4,-6.8
T_SCCL-4,35,DF,-19.24,-38.48
T_SEEL-1,35,DF,-0.17,-0.34
T_SGRWO-3,35,DF,-0.8310000000000001,-1.6620000000000001
T_SGRWO-4,35,DF,-0.368,-0.736
T_SGRWO-5,35,DF,-0.856,-1.712
T_SGRWO-6,35,DF,-1.342,-2.684
T_SHBA-2,35,DF,-0.221,-0.442
T_STAY-1,35,DF,-0.25,-0.5
T_STRNW-1,35,DF,-0.169,-0.338
T_SUTB-1,35,DF,-0.5,-1.0
T_SVRP-10,35,DF,-0.3,-0.6
T_SVRP-20,35,DF,-0.2,-0.4
T_TORN-D,35,DF,-26.936,-53.872
T_TSREP-1,35,DF,-0.626,-1.252
T_WBURB-3,35,DF,-1.116,-2.232
T_WBURB-41,35,DF,-0.022,-0.044
T_WBURB-43,35,DF,-0.034,-0.068
T_ABRBO-1,36,DF,-0.444,-0.888
T_BPGRD-1,36,DF,-19.233,-38.466
T_CNQPS-3,36,DF,-2.205,-4.41
T_CNQPS-4,36,DF,-1.953,-3.906
T_COSO-1,36,DF,-0.833,-1.666
T_CREAW-1,36,DF,-0.263,-0.526
T_CRGHD-1,36,DF,-0.003,-0.006
T_DAMC-1,36,DF,-2.02,-4.04
T_DIDCB6,36,DF,-0.55,-1.1
T_DINO-3,36,DF,-0.55,-1.1
T_DINO-5,36,DF,-0.75,-1.5
T_DOREW-1,36,DF,-0.07,-0.14
T_FASN-1,36,DF,-0.003,-0.006
T_FASN-2,36,DF,-0.001,-0.002
T_FERGD-1,36,DF,-0.58,-1.16
T_FERGD-2,36,DF,-0.887,-1.774
T_FFES-1,36,DF,-0.021,-0.042
T_FFES-2,36,DF,-0.608,-1.216
T_FFES-3,36,DF,-0.01,-0.02
T_FFES-4,36,DF,-0.01,-0.02
T_FOYE-2,36,DF,-1.0,-2.0
T_FOYED-1,36,DF,-0.499,-0.998
T_GANW-24,36,DF,-0.31,-0.62
T_GLNDO-1,36,DF,-0.021,-0.042
T_GRAI-7,36,DF,-1.15,-2.3
T_GRGBW-1,36,DF,-0.645,-1.29
T_GRGBW-3,36,DF,-0.55,-1.1
T_GYMRD-16,36,DF,-0.001,-0.002
T_GYMRD-E11,36,DF,-0.002,-0.004
T_GYMRD-W11,36,DF,-0.003,-0.006
T_HEYM2-D,36,DF,-17.72,-35.44
T_HUMRD-1,36,DF,-20.44,-40.88
T_INDQ-1,36,DF,-1.07,-2.14
T_KEAD-1,36,DF,-1.02,-2.04
T_KEADGT-3,36,DF,-0.08,-0.16
T_KILLPG-1,36,DF,-0.375,-0.75
T_KILLPG-2,36,DF,-0.27,-0.54
T_LAGA-1,36,DF,-0.6,-1.2
T_LBAR-1G,36,DF,-0.01,-0.02
T_MEDP-1,36,DF,-2.685,-5.37
T_MOWEO-1,36,DF,-0.002,-0.004
T_MRWD-1,36,DF,-0.2,-0.4
T_PNYCB-1,36,DF,-0.01,-0.02
T_SCCL-4,36,DF,-19.03,-38.06
T_SEEL-1,36,DF,-0.169,-0.338
T_SGRWO-3,36,DF,-0.853,-1.706
T_SGRWO-4,36,DF,-0.34800000000000003,-0.6960000000000001
T_SGRWO-5,36,DF,-0.8130000000000001,-1.6260000000000001
T_SGRWO-6,36,DF,-1.323,-2.646
T_SHBA-2,36,DF,-0.23,-0.46
T_STAY-1,36,DF,-0.3,-0.6
T_STRNW-1,36,DF,-0.163,-0.326
T_SUTB-1,36,DF,-0.4,-0.8
T_SVRP-10,36,DF,-0.25,-0.5
T_SVRP-20,36,DF,-0.2,-0.4
T_TORN-D,36,DF,-26.932,-53.864
T_TSREP-1,36,DF,-0.621,-1.242
T_WBURB-3,36,DF,-1.115,-2.23
T_WBURB-41,36,DF,-0.023,-0.046
T_WBURB-43,36,DF,-0.035,-0.07
T_ABRBO-1,37,DF,-0.47300000000000003,-0.9460000000000001
T_BPGRD-1,37,DF,-19.537,-39.074
T_CNQPS-3,37,DF,-2.268,-4.536
T_CNQPS-4,37,DF,-1.953,-3.906
T_COSO-1,37,DF,-0.872,-1.744
T_CREAW-1,37,DF,-0.127,-0.254
T_CRGHD-1,37,DF,-0.002,-0.004
T_DAMC-1,37,DF,-2.01,-4.02
T_DIDCB6,37,DF,-0.5,-1.0
T_DINO-3,37,DF,-0.6,-1.2
T_DINO-5,37,DF,-0.75,-1.5
T_FASN-1,37,DF,-0.003,-0.006
T_FASN-2,37,DF,-0.001,-0.002
T_FERGD-1,37,DF,-0.539,-1.078
T_FERGD-2,37,DF,-0.606,-1.212
T_FFES-1,37,DF,-0.011,-0.022
T_FFES-2,37,DF,-0.003,-0.006
T_FFES-3,37,DF,-0.02,-0.04
T_FFES-4,37,DF,-0.02,-0.04
T_FOYE-2,37,DF,-0.9500000000000001,-1.9000000000000001
T_FOYED-1,37,DF,-0.508,-1.016
T_GLNDO-1,37,DF,-0.021,-0.042
T_GRAI-7,37,DF,-1.15,-2.3
T_GRGBW-1,37,DF,-0.585,-1.17
T_GRGBW-2,37,DF,-0.067,-0.134
T_GRGBW-3,37,DF,-0.728,-1.456
T_GYMRD-16,37,DF,-0.001,-0.002
T_GYMRD-E11,37,DF,-0.002,-0.004
T_GYMRD-W11,37,DF,-0.003,-0.006
T_HEYM2-D,37,DF,-17.74,-35.48
T_HUMRD-1,37,DF,-20.45,-40.9
T_INDQ-1,37,DF,-1.07,-2.14
T_KEAD-1,37,DF,-0.97,-1.94
T_KEADGT-3,37,DF,-0.08,-0.16
T_KILLPG-1,37,DF,-0.374,-0.748
T_KILLPG-2,37,DF,-0.27,-0.54
T_LAGA-1,37,DF,-0.5,-1.0
T_LBAR-1G,37,DF,-0.01,-0.02
T_MEDP-1,37,DF,-2.589,-5.178
T_MOWEO-1,37,DF,-0.002,-0.004
T_MRWD-1,37,DF,-0.3,-0.6
T_PNYCB-1,37,DF,-0.01,-0.02
T_SCCL-4,37,DF,-19.08,-38.16
T_SEEL-1,37,DF,-0.171,-0.342
T_SGRWO-3,37,DF,-0.728,-1.456
T_SGRWO-4,37,DF,-0.548,-1.096
T_SGRWO-5,37,DF,-0.752,-1.504
T_SGRWO-6,37,DF,-1.262,-2.524
T_SHBA-2,37,DF,-0.23,-0.46
T_STAY-1,37,DF,-0.25,-0.5
T_STRNW-1,37,DF,-0.164,-0.328
T_SUTB-1,37,DF,-0.4,-0.8
T_SVRP-10,37,DF,-0.3,-0.6
T_SVRP-20,37,DF,-0.2,-0.4
T_TORN-D,37,DF,-26.948,-53.896
T_TSREP-1,37,DF,-0.616,-1.232
T_WBURB-3,37,DF,-1.067,-2.134
T_WBURB-41,37,DF,-0.022,-0.044
T_WBURB-43,37,DF,-0.034,-0.068
T_ABRBO-1,38,DF,-0.496,-0.992
T_BPGRD-1,38,DF,-19.376,-38.752
T_CNQPS-3,38,DF,-2.205,-4.41
T_CNQPS-4,38,DF,-1.953,-3.906
T_COSO-1,38,DF,-0.915,-1.83
T_CRGHD-1,38,DF,-0.002,-0.004
T_DAMC-1,38,DF,-2.0,-4.0
T_DIDCB6,38,DF,-0.55,-1.1
T_DINO-3,38,DF,-0.55,-1.1
T_DINO-5,38,DF,-0.7000000000000001,-1.4000000000000001
T_FASN-1,38,DF,-0.003,-0.006
T_FASN-2,38,DF,-0.001,-0.002
T_FERGD-1,38,DF,-0.504,-1.008
T_FERGD-2,38,DF,-0.744,-1.488
T_FFES-1,38,DF,-0.021,-0.042
T_FFES-2,38,DF,-0.011,-0.022
T_FFES-3,38,DF,-0.01,-0.02
T_FFES-4,38,DF,-0.01,-0.02
T_FOYED-1,38,DF,-0.546,-1.092
T_GRAI-7,38,DF,-1.15,-2.3
T_GYMRD-16,38,DF,-0.001,-0.002
T_GYMRD-E11,38,DF,-0.001,-0.002
T_GYMRD-W11,38,DF,-0.003,-0.006
T_HEYM2-D,38,DF,-17.66,-35.32
T_HUMRD-1,38,DF,-20.36,-40.72
T_INDQ-1,38,DF,-1.065,-2.13
T_KEAD-1,38,DF,-1.07,-2.14
T_KEADGT-3,38,DF,-0.08,-0.16
T_KILLPG-1,38,DF,-0.375,-0.75
T_KILLPG-2,38,DF,-0.271,-0.542
T_LAGA-1,38,DF,-0.5,-1.0
T_LBAR-1G,38,DF,-0.01,-0.02
T_MEDP-1,38,DF,-2.062,-4.124
T_MOWEO-1,38,DF,-0.002,-0.004
T_MRWD-1,38,DF,-0.2,-0.4
T_PNYCB-1,38,DF,-0.01,-0.02
T_SCCL-4,38,DF,-19.11,-38.22
T_SEEL-1,38,DF,-0.185,-0.37
T_SGRWO-3,38,DF,-0.74,-1.48
T_SGRWO-4,38,DF,-0.553,-1.106
T_SGRWO-5,38,DF,-0.305,-0.61
T_SGRWO-6,38,DF,-1.259,-2.518
T_SHBA-2,38,DF,-0.231,-0.462
T_STAY-1,38,DF,-0.25,-0.5
T_STRNW-1,38,DF,-0.096,-0.192
T_SUTB-1,38,DF,-0.4,-0.8
T_SVRP-10,38,DF,-0.25,-0.5
T_SVRP-20,38,DF,-0.2,-0.4
T_TORN-D,38,DF,-26.896,-53.792
T_TSREP-1,38,DF,-0.596,-1.192
T_WBURB-3,38,DF,-1.067,-2.134
T_WBURB-41,38,DF,-0.022,-0.044
T_WBURB-43,38,DF,-0.033,-0.066
T_ABRBO-1,39,DF,-0.486,-0.972
T_BPGRD-1,39,DF,-19.243,-38.486
T_CNQPS-3,39,DF,-2.205,-4.41
T_CNQPS-4,39,DF,-1.953,-3.906
T_COSO-1,39,DF,-0.8310000000000001,-1.6620000000000001
T_CRGHD-1,39,DF,-0.002,-0.004
T_DAMC-1,39,DF,-2.005,-4.01
T_DIDCB6,39,DF,-0.6,-1.2
T_DINO-3,39,DF,-0.6,-1.2
T_DINO-5,39,DF,-0.7000000000000001,-1.4000000000000001
T_DOREW-1,39,DF,-0.077,-0.154
T_FASN-1,39,DF,-0.003,-0.006
T_FASN-2,39,DF,-0.001,-0.002
T_FERGD-1,39,DF,-0.383,-0.766
T_FERGD-2,39,DF,-0.8310000000000001,-1.6620000000000001
T_FFES-1,39,DF,-0.021,-0.042
T_FFES-2,39,DF,-0.021,-0.042
T_FFES-3,39,DF,-0.02,-0.04
T_FOYE-2,39,DF,-1.0,-2.0
T_FOYED-1,39,DF,-0.499,-0.998
T_GRAI-7,39,DF,-1.15,-2.3
T_GYMRD-16,39,DF,-0.001,-0.002
T_GYMRD-E11,39,DF,-0.001,-0.002
T_GYMRD-W11,39,DF,-0.003,-0.006
T_HEYM2-D,39,DF,-17.632,-35.264
T_HUMRD-1,39,DF,-20.38,-40.76
T_INDQ-1,39,DF,-1.06,-2.12
T_KEAD-1,39,DF,-0.97,-1.94
T_KEADGT-3,39,DF,-0.08,-0.16
T_KILLPG-1,39,DF,-0.374,-0.748
T_KILLPG-2,39,DF,-0.271,-0.542
T_LAGA-1,39,DF,-0.5,-1.0
T_MEDP-1,39,DF,-2.026,-4.052
T_MOWEO-1,39,DF,-0.002,-0.004
T_MRWD-1,39,DF,-0.3,-0.6
T_PNYCB-1,39,DF,-0.015,-0.03
T_SCCL-4,39,DF,-19.11,-38.22
T_SEEL-1,39,DF,-0.171,-0.342
T_SGRWO-3,39,DF,-0.751,-1.502
T_SGRWO-4,39,DF,-0.5680000000000001,-1.1360000000000001
T_SGRWO-6,39,DF,-0.683,-1.366
T_SHBA-2,39,DF,-0.229,-0.458
T_STAY-1,39,DF,-0.3,-0.6
T_SUTB-1,39,DF,-0.4,-0.8
T_SVRP-10,39,DF,-0.3,-0.6
T_SVRP-20,39,DF,-0.2,-0.4
T_TORN-D,39,DF,-26.924,-53.848
T_TSREP-1,39,DF,-0.606,-1.212
T_WBURB-3,39,DF,-1.016,-2.032
T_WBURB-41,39,DF,-0.022,-0.044
T_WBURB-43,39,DF,-0.034,-0.068
T_ABRBO-1,40,DF,-0.497,-0.994
T_BPGRD-1,40,DF,-18.817,-37.634
T_CNQPS-3,40,DF,-2.205,-4.41
T_CNQPS-4,40,DF,-1.953,-3.906
T_COSO-1,40,DF,-0.93,-1.86
T_CRGHD-1,40,DF,-0.002,-0.004
T_DAMC-1,40,DF,-2.0,-4.0
T_DIDCB6,40,DF,-0.6,-1.2
T_DINO-3,40,DF,-0.55,-1.1
T_DINO-5,40,DF,-0.75,-1.5
T_FASN-1,40,DF,-0.003,-0.006
T_FASN-2,40,DF,-0.001,-0.002
T_FERGD-1,40,DF,-0.305,-0.61
T_FERGD-2,40,DF,-0.7030000000000001,-1.4060000000000001
T_FFES-1,40,DF,-0.276,-0.552
T_FFES-2,40,DF,-0.34900000000000003,-0.6980000000000001
T_FFES-3,40,DF,-0.01,-0.02
T_FOYED-1,40,DF,-0.555,-1.11
T_GNAPW-1,40,DF,-0.11,-0.22
T_GRAI-7,40,DF,-1.15,-2.3
T_GYMRD-16,40,DF,-0.001,-0.002
T_GYMRD-E11,40,DF,-0.001,-0.002
T_GYMRD-W11,40,DF,-0.003,-0.006
T_HEYM2-D,40,DF,-17.612,-35.224
T_HUMRD-1,40,DF,-20.53,-41.06
T_INDQ-1,40,DF,-1.055,-2.11
T_KEAD-1,40,DF,-1.02,-2.04
T_KEADGT-3,40,DF,-0.08,-0.16
T_KILLPG-1,40,DF,-0.374,-0.748
T_KILLPG-2,40,DF,-0.27,-0.54
T_LAGA-1,40,DF,-0.4,-0.8
T_LBAR-1G,40,DF,-0.01,-0.02
T_MEDP-1,40,DF,-2.043,-4.086
T_MOWEO-1,40,DF,-0.002,-0.004
T_MRWD-1,40,DF,-0.2,-0.4
T_PNYCB-1,40,DF,-0.01,-0.02
T_SCCL-4,40,DF,-19.03,-38.06
T_SEEL-1,40,DF,-0.168,-0.336
T_SGRWO-4,40,DF,-0.247,-0.494
T_SHBA-2,40,DF,-0.229,-0.458
T_STAY-1,40,DF,-0.25,-0.5
T_SUTB-1,40,DF,-0.5,-1.0
T_SVRP-10,40,DF,-0.3,-0.6
T_SVRP-20,40,DF,-0.15,-0.3
T_TORN-D,40,DF,-26.948,-53.896
T_TSREP-1,40,DF,-0.596,-1.192
T_WBURB-3,40,DF,-1.018,-2.036
T_WBURB-41,40,DF,-0.022,-0.044
T_WBURB-43,40,DF,-0.032,-0.064
T_ABRBO-1,41,DF,-0.454,-0.908
T_ARCHW-1,41,DF,-0.07,-0.14
T_BPGRD-1,41,DF,-19.269,-38.538
T_CNQPS-3,41,DF,-2.205,-4.41
T_CNQPS-4,41,DF,-1.953,-3.906
T_COSO-1,41,DF,-0.871,-1.742
T_CREAW-1,41,DF,-0.219,-0.438
T_CRGHD-1,41,DF,-0.002,-0.004
T_DAMC-1,41,DF,-2.005,-4.01
T_DIDCB6,41,DF,-0.5,-1.0
T_DINO-3,41,DF,-0.6,-1.2
T_DINO-5,41,DF,-0.7000000000000001,-1.4000000000000001
T_FASN-1,41,DF,-0.003,-0.006
T_FASN-2,41,DF,-0.001,-0.002
T_FERGD-1,41,DF,-0.434,-0.868
T_FERGD-2,41,DF,-0.625,-1.25
T_FFES-1,41,DF,-0.618,-1.236
T_FFES-2,41,DF,-0.618,-1.236
T_FFES-3,41,DF,-0.02,-0.04
T_FOYED-1,41,DF,-0.547,-1.094
T_GNAPW-1,41,DF,-0.092,-0.184
T_GRAI-7,41,DF,-1.1,-2.2
T_GYMRD-16,41,DF,-0.001,-0.002
T_GYMRD-E11,41,DF,-0.001,-0.002
T_GYMRD-W11,41,DF,-0.003,-0.006
T_HEYM2-D,41,DF,-17.748,-35.496
T_HUMRD-1,41,DF,-20.56,-41.12
T_INDQ-1,41,DF,-1.06,-2.12
T_KEAD-1,41,DF,-1.015,-2.03
T_KEADGT-3,41,DF,-0.085,-0.17
T_KILLPG-1,41,DF,-0.377,-0.754
T_KILLPG-2,41,DF,-0.273,-0.546
T_KLGLW-1,41,DF,-0.261,-0.522
T_LAGA-1,41,DF,-0.5,-1.0
T_LBAR-1G,41,DF,-0.01,-0.02
T_MEDP-1,41,DF,-2.049,-4.098
T_MOWEO-1,41,DF,-0.002,-0.004
T_MRWD-1,41,DF,-0.3,-0.6
T_PNYCB-1,41,DF,-0.01,-0.02
T_SCCL-4,41,DF,-19.22,-38.44
T_SEEL-1,41,DF,-0.168,-0.336
T_SHBA-2,41,DF,-0.225,-0.45
T_STAY-1,41,DF,-0.25,-0.5
T_SUTB-1,41,DF,-0.5,-1.0
T_SVRP-10,41,DF,-0.25,-0.5
T_SVRP-20,41,DF,-0.25,-0.5
T_TORN-D,41,DF,-27.084,-54.168
T_TSREP-1,41,DF,-0.606,-1.212
T_WBURB-3,41,DF,-1.065,-2.13
T_WBURB-41,41,DF,-0.021,-0.042
T_WBURB-43,41,DF,-0.035,-0.07
T_WILCT-1,41,DF,-0.905,-1.81
T_ABRBO-1,42,DF,-0.464,-0.928
T_ARCHW-1,42,DF,-0.171,-0.342
T_BPGRD-1,42,DF,-18.959,-37.918
T_CNQPS-3,42,DF,-2.205,-4.41
T_CNQPS-4,42,DF,-1.8900000000000001,-3.7800000000000002
T_COSO-1,42,DF,-0.841,-1.682
T_CREAW-1,42,DF,-0.131,-0.262
T_CRGHD-1,42,DF,-0.002,-0.004
T_DAMC-1,42,DF,-2.01,-4.02
T_DDGNO-1,42,DF,-0.08700000000000001,-0.17400000000000002
T_DDGNO-3,42,DF,-0.319,-0.638
T_DIDCB6,42,DF,-0.45,-0.9
T_DINO-3,42,DF,-0.55,-1.1
T_DINO-5,42,DF,-0.75,-1.5
T_DRSLW-1,42,DF,-0.211,-0.422
T_FASN-1,42,DF,-0.003,-0.006
T_FASN-2,42,DF,-0.001,-0.002
T_FERGD-1,42,DF,-0.498,-0.996
T_FERGD-2,42,DF,-0.786,-1.572
T_FFES-1,42,DF,-0.609,-1.218
T_FFES-2,42,DF,-0.608,-1.216
T_FFES-3,42,DF,-0.01,-0.02
T_FOYED-1,42,DF,-0.548,-1.096
T_GNAPW-1,42,DF,-0.062,-0.124
T_GRAI-7,42,DF,-1.15,-2.3
T_GYMRD-16,42,DF,-0.001,-0.002
T_GYMRD-E10,42,DF,-0.001,-0.002
T_GYMRD-E11,42,DF,-0.002,-0.004
T_GYMRD-W11,42,DF,-0.003,-0.006
T_HEYM2-D,42,DF,-17.716,-35.432
T_HUMRD-1,42,DF,-20.49,-40.98
T_INDQ-1,42,DF,-1.06,-2.12
T_KEAD-1,42,DF,-0.97,-1.94
T_KEADGT-3,42,DF,-0.08,-0.16
T_KILLPG-1,42,DF,-0.379,-0.758
T_KILLPG-2,42,DF,-0.276,-0.552
T_KLGLW-1,42,DF,-0.317,-0.634
T_LAGA-1,42,DF,-0.5,-1.0
T_MEDP-1,42,DF,-2.028,-4.056
T_MKHLW-1,42,DF,-0.271,-0.542
T_MOWEO-1,42,DF,-0.002,-0.004
T_MRWD-1,42,DF,-0.2,-0.4
T_PNYCB-1,42,DF,-0.01,-0.02
T_SCCL-4,42,DF,-19.25,-38.5
T_SEEL-1,42,DF,-0.167,-0.334
T_SHBA-2,42,DF,-0.223,-0.446
T_STAY-1,42,DF,-0.25,-0.5
T_SUTB-1,42,DF,-0.4,-0.8
T_SVRP-10,42,DF,-0.3,-0.6
T_SVRP-20,42,DF,-0.2,-0.4
T_TKNEW-1,42,DF,-0.638,-1.276
T_TORN-D,42,DF,-27.064,-54.128
T_TSREP-1,42,DF,-0.611,-1.222
T_WBURB-3,42,DF,-1.02,-2.04
T_WBURB-41,42,DF,-0.02,-0.04
T_WBURB-43,42,DF,-0.03,-0.06
T_WILCT-1,42,DF,-1.4100000000000001,-2.8200000000000003
T_ABRBO-1,43,DF,-0.445,-0.89
T_ARCHW-1,43,DF,-0.294,-0.588
T_BPGRD-1,43,DF,-19.15,-38.3
T_CNQPS-3,43,DF,-2.268,-4.536
T_CNQPS-4,43,DF,-1.953,-3.906
T_COSO-1,43,DF,-0.915,-1.83
T_CRGHD-1,43,DF,-0.002,-0.004
T_DAMC-1,43,DF,-2.01,-4.02
T_DDGNO-1,43,DF,-0.374,-0.748
T_DDGNO-2,43,DF,-0.266,-0.532
T_DDGNO-3,43,DF,-0.42,-0.84
T_DDGNO-4,43,DF,-0.335,-0.67
T_DIDCB6,43,DF,-0.45,-0.9
T_DINO-3,43,DF,-0.55,-1.1
T_DINO-5,43,DF,-0.7000000000000001,-1.4000000000000001
T_FASN-1,43,DF,-0.003,-0.006
T_FASN-2,43,DF,-0.001,-0.002
T_FERGD-1,43,DF,-0.325,-0.65
T_FERGD-2,43,DF,-0.61,-1.22
T_FFES-1,43,DF,-0.619,-1.238
T_FFES-3,43,DF,-0.02,-0.04
T_FOYED-1,43,DF,-0.549,-1.098
T_GNAPW-1,43,DF,-0.064,-0.128
T_GRAI-7,43,DF,-1.15,-2.3
T_GYMRD-16,43,DF,-0.001,-0.002
T_GYMRD-E11,43,DF,-0.001,-0.002
T_GYMRD-W11,43,DF,-0.003,-0.006
T_HEYM2-D,43,DF,-17.66,-35.32
T_HUMRD-1,43,DF,-20.5,-41.0
T_INDQ-1,43,DF,-1.05,-2.1
T_KEAD-1,43,DF,-0.97,-1.94
T_KEADGT-3,43,DF,-0.08,-0.16
T_KILLPG-1,43,DF,-0.378,-0.756
T_KILLPG-2,43,DF,-0.276,-0.552
T_LAGA-1,43,DF,-0.5,-1.0
T_LBAR-1G,43,DF,-0.01,-0.02
T_MEDP-1,43,DF,-2.028,-4.056
T_MKHLW-1,43,DF,-0.24,-0.48
T_MOWEO-1,43,DF,-0.002,-0.004
T_MRWD-1,43,DF,-0.3,-0.6
T_PNYCB-1,43,DF,-0.01,-0.02
T_SCCL-4,43,DF,-19.11,-38.22
T_SEEL-1,43,DF,-0.185,-0.37
T_SHBA-2,43,DF,-0.23500000000000001,-0.47000000000000003
T_STAY-1,43,DF,-0.3,-0.6
T_SUTB-1,43,DF,-0.5,-1.0
T_SVRP-10,43,DF,-0.25,-0.5
T_SVRP-20,43,DF,-0.25,-0.5
T_TORN-D,43,DF,-26.992,-53.984
T_TSREP-1,43,DF,-0.611,-1.222
T_WBURB-3,43,DF,-1.021,-2.042
T_WBURB-41,43,DF,-0.02,-0.04
T_WBURB-43,43,DF,-0.029,-0.058
T_WILCT-1,43,DF,-1.8399999999999999,-3.6799999999999997
T_ABRBO-1,44,DF,-0.448,-0.896
T_ARCHW-1,44,DF,-0.211,-0.422
T_BPGRD-1,44,DF,-19.184,-38.368
T_CNQPS-3,44,DF,-2.205,-4.41
T_CNQPS-4,44,DF,-1.8900000000000001,-3.7800000000000002
T_COSO-1,44,DF,-0.888,-1.776
T_CRGHD-1,44,DF,-0.003,-0.006
T_DAMC-1,44,DF,-2.01,-4.02
T_DDGNO-1,44,DF,-0.606,-1.212
T_DDGNO-2,44,DF,-0.41000000000000003,-0.8200000000000001
T_DDGNO-3,44,DF,-0.525,-1.05
T_DDGNO-4,44,DF,-0.56,-1.12
T_DIDCB6,44,DF,-0.5,-1.0
T_DINO-3,44,DF,-0.6,-1.2
T_DINO-5,44,DF,-0.75,-1.5
T_DOREW-1,44,DF,-0.124,-0.248
T_DRSLW-1,44,DF,-0.362,-0.724
T_EWHLW-1,44,DF,-0.08600000000000001,-0.17200000000000001
T_FASN-1,44,DF,-0.003,-0.006
T_FASN-2,44,DF,-0.001,-0.002
T_FERGD-1,44,DF,-0.281,-0.562
T_FERGD-2,44,DF,-0.733,-1.466
T_FFES-1,44,DF,-0.608,-1.216
T_FFES-2,44,DF,-0.608,-1.216
T_FFES-3,44,DF,-0.01,-0.02
T_FOYED-1,44,DF,-0.557,-1.114
T_GNAPW-1,44,DF,-0.058,-0.116
T_GRAI-7,44,DF,-1.15,-2.3
T_GYMRD-16,44,DF,-0.001,-0.002
T_GYMRD-E11,44,DF,-0.001,-0.002
T_GYMRD-W11,44,DF,-0.004,-0.008
T_HEYM2-D,44,DF,-17.676,-35.352
T_HRSTW-1,44,DF,-0.391,-0.782
T_HUMRD-1,44,DF,-20.64,-41.28
T_INDQ-1,44,DF,-1.04,-2.08
T_KEAD-1,44,DF,-1.07,-2.14
T_KEADGT-3,44,DF,-0.08,-0.16
T_KILLPG-1,44,DF,-0.383,-0.766
T_KILLPG-2,44,DF,-0.275,-0.55
T_KLGLW-1,44,DF,-0.316,-0.632
T_LAGA-1,44,DF,-0.5,-1.0
T_LARKS-1,44,DF,-0.085,-0.17
T_LBAR-1G,44,DF,-0.01,-0.02
T_MEDP-1,44,DF,-2.055,-4.11
T_MKHLW-1,44,DF,-0.181,-0.362
T_MOWEO-1,44,DF,-0.002,-0.004
T_MRWD-1,44,DF,-0.3,-0.6
T_PNYCB-1,44,DF,-0.01,-0.02
T_SCCL-4,44,DF,-19.33,-38.66
T_SEEL-1,44,DF,-0.169,-0.338
T_SHBA-2,44,DF,-0.241,-0.482
T_STAY-1,44,DF,-0.25,-0.5
T_SUTB-1,44,DF,-0.4,-0.8
T_SVRP-10,44,DF,-0.3,-0.6
T_SVRP-20,44,DF,-0.2,-0.4
T_TORN-D,44,DF,-27.072,-54.144
T_TSREP-1,44,DF,-0.621,-1.242
T_WBURB-3,44,DF,-1.02,-2.04
T_WBURB-41,44,DF,-0.02,-0.04
T_WBURB-43,44,DF,-0.03,-0.06
T_WILCT-1,44,DF,-1.6,-3.2
T_ABRBO-1,45,DF,-0.458,-0.916
T_ARCHW-1,45,DF,-0.446,-0.892
T_BPGRD-1,45,DF,-19.673000000000002,-39.346000000000004
T_CNQPS-3,45,DF,-2.205,-4.41
T_CNQPS-4,45,DF,-1.953,-3.906
T_COSO-1,45,DF,-0.853,-1.706
T_CRGHD-1,45,DF,-0.002,-0.004
T_DAMC-1,45,DF,-2.02,-4.04
T_DIDCB6,45,DF,-0.45,-0.9
T_DINO-3,45,DF,-0.55,-1.1
T_DINO-5,45,DF,-0.7000000000000001,-1.4000000000000001
T_DOREW-1,45,DF,-0.269,-0.538
T_DOREW-2,45,DF,-0.28200000000000003,-0.5640000000000001
T_DRSLW-1,45,DF,-0.367,-0.734
T_EWHLW-1,45,DF,-0.084,-0.168
T_FASN-1,45,DF,-0.003,-0.006
T_FASN-2,45,DF,-0.001,-0.002
T_FERGD-1,45,DF,-0.249,-0.498
T_FERGD-2,45,DF,-0.753,-1.506
T_FFES-3,45,DF,-0.02,-0.04
T_FOYE-2,45,DF,-0.9500000000000001,-1.9000000000000001
T_FOYED-1,45,DF,-0.512,-1.024
T_GLNDO-1,45,DF,-0.012,-0.024
T_GNAPW-1,45,DF,-0.064,-0.128
T_GRAI-7,45,DF,-1.15,-2.3
T_GYMRD-16,45,DF,-0.001,-0.002
T_GYMRD-E10,45,DF,-0.001,-0.002
T_GYMRD-E11,45,DF,-0.001,-0.002
T_GYMRD-W11,45,DF,-0.004,-0.008
T_HEYM2-D,45,DF,-17.648,-35.296
T_HRSTW-1,45,DF,-0.387,-0.774
T_HUMRD-1,45,DF,-20.71,-41.42
T_INDQ-1,45,DF,-1.05,-2.1
T_KEAD-1,45,DF,-0.97,-1.94
T_KEADGT-3,45,DF,-0.08,-0.16
T_KILLPG-1,45,DF,-0.384,-0.768
T_KILLPG-2,45,DF,-0.277,-0.554
T_KLGLW-1,45,DF,-0.425,-0.85
T_LAGA-1,45,DF,-0.5,-1.0
T_LARKS-1,45,DF,-0.07,-0.14
T_LBAR-1G,45,DF,-0.01,-0.02
T_MEDP-1,45,DF,-2.062,-4.124
T_MKHLW-1,45,DF,-0.20600000000000002,-0.41200000000000003
T_MOWEO-1,45,DF,-0.002,-0.004
T_MRWD-1,45,DF,-0.2,-0.4
T_PNYCB-1,45,DF,-0.015,-0.03
T_SAKNW-1,45,DF,-0.049,-0.098
T_SCCL-4,45,DF,-19.4,-38.8
T_SEEL-1,45,DF,-0.169,-0.338
T_SHBA-2,45,DF,-0.245,-0.49
T_STAY-1,45,DF,-0.25,-0.5
T_SUTB-1,45,DF,-0.5,-1.0
T_SVRP-10,45,DF,-0.3,-0.6
T_SVRP-20,45,DF,-0.2,-0.4
T_TORN-D,45,DF,-27.06,-54.12
T_TSREP-1,45,DF,-0.621,-1.242
T_WBURB-3,45,DF,-1.221,-2.442
T_WBURB-41,45,DF,-0.019,-0.038
T_WBURB-43,45,DF,-0.029,-0.058
T_ABRBO-1,46,DF,-0.46900000000000003,-0.9380000000000001
T_ARCHW-1,46,DF,-0.191,-0.382
T_BPGRD-1,46,DF,-21.123,-42.246
T_CNQPS-3,46,DF,-2.205,-4.41
T_CNQPS-4,46,DF,-1.8900000000000001,-3.7800000000000002
T_COSO-1,46,DF,-0.861,-1.722
T_CRGHD-1,46,DF,-0.002,-0.004
T_DAMC-1,46,DF,-2.005,-4.01
T_DIDCB6,46,DF,-0.35000000000000003,-0.7000000000000001
T_DINO-3,46,DF,-0.6,-1.2
T_DINO-5,46,DF,-0.75,-1.5
T_DOREW-1,46,DF,-0.336,-0.672
T_DOREW-2,46,DF,-0.28800000000000003,-0.5760000000000001
T_DRSLW-1,46,DF,-0.352,-0.704
T_EWHLW-1,46,DF,-0.084,-0.168
T_FASN-1,46,DF,-0.003,-0.006
T_FASN-2,46,DF,-0.001,-0.002
T_FERGD-1,46,DF,-0.203,-0.406
T_FERGD-2,46,DF,-0.865,-1.73
T_FFES-1,46,DF,-0.607,-1.214
T_FFES-2,46,DF,-0.597,-1.194
T_FFES-3,46,DF,-0.01,-0.02
T_FFES-4,46,DF,-0.02,-0.04
T_FOYE-2,46,DF,-0.9500000000000001,-1.9000000000000001
T_FOYED-1,46,DF,-0.5,-1.0
T_GNAPW-1,46,DF,-0.035,-0.07
T_GRAI-7,46,DF,-1.9,-3.8
T_GYMRD-16,46,DF,-0.001,-0.002
T_GYMRD-E11,46,DF,-0.002,-0.004
T_GYMRD-W11,46,DF,-0.003,-0.006
T_HEYM2-D,46,DF,-17.708,-35.416
T_HRSTW-1,46,DF,-0.375,-0.75
T_HUMRD-1,46,DF,-20.87,-41.74
T_INDQ-1,46,DF,-1.06,-2.12
T_KEAD-1,46,DF,-1.02,-2.04
T_KEADGT-3,46,DF,-0.08,-0.16
T_KILLPG-1,46,DF,-0.387,-0.774
T_KILLPG-2,46,DF,-0.279,-0.558
T_LAGA-1,46,DF,-0.5,-1.0
T_LARKS-1,46,DF,-0.045,-0.09
T_LBAR-1G,46,DF,-0.01,-0.02
T_MEDP-1,46,DF,-2.045,-4.09
T_MKHLW-1,46,DF,-0.195,-0.39
T_MOWEO-1,46,DF,-0.002,-0.004
T_MRWD-1,46,DF,-0.3,-0.6
T_PNYCB-1,46,DF,-0.01,-0.02
T_SAKNW-1,46,DF,-0.368,-0.736
T_SCCL-4,46,DF,-19.41,-38.82
T_SEEL-1,46,DF,-0.168,-0.336
T_SHBA-2,46,DF,-0.245,-0.49
T_STAY-1,46,DF,-0.3,-0.6
T_STRNW-1,46,DF,-0.107,-0.214
T_SUTB-1,46,DF,-0.4,-0.8
T_SVRP-10,46,DF,-0.25,-0.5
T_SVRP-20,46,DF,-0.25,-0.5
T_TORN-D,46,DF,-27.328,-54.656
T_TSREP-1,46,DF,-0.631,-1.262
T_WBURB-3,46,DF,-1.5710000000000002,-3.1420000000000003
T_WBURB-41,46,DF,-0.019,-0.038
T_WBURB-43,46,DF,-0.03,-0.06
T_ABRBO-1,47,DF,-0.495,-0.99
T_BPGRD-1,47,DF,-21.073,-42.146
T_CNQPS-3,47,DF,-2.205,-4.41
T_CNQPS-4,47,DF,-1.953,-3.906
T_COSO-1,47,DF,-0.844,-1.688
T_CREAW-1,47,DF,-0.28400000000000003,-0.5680000000000001
T_CRGHD-1,47,DF,-0.002,-0.004
T_DAMC-1,47,DF,-2.005,-4.01
T_DIDCB6,47,DF,-0.4,-0.8
T_DINO-3,47,DF,-0.55,-1.1
T_DINO-5,47,DF,-0.7000000000000001,-1.4000000000000001
T_DOREW-1,47,DF,-0.28800000000000003,-0.5760000000000001
T_DOREW-2,47,DF,-0.293,-0.586
T_DRSLW-1,47,DF,-0.369,-0.738
T_EWHLW-1,47,DF,-0.08600000000000001,-0.17200000000000001
T_FASN-1,47,DF,-0.003,-0.006
T_FASN-2,47,DF,-0.001,-0.002
T_FERGD-1,47,DF,-0.259,-0.518
T_FERGD-2,47,DF,-1.001,-2.002
T_FFES-1,47,DF,-0.618,-1.236
T_FFES-3,47,DF,-0.02,-0.04
T_FFES-4,47,DF,-0.01,-0.02
T_FOYE-2,47,DF,-1.0,-2.0
T_FOYED-1,47,DF,-0.49,-0.98
T_GNAPW-1,47,DF,-0.016,-0.032
T_GRAI-7,47,DF,-2.15,-4.3
T_GYMRD-16,47,DF,-0.001,-0.002
T_GYMRD-E11,47,DF,-0.002,-0.004
T_GYMRD-W11,47,DF,-0.003,-0.006
T_HEYM2-D,47,DF,-17.748,-35.496
T_HRSTW-1,47,DF,-0.35000000000000003,-0.7000000000000001
T_HUMRD-1,47,DF,-20.69,-41.38
T_INDQ-1,47,DF,-1.065,-2.13
T_KEAD-1,47,DF,-1.02,-2.04
T_KEADGT-3,47,DF,-0.08,-0.16
T_KILLPG-1,47,DF,-0.389,-0.778
T_KILLPG-2,47,DF,-0.28,-0.56
T_LAGA-1,47,DF,-0.5,-1.0
T_LARKS-1,47,DF,-0.05,-0.1
T_LBAR-1G,47,DF,-0.01,-0.02
T_MEDP-1,47,DF,-2.036,-4.072
T_MKHLW-1,47,DF,-0.22,-0.44
T_MOWEO-1,47,DF,-0.002,-0.004
T_MRWD-1,47,DF,-0.3,-0.6
T_PNYCB-1,47,DF,-0.01,-0.02
T_SAKNW-1,47,DF,-0.151,-0.302
T_SCCL-4,47,DF,-19.38,-38.76
T_SEEL-1,47,DF,-0.167,-0.334
T_SHBA-2,47,DF,-0.244,-0.488
T_STAY-1,47,DF,-0.3,-0.6
T_SUTB-1,47,DF,-0.4,-0.8
T_SVRP-10,47,DF,-0.3,-0.6
T_SVRP-20,47,DF,-0.2,-0.4
T_TORN-D,47,DF,-27.292,-54.584
T_TSREP-1,47,DF,-0.631,-1.262
T_WBURB-3,47,DF,-1.47,-2.94
T_WBURB-41,47,DF,-0.019,-0.038
T_WBURB-43,47,DF,-0.03,-0.06
T_ABRBO-1,48,DF,-0.489,-0.978
T_BPGRD-1,48,DF,-20.603,-41.206
T_CARR-1,48,DF,-2.0,-4.0
T_CARR-2,48,DF,-0.6,-1.2
T_CNQPS-3,48,DF,-2.268,-4.536
T_CNQPS-4,48,DF,-1.953,-3.906
T_COSO-1,48,DF,-0.915,-1.83
T_CREAW-1,48,DF,-0.322,-0.644
T_CRGHD-1,48,DF,-0.003,-0.006
T_DAMC-1,48,DF,-2.0,-4.0
T_DIDCB6,48,DF,-0.4,-0.8
T_DINO-3,48,DF,-0.6,-1.2
T_DINO-5,48,DF,-0.75,-1.5
T_DRSLW-1,48,DF,-0.364,-0.728
T_EWHLW-1,48,DF,-0.088,-0.176
T_FASN-1,48,DF,-0.003,-0.006
T_FASN-2,48,DF,-0.001,-0.002
T_FERGD-1,48,DF,-0.112,-0.224
T_FERGD-2,48,DF,-0.9490000000000001,-1.8980000000000001
T_FFES-1,48,DF,-0.608,-1.216
T_FFES-2,48,DF,-0.707,-1.414
T_FFES-3,48,DF,-0.01,-0.02
T_FFES-4,48,DF,-0.02,-0.04
T_FOYE-2,48,DF,-0.9500000000000001,-1.9000000000000001
T_FOYED-1,48,DF,-0.527,-1.054
T_GLNDO-1,48,DF,-0.021,-0.042
T_GRAI-7,48,DF,-2.1,-4.2
T_GYMRD-16,48,DF,-0.001,-0.002
T_GYMRD-E11,48,DF,-0.001,-0.002
T_GYMRD-W11,48,DF,-0.004,-0.008
T_HEYM2-D,48,DF,-17.704,-35.408
T_HRSTW-1,48,DF,-0.322,-0.644
T_HUMRD-1,48,DF,-20.46,-40.92
T_INDQ-1,48,DF,-1.07,-2.14
T_KEAD-1,48,DF,-1.07,-2.14
T_KEADGT-3,48,DF,-0.08,-0.16
T_KILLPG-1,48,DF,-0.386,-0.772
T_KILLPG-2,48,DF,-0.279,-0.558
T_LAGA-1,48,DF,-0.5,-1.0
T_LARKS-1,48,DF,-0.05,-0.1
T_LBAR-1G,48,DF,-0.02,-0.04
T_MEDP-1,48,DF,-2.044,-4.088
T_MKHLW-1,48,DF,-0.188,-0.376
T_MOWEO-1,48,DF,-0.002,-0.004
T_MRWD-1,48,DF,-0.2,-0.4
T_MYGPW-1,48,DF,-0.051000000000000004,-0.10200000000000001
T_PNYCB-1,48,DF,-0.01,-0.02
T_SAKNW-1,48,DF,-0.061,-0.122
T_SCCL-4,48,DF,-19.18,-38.36
T_SEAB-2,48,DF,-1.976,-3.952
T_SEEL-1,48,DF,-0.185,-0.37
T_SHBA-2,48,DF,-0.261,-0.522
T_STAY-1,48,DF,-0.25,-0.5
T_SUTB-1,48,DF,-0.4,-0.8
T_SVRP-10,48,DF,-0.25,-0.5
T_SVRP-20,48,DF,-0.2,-0.4
T_TORN-D,48,DF,-27.192,-54.384
T_TSREP-1,48,DF,-0.621,-1.242
T_WBURB-3,48,DF,-1.121,-2.242
T_WBURB-41,48,DF,-0.019,-0.038
T_WBURB-43,48,DF,-0.029,-0.058
T_WDRGW-1,48,DF,-0.022,-0.044
