"path","bytes","sha256"
"audits/A_ELEXON_OPERATIONAL_EVIDENCE.md","3000","e395ac2f21080da2a3103ffd517dc3725d877b3bdf7dce86d6d9273f3470908e"
"audits/B_PYPSA_GB_CHRONOLOGY_GATE.md","1175","61ab3faa7be71a83c38542b026f4af8c2b61d7ab72bc617af017e07f058821b8"
"audits/C_NETWORK_REPAIR_CLOSURE.md","1259","397b883752de995ea54c7976d5e4126ca8ce15a357f4265c4f720c06c7b66f0c"
"audits/CLAIM_BOUNDARY.md","954","8a3436b5443862942023ec482fb18e6f66e2cd25f8959d525208f0d5e33cbb5d"
"audits/D_CLEAN_ROOM_REPRODUCTION.md","1331","99f0e2d6e6d89ccdb9225bf85e5624290d81321116e688a343bc0a29825ea975"
"audits/E_CLOSEST_PAPER_AUDIT_2024_2026.csv","2180","3a26c886c59f0734d3984c7d3a49a1a4e35ada429fe84b73e3b718e15da3eda8"
"audits/E_CLOSEST_PAPER_AUDIT_2024_2026.md","3069","16c7bc45af518cc9f1df3d9c1754afe152a3f6a57fbe87279c645bbc3f965237"
"audits/MATHEMATICAL_AUDIT.md","5161","fd68415f2c7822fbd078fdde1afd65dc3ff9c55dfebeaf83ece1a39e78379214"
"audits/PDF_PREFLIGHT_V8.md","730","115475c6d5f4f5fe87f44e68a40689a4facebf2409167b9fe24e8f44c15e1d7b"
"audits/V8_EVIDENCE_GATE_DECISION.md","775","d1c4005bb238db0c65ad2ef42bb2a73fb489e849fd2a94871d9cca47c3244850"
"author_side/AUTHOR_METADATA_AND_APPROVAL_ITEMS.md","802","f06dd3697cd3ae776a12855041f2f115a789e69cc45ed095ae0d353a147e9693"
"author_side/SUBMISSION_STATEMENTS_DRAFT.md","1585","9818597532ac3d9d6cbfac16e26fb288a852504eb2bb52bbd5bfc4ea22bae382"
"CHANGELOG_V8.md","765","9f597a8258bf9764466e5a8d4e14d4392611291d3ec4bd6894ba0da5915d5ae2"
"code/acquire_elexon_evidence.py","3468","03cfd01d1a121bfe9589302eec7f3f84c5f27d8ea99ff8bee915d8b8e2aea7be"
"code/analyze_elexon_evidence.py","14292","7994c3c24a06514d95f4d0422b614c15d791b7b06add7d48a4f082b06cff023b"
"code/audit_pypsa_gb_chronology.py","2392","58107692af36470d6696ba6cb6f3542e6509ee9080580b2366217f9c120e17ae"
"code/clean_room_audit.py","7317","a4c86bbc94cdfedb59f11fef1f314f8ad72805141933162384140f5a8a9d1e6e"
"code/native_minud_independent.py","3311","f085b1744d9effbce77b3c210e20766d3eccc215d2c44be4ef6fd71acfb14024"
"code/native_minud_repair_independent.py","3827","2b3addd0271a45f31428e61407d4ef1218998d1f278c250091b4feeb8ff02e94"
"code/reproduce_chronology_repairs.py","4791","ea1873a0586a830d7c6a0978d5298f5f77f49569358afbbed8c36bea1869d53c"
"code/reproduce_gb_replication_metrics.py","1639","8fb75c3c085e87d09f2a9ab0b0775b4017a2d43f5efc7529ae1583bc5b3498d0"
"code/reproduce_network_repair_upper_bound.py","4855","a47915e03cc40e8bdf7b8ab148131d7ff7a9bca19137400a4cfb7b602a0516de"
"code/requirements.txt","81","be2b30240752c7879e055fc5e215d6678c71543a90a9150efda965f77851ff8f"
"code/run_ac_fixed_fast2.py","13435","f5fde27dcb23e2ae18abaa2ca9560926a031477a3f3a3e207732bff0875c3b59"
"code/run_ac_shared.py","13098","1b1061ab163a10e959cbaa7477b54b73143e83ddf90e2a531b8319189836623b"
"code/solve_network_milp_v8_highspy.py","4809","7b42a0377e76740a921d75c1d6c6d3c18e408f656acf3289b67481c76964c9a4"
"code/test_casadi_ac.py","6676","7222444988a3ccb488d9f26f97509915496f00becbfd2255e208123d7a5c4e99"
"code/verify_native_ramp_witness.py","2585","b51239e7c3c4710865cc4cd6375485e2a6b8d36b1bbfac588c9ef8e5869f5cf5"
"code/verify_network_repair_witness.py","3795","faa1b35af421449869d173a1ccc64646c2d0f46940480d5d213ae10118a37b91"
"code/verify_package_manifest.py","1729","b392d28f0ba4556be4e46319df3db7844fdd6fe275ea8ef1806ab90c7ff20835"
"continuity/PROJECT_LINEAGE_V4_TO_V7.md","2898","45f4a81d29f84d7d33198c290fa5493e5ba5eb94486670105432078e88b7ce47"
"continuity/PROJECT_LINEAGE_V4_TO_V8.md","732","2fdb801368162a62f455be48f7f0081f6592de8b1a717d715e40a579b0b0e493"
"continuity/READY_TO_COPY_HANDOFF_MESSAGE_AR.md","237","d86927355c5a6a93f05d124a45546a198895059e35bac2cfdef85eeffe36f356"
"DELIVERY_SUMMARY_AR.md","1401","1192600cf3ae8a447659090ed21bce710ca2c541e1db1a86654f89ef62799094"
"journal/COVER_LETTER_DRAFT.txt","2099","d60447019efab1a2a0aca356c484411b92dded719e28690dbf48e0d1d9fff24b"
"journal/TPWRS_SUBMISSION_NOTES.md","1591","0e7d9d2e1b4f5fc14738af575ba036812584126b22bfa51ea8c7b90ffd23075c"
"manuscript/DSC_Grid_V8_Anonymous_Review_Copy.pdf","357616","c734a6d4dd0fd351e018612eb707be5e01e3f8cb5455ad6104ce439d2f0fce88"
"manuscript/DSC_Grid_V8_TPWRS_Manuscript.pdf","358192","20c028fb5ad33d61b4c347123bd0f30985416f1f3e89b512b7f61c8aebc11376"
"manuscript/source/main_anonymous.tex","35","e81ca703d69ebec9805816baff9ffdf9fd75dda0036f0eee0d062adf6d842097"
"manuscript/source/main_core.tex","40480","3996a770b13ed48fc9e37bfe0f834e04859f87b905c9c43811d1bd38ebed9b98"
"manuscript/source/main.tex","22","9cec6bae3c1b88311defc46551f844c8f2302ec28e54b4d2adb37b9002507de7"
"manuscript/source/references.tex","8305","5891882c591df1ce68ad7e804ba3741261ac38250eb002d1e18cd31f39ffdaf1"
"NEW_CHAT_HANDOFF_MESSAGE_AR.md","1359","a91168ca9f07f49d1b0740e2c924bf211320fc38c0e9d6cdeeaaab0cfe98608c"
"README.md","1700","96911ee556c29ecb0a5272e434e93726c45bd3ec3398b832f4ea28c1453e64d4"
"results/ac_fixed/ac_projection_generator_corrections.csv","372314","1c8face5e8cf7f1f3ed2b8347ec2f6a0f7cb98962a69dee11733671ac0305473"
"results/ac_fixed/ac_projection_results.csv","41500","4d61216875708e57b777a3a69fcc951bccb6282bb80f76020d20a2b580d238bd"
"results/ac_fixed/ac_projection_summary.csv","919","6cb81919a7b49d78a821bda358746d9c462cbbb5c6d06bca55117d5c0e6ff3c1"
"results/ac_fixed/ac_projection_summary.json","3055","afeb09329829345a0d6704a755b877dae23222f83517d4d90019e6c831d2e159"
"results/ac_pypower/ac_restoration_generator_corrections.csv","10479","25a302511ae102d75b0bb94d73e60d1b44ff2c635398390fbb7db34026f9d639"
"results/ac_pypower/ac_restoration_results.csv","18164","0284f6f289790773b8643fa96ba648b19be0e70efb496b0a0cf582f29ce30bd0"
"results/ac_pypower/ac_restoration_summary.csv","368","a0f3d6343ba2344b78c181d720bcbc15c8dd51abf9a3f3c03198c5d123f9a21d"
"results/ac_pypower/ac_restoration_summary.json","1225","ed8d5eb4d85794bc117ade07f869fbe73203a267d46e7e7ded8f6f9bde74cc70"
"results/ac_pypower/CLAIM_BOUNDARY.md","268","690a45d016ffa89d50279fe1aeea247ed257bb9a6c01c334028ee4f073bb99ef"
"results/ac_pypower/embedded_input_manifest.json","1465","286180c96b681246739ed4240a784e44800dd074f1edcfa816eb181a6a643b2a"
"results/ac_pypower/environment.json","186","d5bc7100c5962d79c892357cec91afb8149bb6fe68c822de8a0f661c1b0a5de7"
"results/ac_pypower/RUN_LOG.txt","6553","92d4bf1253bc78718be3d13fb37193a02ad238ed0d0ad50007dc7ad84ab98463"
"results/ac_shared/ac_projection_generator_corrections.csv","283847","c4c3e8a0eaaf3eb9d45e055be3eae8543873d8ac1dba5080893d0d1dcaf95c80"
"results/ac_shared/ac_projection_results.csv","33379","40eb525b76039cdad4639f77c1c466e6646d3ec90e0106ec2b7b0a7cacad1e4f"
"results/ac_shared/ac_projection_summary.csv","533","217b035d8bc1b8afa7d41d896ed49cd73d8eecb66e6f17a00d1765227429943c"
"results/ac_shared/ac_projection_summary.json","2011","c3e6bfce708033f99f6e988d6e9f882f3ce79fafea37ed7bba742d634e561a3f"
"results/chronology/CHRONOLOGY_GATE_STATUS.md","2988","e5c2f9ccc92d71e7474d7c956ba1385c3d3a8625fe30163e5a6c375230086b76"
"results/chronology/native_feasibility_fast.csv","1871","9280328d35166d580362454211f68aa83cc363f6e0172dd2db10822b196d0547"
"results/chronology/native_minud_independent.csv","397","26d0503cb016e5fe0bcb8c6706e67e6cd748bf2a2014d1c160f8a31a16b5cc4f"
"results/chronology/native_minud_repair_month_07.csv","3589","91f0f2d1589481c3ea72f3ac203c279198916eda33953cfe8f0df97c3b73d47f"
"results/clean_room_audit/clean_room_claim_audit.csv","4205","45d883c173bcd209c1058a4ccbe115b1fce9ec7513cd97ec1239adabe8e4840f"
"results/clean_room_audit/clean_room_claim_audit.json","148","b453a7078ae58759840f7038ba6aaf092751c2002814b35a5325989da8bce5f3"
"results/elexon_operational_evidence/analysis/b1610_mean_coordinate_changes.csv","26373","7605caaac7075844537c14170b995088b0795f7c87f0f1fb39db6fa01f943f84"
"results/elexon_operational_evidence/analysis/b1610_operational_evidence_metrics.csv","3643","f94b2e9addc41c2e77c5fe1e1917d950f7c73b7180dfa710f23c6fe2cb0b5422"
"results/elexon_operational_evidence/analysis/b1610_operational_evidence_metrics.json","4309","16740c2d180fb28665aacf341af316f21e652c0e1ed1468af1acf6d89d574539"
"results/elexon_operational_evidence/analysis/b1610_optimal_transport_matching.csv","1187","c8ea6a51bb2e056aff04dc5317653735e12bfc5e2914ff49fa91c54d82dad6be"
"results/elexon_operational_evidence/analysis/input_sha256_register.csv","7027","e7c2091eb0db70bb218a0434f9c1b1b02def92d6d6919d509bb833508f34d81e"
"results/elexon_operational_evidence/analysis/mels_mils_source_coverage.csv","658","00c3d831d2fabee45e389585f93e2e6ddcfb2fb3f3ccc643e2bf872ca59d9f0b"
"results/elexon_operational_evidence/analysis/mnzt_observed_event_summary.csv","383","df5b831896a67764fba757043c8ad99f1937fda788fd68c4d6a9e9d3e982a27a"
"results/elexon_operational_evidence/analysis/mzt_observed_event_summary.csv","383","c21f3fa54c3fd05fcdf49c2273bcab197fe519a6d33b0341d66e78b5d367fd93"
"results/elexon_operational_evidence/analysis/pn_to_b1610_period_l1_2023-01-11.csv","1029","061f4b85321ac5e58a46b134ab1e83c7028ec0af42386280429236ddd44397e9"
"results/elexon_operational_evidence/analysis/pn_to_b1610_period_l1_2023-07-12.csv","1003","76c2358a8274bd2b5f5b86bd6d390dbd7c84cbc6680090691265a3d83d80f8fa"
"results/elexon_operational_evidence/analysis/rdre_observed_event_summary.csv","381","6c388334cc2aa36309992f5d093640478b2ade046a22bdc25087f4f2058f0ce1"
"results/elexon_operational_evidence/analysis/rure_observed_event_summary.csv","382","ad9fac6ef2e643d6d60a4af368f1766cc4a610f2e7f7f1838ba9ad4f6c4728a8"
"results/elexon_operational_evidence/analysis/selected_bmu_dynamic_snapshots.csv","8664","a0a7e84b49fbe64406781ce1b4670489add3a43a3f08176cb76c2b2e757a1d2a"
"results/elexon_operational_evidence/analysis/selected_bmu_rate_snapshots.csv","3728","3b99b47a78033a668e84fab2344990bf3fbf3eabf994ce57f6fe952bb35f8c1b"
"results/elexon_operational_evidence/raw/B1610_2023-01-11.json","58217753","2ee4f40c7cb0cdc25f007c1c626bde123411232b95a03942e067c7e3316ff694"
"results/elexon_operational_evidence/raw/B1610_2023-07-12.json","58409801","193a58c4ac40cd5c5ca8d5e42bd5c47ab8b7264e6ac33f34611bea9ef122ae56"
"results/elexon_operational_evidence/raw/BMU_REFERENCE_ALL_2026-09-20.json","2136117","2f99a0dc7cbfcf713bb0d58394925f548ea444dbf02212190957199a0f21c421"
"results/elexon_operational_evidence/raw/MELS_2023-01-11.json","23748443","3f73b00e8a9ba2f68261de772a6c93be1c010c0b20d7046503f01c8a495b8442"
"results/elexon_operational_evidence/raw/MELS_2023-07-12.json","24936004","18ebe1f1abb1b18c412324f84eda1c4b35f0f01ec1179245890c866455f33612"
"results/elexon_operational_evidence/raw/MILS_2023-01-11.json","22165456","1657abac7e048821611bb6b9cc1c38254f5b4497f7a6fc34db93389e852ff4d3"
"results/elexon_operational_evidence/raw/MILS_2023-07-12.json","22979698","98dec8b2b272ffbf952d73825cb0dcd17ffa8b342f03b24ac6bee6aa70d432cf"
"results/elexon_operational_evidence/raw/MNZT_2023-01-11.json","6680","1fbdd380da8fdf21133b0659e9a6fecb1d2637fbcfb5922d8a3ebd484d550c74"
"results/elexon_operational_evidence/raw/MNZT_2023-07-12.json","2828","d8cc5f7a40d07ad8fedfd9fdbf8efa006037556d4eb8f0a1fa35a9b9d18f0b3e"
"results/elexon_operational_evidence/raw/MZT_2023-01-11.json","4472","d01868f730f5159c4ce365d640d6bfcfa7c474dec60000ace9a5e54336cca993"
"results/elexon_operational_evidence/raw/MZT_2023-07-12.json","5804","eb94a04874c5d55c567a5612a1956a08ddf03046719155dd3fb3c1f6b834290e"
"results/elexon_operational_evidence/raw/PN_2023-01-11.json","17882389","2a2bb686b99757de9074457e9979a5fd926c30705303608280bc67e4b1e7aeb9"
"results/elexon_operational_evidence/raw/PN_2023-07-12.json","18771750","83e53c514514924192e7b064fb92fbbdab18cfb5f25baaf3b914fb75d683c806"
"results/elexon_operational_evidence/raw/RDRE_2023-01-11.json","2438","a6030cff95ff4d494ad09d364d13d40a038b7c8867285bb4fc0dd9f6b53169b6"
"results/elexon_operational_evidence/raw/RDRE_2023-07-12.json","4591","073a06e3dfa627eea6cbfa7681dc434d4ef3c8ded28d81b0f97fee1897d73dac"
"results/elexon_operational_evidence/raw/RURE_2023-01-11.json","18566","c198a9a20424a0f8ea03bb7560edbb0ecc417d46bccca45941b77c4dbb369cf7"
"results/elexon_operational_evidence/raw/RURE_2023-07-12.json","15533","6c6b55435c4c536250550cd716494316038740c5a7ad8fdff331cc8429b8bc7d"
"results/elexon_operational_evidence/raw/snapshots/dynamic_T_DRAXX-2_2023-01-11.json","1069","1a9ecf9308a087350a01e74dbee3d1852e55464a138c5f3c3068f482d007eaf8"
"results/elexon_operational_evidence/raw/snapshots/dynamic_T_DRAXX-2_2023-07-12.json","1069","813530061715a228ce38414c4579bd4cb8c8fa7c70f3ac0e4316f6405348f891"
"results/elexon_operational_evidence/raw/snapshots/dynamic_T_HEYM28_2023-01-11.json","253","8c1eff4a3ac95821361513bd9b9211fe88b77f59e84c06ff4cce35309fb3e49d"
"results/elexon_operational_evidence/raw/snapshots/dynamic_T_HEYM28_2023-07-12.json","250","0079ac4e6fa266fcc39a6708c9ebc3f4ac8bfb07620301cbdb4170eb656bb32f"
"results/elexon_operational_evidence/raw/snapshots/dynamic_T_HRTL-2_2023-01-11.json","253","8ea2c4e71315d78c67ec83e8aacd783f93bbbf0bd437f84a63030b661e67fe98"
"results/elexon_operational_evidence/raw/snapshots/dynamic_T_HRTL-2_2023-07-12.json","250","b35ef29abde5022741b6e852a6e69b2cf1537d43be829bf176d58d868a9da145"
"results/elexon_operational_evidence/raw/snapshots/dynamic_T_KEAD-2_2023-01-11.json","1062","bee6c1a71e2cb4c20ab1a4fa6c60fdce3d22c0609741c57893a2088441ad3eb1"
"results/elexon_operational_evidence/raw/snapshots/dynamic_T_KEAD-2_2023-07-12.json","1058","4ddbff19c09f7876366900d2e6156ab55670cd60de455dddf6db3272ce96ede5"
"results/elexon_operational_evidence/raw/snapshots/dynamic_T_LBAR-1_2023-01-11.json","1060","dec1339860d83abe497070cbd36f27bc72152bcc003fea3a9c557179fa41e913"
"results/elexon_operational_evidence/raw/snapshots/dynamic_T_LBAR-1_2023-07-12.json","1059","1eeadf4f61221ee511005eec495d851bbdeedac195673143d82087961d0d3c26"
"results/elexon_operational_evidence/raw/snapshots/dynamic_T_PEMB-11_2023-01-11.json","1071","1144d67343a6bf73ecbb17aceca04ee04da9d22837e4691d052dde1cfbea01eb"
"results/elexon_operational_evidence/raw/snapshots/dynamic_T_PEMB-11_2023-07-12.json","1071","2747da6619a22b9e03e52e669faddb84edcbf4477ca7d5fbe6da54181d038009"
"results/elexon_operational_evidence/raw/snapshots/dynamic_T_PEMB-41_2023-01-11.json","1071","745ce5a3e0e9e0d5ea522c92eef53883c81525378196a1bf24fd89025903c983"
"results/elexon_operational_evidence/raw/snapshots/dynamic_T_PEMB-41_2023-07-12.json","1071","c306bcce38e0b60f2cb7c7cb49d7d0902a2e747aa147110e1f14ad042bb6cd8a"
"results/elexon_operational_evidence/raw/snapshots/dynamic_T_SHBA-1_2023-01-11.json","1058","256a738db5773f1e1d57c8750efebaa542bb4edf71656df71795c9ade428e113"
"results/elexon_operational_evidence/raw/snapshots/dynamic_T_SHBA-1_2023-07-12.json","1058","c83d9e93fbfd239826d77cef54e188dff5cfdf3e299f546930ba140c939ca2aa"
"results/elexon_operational_evidence/raw/snapshots/dynamic_T_SPLN-1_2023-01-11.json","739","100b0b8f149c2479e27770d03e960c554b93e9a5e00d0354d263c4153cd8d54d"
"results/elexon_operational_evidence/raw/snapshots/dynamic_T_SPLN-1_2023-07-12.json","739","bf21fc07a0e004a063088d8a6f66bd41e5967b264b9ac9de24f21ff92d4604cb"
"results/elexon_operational_evidence/raw/snapshots/dynamic_T_STAY-1_2023-01-11.json","1057","73fbbf2e1df96167864938da0945d2216aebb592986f450f4ba3a87424a03446"
"results/elexon_operational_evidence/raw/snapshots/dynamic_T_STAY-1_2023-07-12.json","1059","495608d47d9e40610b52fc1c2b7d0c507be6cd40a215fb88633adedeae4da21b"
"results/elexon_operational_evidence/raw/snapshots/dynamic_T_STAY-3_2023-01-11.json","1057","9dcd4e588a5940ce6057e52dc889530b5e5b93bd2ba0fa7f648208384e6e6435"
"results/elexon_operational_evidence/raw/snapshots/dynamic_T_STAY-3_2023-07-12.json","1059","feb3f92875cae9d233f92e6d6b0d9276f4bda22954436b7dc915622b79fcc5c7"
"results/elexon_operational_evidence/raw/snapshots/dynamic_T_TORN-2_2023-01-11.json","253","2281972cc8a07ee7cbf5a70a2d3f6051bb595ebc5531c3472a8835248e77ed23"
"results/elexon_operational_evidence/raw/snapshots/dynamic_T_TORN-2_2023-07-12.json","253","2281972cc8a07ee7cbf5a70a2d3f6051bb595ebc5531c3472a8835248e77ed23"
"results/elexon_operational_evidence/raw/snapshots/rates_T_DRAXX-2_2023-01-11.json","507","5613daabb279807c410efef64c72cf1e3dd1253e88b7855075c59190ec910e3a"
"results/elexon_operational_evidence/raw/snapshots/rates_T_DRAXX-2_2023-07-12.json","507","8c385bbf67e65e95611876d0ba045eaca24d1455de3eb53c5198b43ded3e8b05"
"results/elexon_operational_evidence/raw/snapshots/rates_T_HEYM28_2023-01-11.json","65","a4eab621f3c594c4eafcc92ae54bd0ade11ef83a0380241f025e91e1e1a3422f"
"results/elexon_operational_evidence/raw/snapshots/rates_T_HEYM28_2023-07-12.json","65","a4eab621f3c594c4eafcc92ae54bd0ade11ef83a0380241f025e91e1e1a3422f"
"results/elexon_operational_evidence/raw/snapshots/rates_T_HRTL-2_2023-01-11.json","65","a4eab621f3c594c4eafcc92ae54bd0ade11ef83a0380241f025e91e1e1a3422f"
"results/elexon_operational_evidence/raw/snapshots/rates_T_HRTL-2_2023-07-12.json","65","a4eab621f3c594c4eafcc92ae54bd0ade11ef83a0380241f025e91e1e1a3422f"
"results/elexon_operational_evidence/raw/snapshots/rates_T_KEAD-2_2023-01-11.json","502","bbad8d4e400525e479259a37f3112cc6d5da3cb9745f8b7a601826705b5adfe5"
"results/elexon_operational_evidence/raw/snapshots/rates_T_KEAD-2_2023-07-12.json","501","3017db178d0cae8862a7ff0d6e96c0fc29a90cd4d71d1fb9fc75e58509db0227"
"results/elexon_operational_evidence/raw/snapshots/rates_T_LBAR-1_2023-01-11.json","502","ac52deb7edc79c58f1253d2038e4cf2442a228f4ecd642fa1a5be1ab93eb01af"
"results/elexon_operational_evidence/raw/snapshots/rates_T_LBAR-1_2023-07-12.json","502","021abdcab90aab5b8c19d229ccdfb1379860b45d38ff33f318697e4e03fca889"
"results/elexon_operational_evidence/raw/snapshots/rates_T_PEMB-11_2023-01-11.json","503","ba60a2080f476db9322937a5a354450ced99d3cceb23a17ce768fdb4f18afc40"
"results/elexon_operational_evidence/raw/snapshots/rates_T_PEMB-11_2023-07-12.json","506","44852127d52f8f9b6a208e3f3b4e890cc49091e4bdfbfff372f7baa9a22d3e4e"
"results/elexon_operational_evidence/raw/snapshots/rates_T_PEMB-41_2023-01-11.json","504","f8951f778205234ab3a340bdf54631f74989a30bdd3079d9ff0d9a9bf19f77ba"
"results/elexon_operational_evidence/raw/snapshots/rates_T_PEMB-41_2023-07-12.json","506","0db0482e387a7cceb938790797fa89854bc0b508b0177811793dd0926d2d388f"
"results/elexon_operational_evidence/raw/snapshots/rates_T_SHBA-1_2023-01-11.json","501","1154c8023ae2f845548b3c039ebcb41b2f01db86b994033626191fe8dda7d9a2"
"results/elexon_operational_evidence/raw/snapshots/rates_T_SHBA-1_2023-07-12.json","501","d055dac5d8f51adf2c19731540f49f6baeaed9587c15d1a949c8602e9257e3fe"
"results/elexon_operational_evidence/raw/snapshots/rates_T_SPLN-1_2023-01-11.json","501","7bb0a0e0897a8e240f8cc87eaa036829980b72df1e5a2697462ff1be7c2fe974"
"results/elexon_operational_evidence/raw/snapshots/rates_T_SPLN-1_2023-07-12.json","500","223f19c0918c8274002eae7611cac2a0edbd81b50fd8d2e77ec698e2693f2883"
"results/elexon_operational_evidence/raw/snapshots/rates_T_STAY-1_2023-01-11.json","499","8e7c1b429d409ea3bd02e6994183e3bec93685dde035e3da6473f43e127345b8"
"results/elexon_operational_evidence/raw/snapshots/rates_T_STAY-1_2023-07-12.json","502","0af2ccabf663afd77c994809d0f94ee08399d6df15eac9a98cd84a6eb59035bb"
"results/elexon_operational_evidence/raw/snapshots/rates_T_STAY-3_2023-01-11.json","499","41d14c1f51ecf1c22e8b79b56cfc4b15aa8ffb848abaa6317d432903dbe69346"
"results/elexon_operational_evidence/raw/snapshots/rates_T_STAY-3_2023-07-12.json","502","024378e03934081b3658064366989dee3d8dc8e5bfdbfb7c48f97d7780967228"
"results/elexon_operational_evidence/raw/snapshots/rates_T_TORN-2_2023-01-11.json","65","a4eab621f3c594c4eafcc92ae54bd0ade11ef83a0380241f025e91e1e1a3422f"
"results/elexon_operational_evidence/raw/snapshots/rates_T_TORN-2_2023-07-12.json","65","a4eab621f3c594c4eafcc92ae54bd0ade11ef83a0380241f025e91e1e1a3422f"
"results/elexon_operational_evidence/SOURCE_QUERY_REGISTER.md","1097","7fa85c4a32315ea20f8c3bb73de458c0b383386f96d0ea0bb8622195265ec3c2"
"results/gb_replication/CLAIM_BOUNDARY.md","745","f9ad1fe0050c2286cdaaed7ec15ec7d7f8d5790b5f0126739080143a4387fb22"
"results/gb_replication/command_log.txt","88739","833258ed5e487a810dd486bf885c7e7f536ee09eed82fe7f7495c4fa05dd7896"
"results/gb_replication/cutout_lock.json","200","e20641cc536b9ff37aa635a3f20330be4a9a9c4ef0cc860acde655aa65381a86"
"results/gb_replication/environment.json","183","3395e23fb83006076a633442c723d1fd8d881b79e6a12618d3ac52d7d6895c06"
"results/gb_replication/gb_coordinate_universe_sensitivity.csv","276","60ff75b3686b453f65100a85dd841368bc4586157c3c9160de875efc5c07eb2e"
"results/gb_replication/gb_hour_conditioned_matching.csv","11466","433cdbfdb77818c22021d9ddf1e8fae2f54835b579a1b50e04b4d61990554022"
"results/gb_replication/gb_internal_generation_replication_metrics.csv","369","7e78ba619bad77d0cd432627ed7404c83c8a1fefaeb56e08ca0a4ea081f7c239"
"results/gb_replication/gb_internal_generation_replication_metrics.json","1626","f9bbe75eda011665cf2f410345342ce86a710fdd1f9021dd326a7f064213d359"
"results/gb_replication/gb_replication_metrics.csv","209","ebce3290cfaac9e8e907991b8cf6d1203808f5d53579d556eb00e2176d8a58ac"
"results/gb_replication/gb_replication_metrics.json","1798","fd8a7aa9d261f3609377a5824c027efcdc32e44f920abefaf8e0fe3f916fbf38"
"results/gb_replication/january_generator_dispatch.csv","3879339","c81a51fe0d397e2d8c8aaed17fb29228eeb86da92207584804f7b1eb7893b7e6"
"results/gb_replication/january_generator_metadata.csv","180114","fa0ea534fb7f0eedf274ab7d41181fd2364ba1f5d11be350e09412f91c8927a5"
"results/gb_replication/july_generator_dispatch.csv","4613760","92877ce89785f129e1bdf7d7b0e3dcbe8e596d2d6933dfde37e70a9bb4f9137c"
"results/gb_replication/july_generator_metadata.csv","181569","a5fc432d4012638cdfe50797183e129be134fef836738663858c6ef2561214ec"
"results/gb_replication/mean_coordinate_changes.csv","238099","da20e3c7f852e1b15d8650b217dc4ee6057cdf162e7c6000c115bbc56fad4992"
"results/gb_replication/optimal_transport_matching.csv","4256","bd5fd3ccae4bc6f30461711f3e42acd4a85acaba05a0cc5dc7034996ff20c34c"
"results/gb_replication/RUN_LOG.txt","3308","b2663c8454401d16152cd1624813771cfab1a83a1d7e98f663244784c37426fe"
"results/gb_replication/runtime_compatibility_patch.json","526","3f72667d64f8c1954d2a1c6fa632ef40f7b2cf034bf2005f9ce6cf230935c0a7"
"results/gb_replication/scenario_freeze.yaml","716","c5fede23582a37a9c64954bb36d2cc0c67cba76cd765dbec4f2f8ab46457b86c"
"results/gb_replication/source_lock.json","98","b7eef870d5a5553e404d3ec738fd0087b9a619583dd99f4801319756ec328230"
"results/network_milp_v8/inputs/network_best_u_repair_dispatch.csv","34668","81dabd9bf7a17a7c157c2483e0ffb31853182cc96c3427bd34d743df5f1ac28a"
"results/network_milp_v8/inputs/network_best_u_repair_mean.csv","3485","928b803c98e1af4728515c73b13138c6fd49030a6f1dfae618df24ca4317fe93"
"results/network_milp_v8/inputs/network_cd_best_commitment.csv","8315","c115d407e5a98ff1d99b8b4e5de93590891a0841970b2878820f2d2dac6e3c72"
"results/network_milp_v8/solver/highs_warm_start_log.txt","6656","e2cfdd7e676be4315d81a215b66e8da376f811e67a4b9a70872e1bb97d8af54e"
"results/network_milp_v8/solver/model_summary.json","606","983bc095eeb59d1579debb3d0e7650daa229e0a74fac17c6e925e06c79d52c15"
"results/network_milp_v8/solver/network_milp_highspy_result.json","647","007a52951c503d297caf8030e2e63f705887263a090884f0b2bd918c7689312a"
"results/network_milp_v8/solver/network_milp_warm_commitment.csv","8484","d0baca56221f249076e11dbf26d49c8418ff189b27e44ef4fe5a5ad805cfa449"
"results/network_milp_v8/solver/network_milp_warm_dispatch.csv","53285","2dc4145adadf1a76bdf89f9de549288336ecfecb83cfbc2a179e99019da9148c"
"results/network_milp_v8/solver/network_milp_warm_mean.csv","3654","a4e1c90ae23c69ddfbef0ece02d9630771f76bbe7c5e4cef43530561937aca73"
"results/network_repair/network_fixed_commitment.csv","8315","c115d407e5a98ff1d99b8b4e5de93590891a0841970b2878820f2d2dac6e3c72"
"results/network_repair/network_repair_dispatch.csv","34668","81dabd9bf7a17a7c157c2483e0ffb31853182cc96c3427bd34d743df5f1ac28a"
"results/network_repair/network_repair_lp_result.json","253","cc04f1520b0d798efce5db69a00356745bb87538cea5e8e2e27b2e7bbe574518"
"results/network_repair/network_repair_mean.csv","3485","928b803c98e1af4728515c73b13138c6fd49030a6f1dfae618df24ca4317fe93"
"results/network_repair/network_repair_witness_verification.json","517","6348fca9a4ae3d27189767bd43b85de64416b8c0df5d0c1780b72cad05d882f6"
"results/pypsa_gb_chronology_audit/pypsa_gb_chronology_gate.json","328","5cf1231a39f5eef344a810cc7ccd0ff72aa70bf118503ab6c390c110cb1b71a3"
"results/pypsa_gb_chronology_audit/pypsa_gb_chronology_parameter_audit.csv","181","6c3675d33e0664f64ce25bd0f144c88c02995fd913e0324e6608c15bdb209d71"
"results/reproduction_ac_fixed/ac_projection_generator_corrections.csv","396966","9319288d5668eab008c37db4d34e5d2edaeb2477d65d3857616e46ef74e6ee9e"
"results/reproduction_ac_fixed/ac_projection_results.csv","42428","03c4afd0705a217f5a8153f73523023b4ccf8638bf87b8c087fbfd76ef40eaa4"
"results/reproduction_ac_fixed/ac_projection_summary.csv","916","dffd03299d6e3600b8fda2263b543a3e21a7702bac2c79ab9eebb4f51a6e61b3"
"results/reproduction_ac_fixed/ac_projection_summary.json","3052","78ecea0aa4490538ae470861b9ec031c75f8cafb9b5bd0469242ff6b7d20c70c"
"results/reproduction_ac_shared/ac_projection_generator_corrections.csv","283847","c4c3e8a0eaaf3eb9d45e055be3eae8543873d8ac1dba5080893d0d1dcaf95c80"
"results/reproduction_ac_shared/ac_projection_results.csv","33364","efc7634c440d902d79a88c295010421f7a68c0f964ec0c64375703b903a9eeff"
"results/reproduction_ac_shared/ac_projection_summary.csv","533","217b035d8bc1b8afa7d41d896ed49cd73d8eecb66e6f17a00d1765227429943c"
"results/reproduction_ac_shared/ac_projection_summary.json","2011","c3e6bfce708033f99f6e988d6e9f882f3ce79fafea37ed7bba742d634e561a3f"
"results/reproduction_network_repair/network_repair_dispatch.csv","34668","81dabd9bf7a17a7c157c2483e0ffb31853182cc96c3427bd34d743df5f1ac28a"
"results/reproduction_network_repair/network_repair_lp_result.json","514","aeb7e4e9fe12e20cfca48da2a786a9647615285fe7b8f3860ffe3e90d43a319e"
"results/reproduction_network_repair/network_repair_mean.csv","3485","928b803c98e1af4728515c73b13138c6fd49030a6f1dfae618df24ca4317fe93"
"results/reproduction/native_minud_independent.csv","397","f26c7d5152eeac79eb41a370ad78da47f629e0063270a83700cfdcfe8b7232ab"
"results/reproduction/native_ramp_witness_audit.csv","218729","ac284352b3a6711813218c669d26de8da14f8d356f5f0c71b6f4282085b16941"
"results/reproduction/native_ramp_witness_summary.json","568","581b2fc845b1d665320d24694572043b4d9d8c554422b8ee4fa686e8649e584b"
"results/v8_execution_environment.json","396","0e17ce56b86ac58d0b51e61e73d37b1a7165442258e0591ab37ccb6f3d5685db"
"STATUS_LOCK.md","2133","a7041e0db28559009c595ca21ac9c8a41eba3a1d3e1028ccdc6fc7bef226fcd8"
"supplement/DSC_Grid_V8_Supplementary_Material.pdf","234604","ad00419f81e581aa42870d486ce97346dc009fb74a7a373889e19e248503d327"
"supplement/source/supp_references.tex","2696","75438dcb4452d930866d6254119c82d2d57d739a3644cf3eea83d3784f9a6964"
"supplement/source/supplement.tex","21743","5de4e73e7d7b58afb1ef80c20bc1b45d86692dfa895935be89ad253f2a2765ac"
"upstream_lock/DSC_Grid_V4_ConvexSupportPolyhedralCertificate_FULL_PACKAGE.zip","3351298","f95505a48eef604be907fe1ad23412efd35c2fcd13d51dfde828bccdcae8aaa3"
"upstream_lock/LOCKED_BASELINES.md","918","39166693be1bd865a0d2c727c83286e4681c3d9d3ba2abb5c3a240d57be65ac4"
"upstream_lock/V3/code/__pycache__/dscgrid_model.cpython-312.pyc","12438","14853747fa85c9b53bb621ea3d5d06dbd6f1c2a7978d8a856e38389bf4018f62"
"upstream_lock/V3/code/__pycache__/dscgrid_model.cpython-313.pyc","12208","c25269ba5571a89b5a7022e38c693a5570580ed131f7dbdd1ad20902a5d7398f"
"upstream_lock/V3/code/dscgrid_model.py","5694","01d3e67440b1380b62ed68da07e61ac6895b930ada583ffa8af09a370850be78"
"upstream_lock/V3/processed/month_03_first_week_dispatch.csv","62551","aaa0a82e82c512a54ec6f89afa4e00656aa7cf660d9f9929ad9c0493479f5dc8"
"upstream_lock/V3/processed/month_03_first_week_hourly_summary.csv","19261","7d98b0626e1bd14c30c562d5de715a1c06cc62250b438dee9aa6921fc0a54287"
"upstream_lock/V3/processed/month_07_first_week_dispatch.csv","61483","5b16ff77d70404dc131402ec7ee0fabae32f7ab8c560b9557188f65a480ed42e"
"upstream_lock/V3/processed/month_07_first_week_hourly_summary.csv","18848","ddc87cd598a5000e964476ddde86e9f76152daa29b43e6ac2cfbf53737ab9a03"
"upstream_lock/V3/raw/RTS-GMLC_v0.2.3/branch.csv","7142","e92d16d13b1c5d2899f7871c0c99c3eb94605528beef157bf9e1ccbcffe5ef4e"
"upstream_lock/V3/raw/RTS-GMLC_v0.2.3/bus.csv","7003","cec3f776222812d43eaeaf7ac85b577719dc565f354a04e120c12a647ddb710e"
"upstream_lock/V3/raw/RTS-GMLC_v0.2.3/gen.csv","32451","988466f29132b73739de60c9204dd4a2a9ceb0adf572e5966c086611272f4068"
"upstream_lock/V3/raw/RTS-GMLC_v0.2.3/README_SourceData.md","16598","f0d8963335862faf6608144bf81aa8027241d669dd52aba0960501f374ef9ae3"
"upstream_lock/V3/raw/RTS-GMLC_v0.2.3/README.md","4778","9643002ac6b0d0eb85351c8477a3155ec082fd0583a17fb20b9756bc17ecba63"
"upstream_lock/V3/raw/RTS-GMLC_v0.2.3/timeseries_data_files/Hydro/DAY_AHEAD_hydro.csv","934239","4030660920df850138472c5561322c71e5037813c8e3232d3f9bde512a40606d"
"upstream_lock/V3/raw/RTS-GMLC_v0.2.3/timeseries_data_files/Load/DAY_AHEAD_regional_Load.csv","423702","7a9470d32d49068a91334cb36db54cceb2feb5cb1f702b0fa0847af8bac6cf21"
"upstream_lock/V3/raw/RTS-GMLC_v0.2.3/timeseries_data_files/PV/DAY_AHEAD_pv.csv","842651","bfede6e558df5ea0f244b6326940a4ee0b95138643aa8a062897c67134c9c185"
"upstream_lock/V3/raw/RTS-GMLC_v0.2.3/timeseries_data_files/RTPV/DAY_AHEAD_rtpv.csv","935828","13a6933c2e0a513e1a453143876dadef6977e6add7701a21f56fe6a753afce42"
"upstream_lock/V3/raw/RTS-GMLC_v0.2.3/timeseries_data_files/WIND/DAY_AHEAD_wind.csv","279519","6a1a8dc7d10a518523b3b319902ecc1ca1c400223832b26c6edb3a6e69d01dbc"
"VERSION_SUMMARY.md","1958","2012d09975527dfc6bc3864549be2b03916734ebbe821d8d69423cc90cd020a1"
